Determining if the environ exist failed with the following output:
Change Dir: /data/marg/abhishek/CoMeT/benchmarks/parsec/parsec-2.1/pkgs/tools/cmake/obj/amd64-linux.gcc-sniper/CMakeFiles/CMakeTmp

Run Build Command:/usr/bin/make "cmTryCompileExec/fast"
make[2]: Entering directory '/data/marg/abhishek/CoMeT/benchmarks/parsec/parsec-2.1/pkgs/tools/cmake/obj/amd64-linux.gcc-sniper/CMakeFiles/CMakeTmp'
/usr/bin/make -f CMakeFiles/cmTryCompileExec.dir/build.make CMakeFiles/cmTryCompileExec.dir/build
make[3]: Entering directory '/data/marg/abhishek/CoMeT/benchmarks/parsec/parsec-2.1/pkgs/tools/cmake/obj/amd64-linux.gcc-sniper/CMakeFiles/CMakeTmp'
/data/marg/abhishek/CoMeT/benchmarks/parsec/parsec-2.1/pkgs/tools/cmake/obj/amd64-linux.gcc-sniper/Bootstrap.cmk/cmake -E cmake_progress_report /data/marg/abhishek/CoMeT/benchmarks/parsec/parsec-2.1/pkgs/tools/cmake/obj/amd64-linux.gcc-sniper/CMakeFiles/CMakeTmp/CMakeFiles 1
Building C object CMakeFiles/cmTryCompileExec.dir/CheckSymbolExists.c.o
/usr/bin/gcc   -O3 -funroll-loops -fprefetch-loop-arrays -static-libgcc -Wl,--hash-style=both,--as-needed -DPARSEC_VERSION=2.1 -DENABLE_PARSEC_HOOKS -I/data/marg/abhishek/CoMeT/benchmarks/parsec/parsec-2.1/pkgs/libs/hooks/inst/amd64-linux.gcc-sniper/include -I/data/marg/abhishek/CoMeT/benchmarks/tools/hooks -I/data/marg/abhishek/CoMeT/include -DENABLE_PARMACS      -o CMakeFiles/cmTryCompileExec.dir/CheckSymbolExists.c.o   -c /data/marg/abhishek/CoMeT/benchmarks/parsec/parsec-2.1/pkgs/tools/cmake/obj/amd64-linux.gcc-sniper/CMakeFiles/CMakeTmp/CheckSymbolExists.c
/data/marg/abhishek/CoMeT/benchmarks/parsec/parsec-2.1/pkgs/tools/cmake/obj/amd64-linux.gcc-sniper/CMakeFiles/CMakeTmp/CheckSymbolExists.c: In function ‘main’:
/data/marg/abhishek/CoMeT/benchmarks/parsec/parsec-2.1/pkgs/tools/cmake/obj/amd64-linux.gcc-sniper/CMakeFiles/CMakeTmp/CheckSymbolExists.c:8:25: error: ‘environ’ undeclared (first use in this function)
    8 |   cmakeRequireSymbol(0,&environ);
      |                         ^~~~~~~
/data/marg/abhishek/CoMeT/benchmarks/parsec/parsec-2.1/pkgs/tools/cmake/obj/amd64-linux.gcc-sniper/CMakeFiles/CMakeTmp/CheckSymbolExists.c:8:25: note: each undeclared identifier is reported only once for each function it appears in
make[3]: *** [CMakeFiles/cmTryCompileExec.dir/build.make:56: CMakeFiles/cmTryCompileExec.dir/CheckSymbolExists.c.o] Error 1
make[3]: Leaving directory '/data/marg/abhishek/CoMeT/benchmarks/parsec/parsec-2.1/pkgs/tools/cmake/obj/amd64-linux.gcc-sniper/CMakeFiles/CMakeTmp'
make[2]: *** [Makefile:111: cmTryCompileExec/fast] Error 2
make[2]: Leaving directory '/data/marg/abhishek/CoMeT/benchmarks/parsec/parsec-2.1/pkgs/tools/cmake/obj/amd64-linux.gcc-sniper/CMakeFiles/CMakeTmp'

File /data/marg/abhishek/CoMeT/benchmarks/parsec/parsec-2.1/pkgs/tools/cmake/obj/amd64-linux.gcc-sniper/CMakeFiles/CMakeTmp/CheckSymbolExists.c:
/* */
#include <stdlib.h>

void cmakeRequireSymbol(int dummy,...){(void)dummy;}
int main()
{
#ifndef environ
  cmakeRequireSymbol(0,&environ);
#endif
  return 0;
}

Checking for non-standard argument to stl allocator<>::max_size failed to compile with the following output:
Change Dir: /data/marg/abhishek/CoMeT/benchmarks/parsec/parsec-2.1/pkgs/tools/cmake/obj/amd64-linux.gcc-sniper/Source/kwsys/CMakeFiles/CMakeTmp

Run Build Command:/usr/bin/make "cmTryCompileExec/fast"
make[2]: Entering directory '/data/marg/abhishek/CoMeT/benchmarks/parsec/parsec-2.1/pkgs/tools/cmake/obj/amd64-linux.gcc-sniper/Source/kwsys/CMakeFiles/CMakeTmp'
/usr/bin/make -f CMakeFiles/cmTryCompileExec.dir/build.make CMakeFiles/cmTryCompileExec.dir/build
make[3]: Entering directory '/data/marg/abhishek/CoMeT/benchmarks/parsec/parsec-2.1/pkgs/tools/cmake/obj/amd64-linux.gcc-sniper/Source/kwsys/CMakeFiles/CMakeTmp'
/data/marg/abhishek/CoMeT/benchmarks/parsec/parsec-2.1/pkgs/tools/cmake/obj/amd64-linux.gcc-sniper/Bootstrap.cmk/cmake -E cmake_progress_report /data/marg/abhishek/CoMeT/benchmarks/parsec/parsec-2.1/pkgs/tools/cmake/obj/amd64-linux.gcc-sniper/Source/kwsys/CMakeFiles/CMakeTmp/CMakeFiles 1
Building CXX object CMakeFiles/cmTryCompileExec.dir/kwsysPlatformTestsCXX.cxx.o
/usr/bin/g++   -DTEST_KWSYS_STL_HAS_ALLOCATOR_MAX_SIZE_ARGUMENT -DKWSYS_STL_HAVE_STD=1 -O3 -funroll-loops -fprefetch-loop-arrays -fpermissive -fno-exceptions -static-libgcc -Wl,--hash-style=both,--as-needed -DPARSEC_VERSION=2.1 -DENABLE_PARSEC_HOOKS -I/data/marg/abhishek/CoMeT/benchmarks/parsec/parsec-2.1/pkgs/libs/hooks/inst/amd64-linux.gcc-sniper/include -I/data/marg/abhishek/CoMeT/benchmarks/tools/hooks -I/data/marg/abhishek/CoMeT/include -std=gnu++98 -std=gnu++98 -fexceptions      -o CMakeFiles/cmTryCompileExec.dir/kwsysPlatformTestsCXX.cxx.o -c /data/marg/abhishek/CoMeT/benchmarks/parsec/parsec-2.1/pkgs/tools/cmake/src/Source/kwsys/kwsysPlatformTestsCXX.cxx
/data/marg/abhishek/CoMeT/benchmarks/parsec/parsec-2.1/pkgs/tools/cmake/src/Source/kwsys/kwsysPlatformTestsCXX.cxx: In function ‘void f(const std::allocator<char>&)’:
/data/marg/abhishek/CoMeT/benchmarks/parsec/parsec-2.1/pkgs/tools/cmake/src/Source/kwsys/kwsysPlatformTestsCXX.cxx:222:25: error: no matching function for call to ‘std::allocator<char>::max_size(long unsigned int) const’
  222 |   a.max_size(sizeof(int));
      |                         ^
In file included from /usr/include/x86_64-linux-gnu/c++/9/bits/c++allocator.h:33,
                 from /usr/include/c++/9/bits/allocator.h:46,
                 from /usr/include/c++/9/memory:63,
                 from /data/marg/abhishek/CoMeT/benchmarks/parsec/parsec-2.1/pkgs/tools/cmake/src/Source/kwsys/kwsysPlatformTestsCXX.cxx:219:
/usr/include/c++/9/ext/new_allocator.h:132:7: note: candidate: ‘__gnu_cxx::new_allocator<_Tp>::size_type __gnu_cxx::new_allocator<_Tp>::max_size() const [with _Tp = char; __gnu_cxx::new_allocator<_Tp>::size_type = long unsigned int]’
  132 |       max_size() const _GLIBCXX_USE_NOEXCEPT
      |       ^~~~~~~~
/usr/include/c++/9/ext/new_allocator.h:132:7: note:   candidate expects 0 arguments, 1 provided
make[3]: Leaving directory '/data/marg/abhishek/CoMeT/benchmarks/parsec/parsec-2.1/pkgs/tools/cmake/obj/amd64-linux.gcc-sniper/Source/kwsys/CMakeFiles/CMakeTmp'
make[3]: *** [CMakeFiles/cmTryCompileExec.dir/build.make:56: CMakeFiles/cmTryCompileExec.dir/kwsysPlatformTestsCXX.cxx.o] Error 1
make[2]: *** [Makefile:111: cmTryCompileExec/fast] Error 2
make[2]: Leaving directory '/data/marg/abhishek/CoMeT/benchmarks/parsec/parsec-2.1/pkgs/tools/cmake/obj/amd64-linux.gcc-sniper/Source/kwsys/CMakeFiles/CMakeTmp'


Checking whether "<>" is needed for template friends failed to compile with the following output:
Change Dir: /data/marg/abhishek/CoMeT/benchmarks/parsec/parsec-2.1/pkgs/tools/cmake/obj/amd64-linux.gcc-sniper/Source/kwsys/CMakeFiles/CMakeTmp

Run Build Command:/usr/bin/make "cmTryCompileExec/fast"
make[2]: Entering directory '/data/marg/abhishek/CoMeT/benchmarks/parsec/parsec-2.1/pkgs/tools/cmake/obj/amd64-linux.gcc-sniper/Source/kwsys/CMakeFiles/CMakeTmp'
/usr/bin/make -f CMakeFiles/cmTryCompileExec.dir/build.make CMakeFiles/cmTryCompileExec.dir/build
make[3]: Entering directory '/data/marg/abhishek/CoMeT/benchmarks/parsec/parsec-2.1/pkgs/tools/cmake/obj/amd64-linux.gcc-sniper/Source/kwsys/CMakeFiles/CMakeTmp'
/data/marg/abhishek/CoMeT/benchmarks/parsec/parsec-2.1/pkgs/tools/cmake/obj/amd64-linux.gcc-sniper/Bootstrap.cmk/cmake -E cmake_progress_report /data/marg/abhishek/CoMeT/benchmarks/parsec/parsec-2.1/pkgs/tools/cmake/obj/amd64-linux.gcc-sniper/Source/kwsys/CMakeFiles/CMakeTmp/CMakeFiles 1
Building CXX object CMakeFiles/cmTryCompileExec.dir/kwsysPlatformTestsCXX.cxx.o
/usr/bin/g++   -DTEST_KWSYS_CXX_HAS_NULL_TEMPLATE_ARGS -O3 -funroll-loops -fprefetch-loop-arrays -fpermissive -fno-exceptions -static-libgcc -Wl,--hash-style=both,--as-needed -DPARSEC_VERSION=2.1 -DENABLE_PARSEC_HOOKS -I/data/marg/abhishek/CoMeT/benchmarks/parsec/parsec-2.1/pkgs/libs/hooks/inst/amd64-linux.gcc-sniper/include -I/data/marg/abhishek/CoMeT/benchmarks/tools/hooks -I/data/marg/abhishek/CoMeT/include -std=gnu++98 -std=gnu++98 -fexceptions      -o CMakeFiles/cmTryCompileExec.dir/kwsysPlatformTestsCXX.cxx.o -c /data/marg/abhishek/CoMeT/benchmarks/parsec/parsec-2.1/pkgs/tools/cmake/src/Source/kwsys/kwsysPlatformTestsCXX.cxx
/data/marg/abhishek/CoMeT/benchmarks/parsec/parsec-2.1/pkgs/tools/cmake/src/Source/kwsys/kwsysPlatformTestsCXX.cxx:107:21: warning: friend declaration ‘int f(A<T>&)’ declares a non-template function [-Wnon-template-friend]
  107 |   friend int f(A<T>&);
      |                     ^
/data/marg/abhishek/CoMeT/benchmarks/parsec/parsec-2.1/pkgs/tools/cmake/src/Source/kwsys/kwsysPlatformTestsCXX.cxx:107:21: note: (if this is not what you intended, make sure the function template has already been declared and add <> after the function name here) 
/data/marg/abhishek/CoMeT/benchmarks/parsec/parsec-2.1/pkgs/tools/cmake/src/Source/kwsys/kwsysPlatformTestsCXX.cxx: In instantiation of ‘int f(A<T>&) [with T = int]’:
/data/marg/abhishek/CoMeT/benchmarks/parsec/parsec-2.1/pkgs/tools/cmake/src/Source/kwsys/kwsysPlatformTestsCXX.cxx:113:23:   required from here
/data/marg/abhishek/CoMeT/benchmarks/parsec/parsec-2.1/pkgs/tools/cmake/src/Source/kwsys/kwsysPlatformTestsCXX.cxx:112:46: error: ‘int A<int>::x’ is private within this context
  112 | template <class T> int f(A<T>& a) { return a.x = 0; }
      |                                            ~~^
/data/marg/abhishek/CoMeT/benchmarks/parsec/parsec-2.1/pkgs/tools/cmake/src/Source/kwsys/kwsysPlatformTestsCXX.cxx:109:7: note: declared private here
  109 |   int x;
      |       ^
make[3]: Leaving directory '/data/marg/abhishek/CoMeT/benchmarks/parsec/parsec-2.1/pkgs/tools/cmake/obj/amd64-linux.gcc-sniper/Source/kwsys/CMakeFiles/CMakeTmp'
make[3]: *** [CMakeFiles/cmTryCompileExec.dir/build.make:56: CMakeFiles/cmTryCompileExec.dir/kwsysPlatformTestsCXX.cxx.o] Error 1
make[2]: *** [Makefile:111: cmTryCompileExec/fast] Error 2
make[2]: Leaving directory '/data/marg/abhishek/CoMeT/benchmarks/parsec/parsec-2.1/pkgs/tools/cmake/obj/amd64-linux.gcc-sniper/Source/kwsys/CMakeFiles/CMakeTmp'


Determining size of __int64 failed with the following output:
Change Dir: /data/marg/abhishek/CoMeT/benchmarks/parsec/parsec-2.1/pkgs/tools/cmake/obj/amd64-linux.gcc-sniper/CMakeFiles/CMakeTmp

Run Build Command:/usr/bin/make "cmTryCompileExec/fast"
make[2]: Entering directory '/data/marg/abhishek/CoMeT/benchmarks/parsec/parsec-2.1/pkgs/tools/cmake/obj/amd64-linux.gcc-sniper/CMakeFiles/CMakeTmp'
/usr/bin/make -f CMakeFiles/cmTryCompileExec.dir/build.make CMakeFiles/cmTryCompileExec.dir/build
make[3]: Entering directory '/data/marg/abhishek/CoMeT/benchmarks/parsec/parsec-2.1/pkgs/tools/cmake/obj/amd64-linux.gcc-sniper/CMakeFiles/CMakeTmp'
/data/marg/abhishek/CoMeT/benchmarks/parsec/parsec-2.1/pkgs/tools/cmake/obj/amd64-linux.gcc-sniper/Bootstrap.cmk/cmake -E cmake_progress_report /data/marg/abhishek/CoMeT/benchmarks/parsec/parsec-2.1/pkgs/tools/cmake/obj/amd64-linux.gcc-sniper/CMakeFiles/CMakeTmp/CMakeFiles 1
Building C object CMakeFiles/cmTryCompileExec.dir/CheckTypeSizeC.c.o
/usr/bin/gcc   -O3 -funroll-loops -fprefetch-loop-arrays -static-libgcc -Wl,--hash-style=both,--as-needed -DPARSEC_VERSION=2.1 -DENABLE_PARSEC_HOOKS -I/data/marg/abhishek/CoMeT/benchmarks/parsec/parsec-2.1/pkgs/libs/hooks/inst/amd64-linux.gcc-sniper/include -I/data/marg/abhishek/CoMeT/benchmarks/tools/hooks -I/data/marg/abhishek/CoMeT/include -DENABLE_PARMACS    -DHAVE_SYS_TYPES_H -DHAVE_STDINT_H -DHAVE_STDDEF_H   -o CMakeFiles/cmTryCompileExec.dir/CheckTypeSizeC.c.o   -c /data/marg/abhishek/CoMeT/benchmarks/parsec/parsec-2.1/pkgs/tools/cmake/obj/amd64-linux.gcc-sniper/CMakeFiles/CMakeTmp/CheckTypeSizeC.c
/data/marg/abhishek/CoMeT/benchmarks/parsec/parsec-2.1/pkgs/tools/cmake/obj/amd64-linux.gcc-sniper/CMakeFiles/CMakeTmp/CheckTypeSizeC.c:23:22: error: ‘__int64’ undeclared here (not in a function); did you mean ‘__int64_t’?
   23 | #define SIZE (sizeof(__int64))
      |                      ^~~~~~~
/data/marg/abhishek/CoMeT/benchmarks/parsec/parsec-2.1/pkgs/tools/cmake/obj/amd64-linux.gcc-sniper/CMakeFiles/CMakeTmp/CheckTypeSizeC.c:25:12: note: in expansion of macro ‘SIZE’
   25 |   ('0' + ((SIZE / 10000)%10)),
      |            ^~~~
make[3]: *** [CMakeFiles/cmTryCompileExec.dir/build.make:56: CMakeFiles/cmTryCompileExec.dir/CheckTypeSizeC.c.o] Error 1
make[3]: Leaving directory '/data/marg/abhishek/CoMeT/benchmarks/parsec/parsec-2.1/pkgs/tools/cmake/obj/amd64-linux.gcc-sniper/CMakeFiles/CMakeTmp'
make[2]: *** [Makefile:111: cmTryCompileExec/fast] Error 2
make[2]: Leaving directory '/data/marg/abhishek/CoMeT/benchmarks/parsec/parsec-2.1/pkgs/tools/cmake/obj/amd64-linux.gcc-sniper/CMakeFiles/CMakeTmp'

CheckTypeSizeC.c:
#define CHECK_TYPE_SIZE_TYPE __int64
#ifdef CHECK_TYPE_SIZE_TYPE


#ifdef HAVE_SYS_TYPES_H
#  include <sys/types.h>
#endif /* HAVE_SYS_TYPES_H */

#ifdef HAVE_STDINT_H
#  include <stdint.h>
#endif /* HAVE_STDINT_H */

#ifdef HAVE_STDDEF_H
#  include <stddef.h>
#endif /* HAVE_STDDEF_H */



#ifdef __CLASSIC_C__
# define const
#endif

#define SIZE (sizeof(__int64))
const char info_sizeof[] =  {'I', 'N', 'F', 'O', ':', 's','i','z','e','o','f','[',
  ('0' + ((SIZE / 10000)%10)),
  ('0' + ((SIZE / 1000)%10)),
  ('0' + ((SIZE / 100)%10)),
  ('0' + ((SIZE / 10)%10)),
  ('0' +  (SIZE    % 10)), 
  ']','\0'};


#ifdef __CLASSIC_C__
int main(){
  int ac;
  char*av[];
#else
int main(int ac, char*av[]){
#endif
  return (&info_sizeof[0] != &info_sizeof[0]);
}

#else  /* CHECK_TYPE_SIZE_TYPE */

#  error "CHECK_TYPE_SIZE_TYPE has to specify the type"

#endif /* CHECK_TYPE_SIZE_TYPE */


Determining if the function connect exists in the socket;dl failed with the following output:
Change Dir: /data/marg/abhishek/CoMeT/benchmarks/parsec/parsec-2.1/pkgs/tools/cmake/obj/amd64-linux.gcc-sniper/CMakeFiles/CMakeTmp

Run Build Command:/usr/bin/make "cmTryCompileExec/fast"
make[2]: Entering directory '/data/marg/abhishek/CoMeT/benchmarks/parsec/parsec-2.1/pkgs/tools/cmake/obj/amd64-linux.gcc-sniper/CMakeFiles/CMakeTmp'
/usr/bin/make -f CMakeFiles/cmTryCompileExec.dir/build.make CMakeFiles/cmTryCompileExec.dir/build
make[3]: Entering directory '/data/marg/abhishek/CoMeT/benchmarks/parsec/parsec-2.1/pkgs/tools/cmake/obj/amd64-linux.gcc-sniper/CMakeFiles/CMakeTmp'
/data/marg/abhishek/CoMeT/benchmarks/parsec/parsec-2.1/pkgs/tools/cmake/obj/amd64-linux.gcc-sniper/Bootstrap.cmk/cmake -E cmake_progress_report /data/marg/abhishek/CoMeT/benchmarks/parsec/parsec-2.1/pkgs/tools/cmake/obj/amd64-linux.gcc-sniper/CMakeFiles/CMakeTmp/CMakeFiles 1
Building C object CMakeFiles/cmTryCompileExec.dir/CheckFunctionExists.c.o
/usr/bin/gcc   -O3 -funroll-loops -fprefetch-loop-arrays -static-libgcc -Wl,--hash-style=both,--as-needed -DPARSEC_VERSION=2.1 -DENABLE_PARSEC_HOOKS -I/data/marg/abhishek/CoMeT/benchmarks/parsec/parsec-2.1/pkgs/libs/hooks/inst/amd64-linux.gcc-sniper/include -I/data/marg/abhishek/CoMeT/benchmarks/tools/hooks -I/data/marg/abhishek/CoMeT/include -DENABLE_PARMACS   -DCHECK_FUNCTION_EXISTS=connect   -o CMakeFiles/cmTryCompileExec.dir/CheckFunctionExists.c.o   -c /data/marg/abhishek/CoMeT/benchmarks/parsec/parsec-2.1/pkgs/tools/cmake/src/Modules/CheckFunctionExists.c
Linking C executable cmTryCompileExec
/data/marg/abhishek/CoMeT/benchmarks/parsec/parsec-2.1/pkgs/tools/cmake/obj/amd64-linux.gcc-sniper/Bootstrap.cmk/cmake -E cmake_link_script CMakeFiles/cmTryCompileExec.dir/link.txt --verbose=1
/usr/bin/gcc    -O3 -funroll-loops -fprefetch-loop-arrays -static-libgcc -Wl,--hash-style=both,--as-needed -DPARSEC_VERSION=2.1 -DENABLE_PARSEC_HOOKS -I/data/marg/abhishek/CoMeT/benchmarks/parsec/parsec-2.1/pkgs/libs/hooks/inst/amd64-linux.gcc-sniper/include -I/data/marg/abhishek/CoMeT/benchmarks/tools/hooks -I/data/marg/abhishek/CoMeT/include -DENABLE_PARMACS   -DCHECK_FUNCTION_EXISTS=connect  -fPIC -L/usr/lib64 -L/usr/lib -L/data/marg/abhishek/CoMeT/benchmarks/parsec/parsec-2.1/pkgs/libs/hooks/inst/amd64-linux.gcc-sniper/lib CMakeFiles/cmTryCompileExec.dir/CheckFunctionExists.c.o  -o cmTryCompileExec -rdynamic -lsocket -ldl 
/usr/bin/ld: cannot find -lsocket
collect2: error: ld returned 1 exit status
make[3]: *** [CMakeFiles/cmTryCompileExec.dir/build.make:87: cmTryCompileExec] Error 1
make[3]: Leaving directory '/data/marg/abhishek/CoMeT/benchmarks/parsec/parsec-2.1/pkgs/tools/cmake/obj/amd64-linux.gcc-sniper/CMakeFiles/CMakeTmp'
make[2]: *** [Makefile:111: cmTryCompileExec/fast] Error 2
make[2]: Leaving directory '/data/marg/abhishek/CoMeT/benchmarks/parsec/parsec-2.1/pkgs/tools/cmake/obj/amd64-linux.gcc-sniper/CMakeFiles/CMakeTmp'


Determining if the function getch exists in the ws2_32;dl failed with the following output:
Change Dir: /data/marg/abhishek/CoMeT/benchmarks/parsec/parsec-2.1/pkgs/tools/cmake/obj/amd64-linux.gcc-sniper/CMakeFiles/CMakeTmp

Run Build Command:/usr/bin/make "cmTryCompileExec/fast"
make[2]: Entering directory '/data/marg/abhishek/CoMeT/benchmarks/parsec/parsec-2.1/pkgs/tools/cmake/obj/amd64-linux.gcc-sniper/CMakeFiles/CMakeTmp'
/usr/bin/make -f CMakeFiles/cmTryCompileExec.dir/build.make CMakeFiles/cmTryCompileExec.dir/build
make[3]: Entering directory '/data/marg/abhishek/CoMeT/benchmarks/parsec/parsec-2.1/pkgs/tools/cmake/obj/amd64-linux.gcc-sniper/CMakeFiles/CMakeTmp'
/data/marg/abhishek/CoMeT/benchmarks/parsec/parsec-2.1/pkgs/tools/cmake/obj/amd64-linux.gcc-sniper/Bootstrap.cmk/cmake -E cmake_progress_report /data/marg/abhishek/CoMeT/benchmarks/parsec/parsec-2.1/pkgs/tools/cmake/obj/amd64-linux.gcc-sniper/CMakeFiles/CMakeTmp/CMakeFiles 1
Building C object CMakeFiles/cmTryCompileExec.dir/CheckFunctionExists.c.o
/usr/bin/gcc   -O3 -funroll-loops -fprefetch-loop-arrays -static-libgcc -Wl,--hash-style=both,--as-needed -DPARSEC_VERSION=2.1 -DENABLE_PARSEC_HOOKS -I/data/marg/abhishek/CoMeT/benchmarks/parsec/parsec-2.1/pkgs/libs/hooks/inst/amd64-linux.gcc-sniper/include -I/data/marg/abhishek/CoMeT/benchmarks/tools/hooks -I/data/marg/abhishek/CoMeT/include -DENABLE_PARMACS   -DCHECK_FUNCTION_EXISTS=getch   -o CMakeFiles/cmTryCompileExec.dir/CheckFunctionExists.c.o   -c /data/marg/abhishek/CoMeT/benchmarks/parsec/parsec-2.1/pkgs/tools/cmake/src/Modules/CheckFunctionExists.c
Linking C executable cmTryCompileExec
/data/marg/abhishek/CoMeT/benchmarks/parsec/parsec-2.1/pkgs/tools/cmake/obj/amd64-linux.gcc-sniper/Bootstrap.cmk/cmake -E cmake_link_script CMakeFiles/cmTryCompileExec.dir/link.txt --verbose=1
/usr/bin/gcc    -O3 -funroll-loops -fprefetch-loop-arrays -static-libgcc -Wl,--hash-style=both,--as-needed -DPARSEC_VERSION=2.1 -DENABLE_PARSEC_HOOKS -I/data/marg/abhishek/CoMeT/benchmarks/parsec/parsec-2.1/pkgs/libs/hooks/inst/amd64-linux.gcc-sniper/include -I/data/marg/abhishek/CoMeT/benchmarks/tools/hooks -I/data/marg/abhishek/CoMeT/include -DENABLE_PARMACS   -DCHECK_FUNCTION_EXISTS=getch  -fPIC -L/usr/lib64 -L/usr/lib -L/data/marg/abhishek/CoMeT/benchmarks/parsec/parsec-2.1/pkgs/libs/hooks/inst/amd64-linux.gcc-sniper/lib CMakeFiles/cmTryCompileExec.dir/CheckFunctionExists.c.o  -o cmTryCompileExec -rdynamic -lws2_32 -ldl 
/usr/bin/ld: cannot find -lws2_32
collect2: error: ld returned 1 exit status
make[3]: Leaving directory '/data/marg/abhishek/CoMeT/benchmarks/parsec/parsec-2.1/pkgs/tools/cmake/obj/amd64-linux.gcc-sniper/CMakeFiles/CMakeTmp'
make[3]: *** [CMakeFiles/cmTryCompileExec.dir/build.make:87: cmTryCompileExec] Error 1
make[2]: *** [Makefile:111: cmTryCompileExec/fast] Error 2
make[2]: Leaving directory '/data/marg/abhishek/CoMeT/benchmarks/parsec/parsec-2.1/pkgs/tools/cmake/obj/amd64-linux.gcc-sniper/CMakeFiles/CMakeTmp'


Determining if the function getch exists in the winmm;dl failed with the following output:
Change Dir: /data/marg/abhishek/CoMeT/benchmarks/parsec/parsec-2.1/pkgs/tools/cmake/obj/amd64-linux.gcc-sniper/CMakeFiles/CMakeTmp

Run Build Command:/usr/bin/make "cmTryCompileExec/fast"
make[2]: Entering directory '/data/marg/abhishek/CoMeT/benchmarks/parsec/parsec-2.1/pkgs/tools/cmake/obj/amd64-linux.gcc-sniper/CMakeFiles/CMakeTmp'
/usr/bin/make -f CMakeFiles/cmTryCompileExec.dir/build.make CMakeFiles/cmTryCompileExec.dir/build
make[3]: Entering directory '/data/marg/abhishek/CoMeT/benchmarks/parsec/parsec-2.1/pkgs/tools/cmake/obj/amd64-linux.gcc-sniper/CMakeFiles/CMakeTmp'
/data/marg/abhishek/CoMeT/benchmarks/parsec/parsec-2.1/pkgs/tools/cmake/obj/amd64-linux.gcc-sniper/Bootstrap.cmk/cmake -E cmake_progress_report /data/marg/abhishek/CoMeT/benchmarks/parsec/parsec-2.1/pkgs/tools/cmake/obj/amd64-linux.gcc-sniper/CMakeFiles/CMakeTmp/CMakeFiles 1
Building C object CMakeFiles/cmTryCompileExec.dir/CheckFunctionExists.c.o
/usr/bin/gcc   -O3 -funroll-loops -fprefetch-loop-arrays -static-libgcc -Wl,--hash-style=both,--as-needed -DPARSEC_VERSION=2.1 -DENABLE_PARSEC_HOOKS -I/data/marg/abhishek/CoMeT/benchmarks/parsec/parsec-2.1/pkgs/libs/hooks/inst/amd64-linux.gcc-sniper/include -I/data/marg/abhishek/CoMeT/benchmarks/tools/hooks -I/data/marg/abhishek/CoMeT/include -DENABLE_PARMACS   -DCHECK_FUNCTION_EXISTS=getch   -o CMakeFiles/cmTryCompileExec.dir/CheckFunctionExists.c.o   -c /data/marg/abhishek/CoMeT/benchmarks/parsec/parsec-2.1/pkgs/tools/cmake/src/Modules/CheckFunctionExists.c
Linking C executable cmTryCompileExec
/data/marg/abhishek/CoMeT/benchmarks/parsec/parsec-2.1/pkgs/tools/cmake/obj/amd64-linux.gcc-sniper/Bootstrap.cmk/cmake -E cmake_link_script CMakeFiles/cmTryCompileExec.dir/link.txt --verbose=1
/usr/bin/gcc    -O3 -funroll-loops -fprefetch-loop-arrays -static-libgcc -Wl,--hash-style=both,--as-needed -DPARSEC_VERSION=2.1 -DENABLE_PARSEC_HOOKS -I/data/marg/abhishek/CoMeT/benchmarks/parsec/parsec-2.1/pkgs/libs/hooks/inst/amd64-linux.gcc-sniper/include -I/data/marg/abhishek/CoMeT/benchmarks/tools/hooks -I/data/marg/abhishek/CoMeT/include -DENABLE_PARMACS   -DCHECK_FUNCTION_EXISTS=getch  -fPIC -L/usr/lib64 -L/usr/lib -L/data/marg/abhishek/CoMeT/benchmarks/parsec/parsec-2.1/pkgs/libs/hooks/inst/amd64-linux.gcc-sniper/lib CMakeFiles/cmTryCompileExec.dir/CheckFunctionExists.c.o  -o cmTryCompileExec -rdynamic -lwinmm -ldl 
/usr/bin/ld: cannot find -lwinmm
collect2: error: ld returned 1 exit status
make[3]: Leaving directory '/data/marg/abhishek/CoMeT/benchmarks/parsec/parsec-2.1/pkgs/tools/cmake/obj/amd64-linux.gcc-sniper/CMakeFiles/CMakeTmp'
make[3]: *** [CMakeFiles/cmTryCompileExec.dir/build.make:87: cmTryCompileExec] Error 1
make[2]: *** [Makefile:111: cmTryCompileExec/fast] Error 2
make[2]: Leaving directory '/data/marg/abhishek/CoMeT/benchmarks/parsec/parsec-2.1/pkgs/tools/cmake/obj/amd64-linux.gcc-sniper/CMakeFiles/CMakeTmp'


Determining if the function CRYPTO_lock exists in the crypto;dl failed with the following output:
Change Dir: /data/marg/abhishek/CoMeT/benchmarks/parsec/parsec-2.1/pkgs/tools/cmake/obj/amd64-linux.gcc-sniper/CMakeFiles/CMakeTmp

Run Build Command:/usr/bin/make "cmTryCompileExec/fast"
make[2]: Entering directory '/data/marg/abhishek/CoMeT/benchmarks/parsec/parsec-2.1/pkgs/tools/cmake/obj/amd64-linux.gcc-sniper/CMakeFiles/CMakeTmp'
/usr/bin/make -f CMakeFiles/cmTryCompileExec.dir/build.make CMakeFiles/cmTryCompileExec.dir/build
make[3]: Entering directory '/data/marg/abhishek/CoMeT/benchmarks/parsec/parsec-2.1/pkgs/tools/cmake/obj/amd64-linux.gcc-sniper/CMakeFiles/CMakeTmp'
/data/marg/abhishek/CoMeT/benchmarks/parsec/parsec-2.1/pkgs/tools/cmake/obj/amd64-linux.gcc-sniper/Bootstrap.cmk/cmake -E cmake_progress_report /data/marg/abhishek/CoMeT/benchmarks/parsec/parsec-2.1/pkgs/tools/cmake/obj/amd64-linux.gcc-sniper/CMakeFiles/CMakeTmp/CMakeFiles 1
Building C object CMakeFiles/cmTryCompileExec.dir/CheckFunctionExists.c.o
/usr/bin/gcc   -O3 -funroll-loops -fprefetch-loop-arrays -static-libgcc -Wl,--hash-style=both,--as-needed -DPARSEC_VERSION=2.1 -DENABLE_PARSEC_HOOKS -I/data/marg/abhishek/CoMeT/benchmarks/parsec/parsec-2.1/pkgs/libs/hooks/inst/amd64-linux.gcc-sniper/include -I/data/marg/abhishek/CoMeT/benchmarks/tools/hooks -I/data/marg/abhishek/CoMeT/include -DENABLE_PARMACS   -DCHECK_FUNCTION_EXISTS=CRYPTO_lock   -o CMakeFiles/cmTryCompileExec.dir/CheckFunctionExists.c.o   -c /data/marg/abhishek/CoMeT/benchmarks/parsec/parsec-2.1/pkgs/tools/cmake/src/Modules/CheckFunctionExists.c
Linking C executable cmTryCompileExec
/data/marg/abhishek/CoMeT/benchmarks/parsec/parsec-2.1/pkgs/tools/cmake/obj/amd64-linux.gcc-sniper/Bootstrap.cmk/cmake -E cmake_link_script CMakeFiles/cmTryCompileExec.dir/link.txt --verbose=1
/usr/bin/gcc    -O3 -funroll-loops -fprefetch-loop-arrays -static-libgcc -Wl,--hash-style=both,--as-needed -DPARSEC_VERSION=2.1 -DENABLE_PARSEC_HOOKS -I/data/marg/abhishek/CoMeT/benchmarks/parsec/parsec-2.1/pkgs/libs/hooks/inst/amd64-linux.gcc-sniper/include -I/data/marg/abhishek/CoMeT/benchmarks/tools/hooks -I/data/marg/abhishek/CoMeT/include -DENABLE_PARMACS   -DCHECK_FUNCTION_EXISTS=CRYPTO_lock  -fPIC -L/usr/lib64 -L/usr/lib -L/data/marg/abhishek/CoMeT/benchmarks/parsec/parsec-2.1/pkgs/libs/hooks/inst/amd64-linux.gcc-sniper/lib CMakeFiles/cmTryCompileExec.dir/CheckFunctionExists.c.o  -o cmTryCompileExec -rdynamic -lcrypto -ldl 
/usr/bin/ld: CMakeFiles/cmTryCompileExec.dir/CheckFunctionExists.c.o: in function `main':
CheckFunctionExists.c:(.text.startup+0x12): undefined reference to `CRYPTO_lock'
collect2: error: ld returned 1 exit status
make[3]: *** [CMakeFiles/cmTryCompileExec.dir/build.make:87: cmTryCompileExec] Error 1
make[3]: Leaving directory '/data/marg/abhishek/CoMeT/benchmarks/parsec/parsec-2.1/pkgs/tools/cmake/obj/amd64-linux.gcc-sniper/CMakeFiles/CMakeTmp'
make[2]: Leaving directory '/data/marg/abhishek/CoMeT/benchmarks/parsec/parsec-2.1/pkgs/tools/cmake/obj/amd64-linux.gcc-sniper/CMakeFiles/CMakeTmp'
make[2]: *** [Makefile:111: cmTryCompileExec/fast] Error 2


Determining if the function idna_to_ascii_lz exists in the idn;dl;ssl failed with the following output:
Change Dir: /data/marg/abhishek/CoMeT/benchmarks/parsec/parsec-2.1/pkgs/tools/cmake/obj/amd64-linux.gcc-sniper/CMakeFiles/CMakeTmp

Run Build Command:/usr/bin/make "cmTryCompileExec/fast"
make[2]: Entering directory '/data/marg/abhishek/CoMeT/benchmarks/parsec/parsec-2.1/pkgs/tools/cmake/obj/amd64-linux.gcc-sniper/CMakeFiles/CMakeTmp'
/usr/bin/make -f CMakeFiles/cmTryCompileExec.dir/build.make CMakeFiles/cmTryCompileExec.dir/build
make[3]: Entering directory '/data/marg/abhishek/CoMeT/benchmarks/parsec/parsec-2.1/pkgs/tools/cmake/obj/amd64-linux.gcc-sniper/CMakeFiles/CMakeTmp'
/data/marg/abhishek/CoMeT/benchmarks/parsec/parsec-2.1/pkgs/tools/cmake/obj/amd64-linux.gcc-sniper/Bootstrap.cmk/cmake -E cmake_progress_report /data/marg/abhishek/CoMeT/benchmarks/parsec/parsec-2.1/pkgs/tools/cmake/obj/amd64-linux.gcc-sniper/CMakeFiles/CMakeTmp/CMakeFiles 1
Building C object CMakeFiles/cmTryCompileExec.dir/CheckFunctionExists.c.o
/usr/bin/gcc   -O3 -funroll-loops -fprefetch-loop-arrays -static-libgcc -Wl,--hash-style=both,--as-needed -DPARSEC_VERSION=2.1 -DENABLE_PARSEC_HOOKS -I/data/marg/abhishek/CoMeT/benchmarks/parsec/parsec-2.1/pkgs/libs/hooks/inst/amd64-linux.gcc-sniper/include -I/data/marg/abhishek/CoMeT/benchmarks/tools/hooks -I/data/marg/abhishek/CoMeT/include -DENABLE_PARMACS   -DCHECK_FUNCTION_EXISTS=idna_to_ascii_lz   -o CMakeFiles/cmTryCompileExec.dir/CheckFunctionExists.c.o   -c /data/marg/abhishek/CoMeT/benchmarks/parsec/parsec-2.1/pkgs/tools/cmake/src/Modules/CheckFunctionExists.c
Linking C executable cmTryCompileExec
/data/marg/abhishek/CoMeT/benchmarks/parsec/parsec-2.1/pkgs/tools/cmake/obj/amd64-linux.gcc-sniper/Bootstrap.cmk/cmake -E cmake_link_script CMakeFiles/cmTryCompileExec.dir/link.txt --verbose=1
/usr/bin/gcc    -O3 -funroll-loops -fprefetch-loop-arrays -static-libgcc -Wl,--hash-style=both,--as-needed -DPARSEC_VERSION=2.1 -DENABLE_PARSEC_HOOKS -I/data/marg/abhishek/CoMeT/benchmarks/parsec/parsec-2.1/pkgs/libs/hooks/inst/amd64-linux.gcc-sniper/include -I/data/marg/abhishek/CoMeT/benchmarks/tools/hooks -I/data/marg/abhishek/CoMeT/include -DENABLE_PARMACS   -DCHECK_FUNCTION_EXISTS=idna_to_ascii_lz  -fPIC -L/usr/lib64 -L/usr/lib -L/data/marg/abhishek/CoMeT/benchmarks/parsec/parsec-2.1/pkgs/libs/hooks/inst/amd64-linux.gcc-sniper/lib CMakeFiles/cmTryCompileExec.dir/CheckFunctionExists.c.o  -o cmTryCompileExec -rdynamic -lidn -ldl -lssl 
/usr/bin/ld: cannot find -lidn
collect2: error: ld returned 1 exit status
make[3]: Leaving directory '/data/marg/abhishek/CoMeT/benchmarks/parsec/parsec-2.1/pkgs/tools/cmake/obj/amd64-linux.gcc-sniper/CMakeFiles/CMakeTmp'
make[3]: *** [CMakeFiles/cmTryCompileExec.dir/build.make:87: cmTryCompileExec] Error 1
make[2]: *** [Makefile:111: cmTryCompileExec/fast] Error 2
make[2]: Leaving directory '/data/marg/abhishek/CoMeT/benchmarks/parsec/parsec-2.1/pkgs/tools/cmake/obj/amd64-linux.gcc-sniper/CMakeFiles/CMakeTmp'


Determining if the include file process.h exists failed with the following output:
Change Dir: /data/marg/abhishek/CoMeT/benchmarks/parsec/parsec-2.1/pkgs/tools/cmake/obj/amd64-linux.gcc-sniper/CMakeFiles/CMakeTmp

Run Build Command:/usr/bin/make "cmTryCompileExec/fast"
make[2]: Entering directory '/data/marg/abhishek/CoMeT/benchmarks/parsec/parsec-2.1/pkgs/tools/cmake/obj/amd64-linux.gcc-sniper/CMakeFiles/CMakeTmp'
/usr/bin/make -f CMakeFiles/cmTryCompileExec.dir/build.make CMakeFiles/cmTryCompileExec.dir/build
make[3]: Entering directory '/data/marg/abhishek/CoMeT/benchmarks/parsec/parsec-2.1/pkgs/tools/cmake/obj/amd64-linux.gcc-sniper/CMakeFiles/CMakeTmp'
/data/marg/abhishek/CoMeT/benchmarks/parsec/parsec-2.1/pkgs/tools/cmake/obj/amd64-linux.gcc-sniper/Bootstrap.cmk/cmake -E cmake_progress_report /data/marg/abhishek/CoMeT/benchmarks/parsec/parsec-2.1/pkgs/tools/cmake/obj/amd64-linux.gcc-sniper/CMakeFiles/CMakeTmp/CMakeFiles 1
Building C object CMakeFiles/cmTryCompileExec.dir/CheckIncludeFile.c.o
/usr/bin/gcc   -O3 -funroll-loops -fprefetch-loop-arrays -static-libgcc -Wl,--hash-style=both,--as-needed -DPARSEC_VERSION=2.1 -DENABLE_PARSEC_HOOKS -I/data/marg/abhishek/CoMeT/benchmarks/parsec/parsec-2.1/pkgs/libs/hooks/inst/amd64-linux.gcc-sniper/include -I/data/marg/abhishek/CoMeT/benchmarks/tools/hooks -I/data/marg/abhishek/CoMeT/include -DENABLE_PARMACS      -o CMakeFiles/cmTryCompileExec.dir/CheckIncludeFile.c.o   -c /data/marg/abhishek/CoMeT/benchmarks/parsec/parsec-2.1/pkgs/tools/cmake/obj/amd64-linux.gcc-sniper/CMakeFiles/CMakeTmp/CheckIncludeFile.c
/data/marg/abhishek/CoMeT/benchmarks/parsec/parsec-2.1/pkgs/tools/cmake/obj/amd64-linux.gcc-sniper/CMakeFiles/CMakeTmp/CheckIncludeFile.c:1:10: fatal error: process.h: No such file or directory
    1 | #include <process.h>
      |          ^~~~~~~~~~~
compilation terminated.
make[3]: Leaving directory '/data/marg/abhishek/CoMeT/benchmarks/parsec/parsec-2.1/pkgs/tools/cmake/obj/amd64-linux.gcc-sniper/CMakeFiles/CMakeTmp'
make[3]: *** [CMakeFiles/cmTryCompileExec.dir/build.make:56: CMakeFiles/cmTryCompileExec.dir/CheckIncludeFile.c.o] Error 1
make[2]: *** [Makefile:111: cmTryCompileExec/fast] Error 2
make[2]: Leaving directory '/data/marg/abhishek/CoMeT/benchmarks/parsec/parsec-2.1/pkgs/tools/cmake/obj/amd64-linux.gcc-sniper/CMakeFiles/CMakeTmp'


Determining if files stdio.h;stddef.h;sys/types.h;inttypes.h;alloca.h;arpa/inet.h;dlfcn.h;fcntl.h;malloc.h;memory.h;netdb.h;sys/poll.h;assert.h;limits.h;openssl/x509.h;openssl/engine.h;openssl/rsa.h;openssl/crypto.h;openssl/pem.h;openssl/ssl.h;openssl/err.h;openssl/rand.h;openssl/pkcs12.h;sys/socket.h;netinet/in.h;net/if.h;netinet/if_ether.h;netinet/tcp.h;sys/select.h;utime.h;netinet/in.h;pwd.h;sgtty.h;stdint.h;stdlib.h;string.h;strings.h;sys/param.h;sys/stat.h;sys/time.h;sys/resource.h;termios.h;termio.h;io.h exist failed with the following output:
Change Dir: /data/marg/abhishek/CoMeT/benchmarks/parsec/parsec-2.1/pkgs/tools/cmake/obj/amd64-linux.gcc-sniper/CMakeFiles/CMakeTmp

Run Build Command:/usr/bin/make "cmTryCompileExec/fast"
make[2]: Entering directory '/data/marg/abhishek/CoMeT/benchmarks/parsec/parsec-2.1/pkgs/tools/cmake/obj/amd64-linux.gcc-sniper/CMakeFiles/CMakeTmp'
/usr/bin/make -f CMakeFiles/cmTryCompileExec.dir/build.make CMakeFiles/cmTryCompileExec.dir/build
make[3]: Entering directory '/data/marg/abhishek/CoMeT/benchmarks/parsec/parsec-2.1/pkgs/tools/cmake/obj/amd64-linux.gcc-sniper/CMakeFiles/CMakeTmp'
/data/marg/abhishek/CoMeT/benchmarks/parsec/parsec-2.1/pkgs/tools/cmake/obj/amd64-linux.gcc-sniper/Bootstrap.cmk/cmake -E cmake_progress_report /data/marg/abhishek/CoMeT/benchmarks/parsec/parsec-2.1/pkgs/tools/cmake/obj/amd64-linux.gcc-sniper/CMakeFiles/CMakeTmp/CMakeFiles 1
Building C object CMakeFiles/cmTryCompileExec.dir/CheckIncludeFiles.c.o
/usr/bin/gcc   -O3 -funroll-loops -fprefetch-loop-arrays -static-libgcc -Wl,--hash-style=both,--as-needed -DPARSEC_VERSION=2.1 -DENABLE_PARSEC_HOOKS -I/data/marg/abhishek/CoMeT/benchmarks/parsec/parsec-2.1/pkgs/libs/hooks/inst/amd64-linux.gcc-sniper/include -I/data/marg/abhishek/CoMeT/benchmarks/tools/hooks -I/data/marg/abhishek/CoMeT/include -DENABLE_PARMACS      -o CMakeFiles/cmTryCompileExec.dir/CheckIncludeFiles.c.o   -c /data/marg/abhishek/CoMeT/benchmarks/parsec/parsec-2.1/pkgs/tools/cmake/obj/amd64-linux.gcc-sniper/CMakeFiles/CMakeTmp/CheckIncludeFiles.c
/data/marg/abhishek/CoMeT/benchmarks/parsec/parsec-2.1/pkgs/tools/cmake/obj/amd64-linux.gcc-sniper/CMakeFiles/CMakeTmp/CheckIncludeFiles.c:45:10: fatal error: io.h: No such file or directory
   45 | #include <io.h>
      |          ^~~~~~
compilation terminated.
make[3]: Leaving directory '/data/marg/abhishek/CoMeT/benchmarks/parsec/parsec-2.1/pkgs/tools/cmake/obj/amd64-linux.gcc-sniper/CMakeFiles/CMakeTmp'
make[3]: *** [CMakeFiles/cmTryCompileExec.dir/build.make:56: CMakeFiles/cmTryCompileExec.dir/CheckIncludeFiles.c.o] Error 1
make[2]: Leaving directory '/data/marg/abhishek/CoMeT/benchmarks/parsec/parsec-2.1/pkgs/tools/cmake/obj/amd64-linux.gcc-sniper/CMakeFiles/CMakeTmp'
make[2]: *** [Makefile:111: cmTryCompileExec/fast] Error 2

Source:
/* */
#include <stdio.h>
#include <stddef.h>
#include <sys/types.h>
#include <inttypes.h>
#include <alloca.h>
#include <arpa/inet.h>
#include <dlfcn.h>
#include <fcntl.h>
#include <malloc.h>
#include <memory.h>
#include <netdb.h>
#include <sys/poll.h>
#include <assert.h>
#include <limits.h>
#include <openssl/x509.h>
#include <openssl/engine.h>
#include <openssl/rsa.h>
#include <openssl/crypto.h>
#include <openssl/pem.h>
#include <openssl/ssl.h>
#include <openssl/err.h>
#include <openssl/rand.h>
#include <openssl/pkcs12.h>
#include <sys/socket.h>
#include <netinet/in.h>
#include <net/if.h>
#include <netinet/if_ether.h>
#include <netinet/tcp.h>
#include <sys/select.h>
#include <utime.h>
#include <netinet/in.h>
#include <pwd.h>
#include <sgtty.h>
#include <stdint.h>
#include <stdlib.h>
#include <string.h>
#include <strings.h>
#include <sys/param.h>
#include <sys/stat.h>
#include <sys/time.h>
#include <sys/resource.h>
#include <termios.h>
#include <termio.h>
#include <io.h>


int main(){return 0;}

Determining if files stdio.h;stddef.h;sys/types.h;inttypes.h;alloca.h;arpa/inet.h;dlfcn.h;fcntl.h;malloc.h;memory.h;netdb.h;sys/poll.h;assert.h;limits.h;openssl/x509.h;openssl/engine.h;openssl/rsa.h;openssl/crypto.h;openssl/pem.h;openssl/ssl.h;openssl/err.h;openssl/rand.h;openssl/pkcs12.h;sys/socket.h;netinet/in.h;net/if.h;netinet/if_ether.h;netinet/tcp.h;sys/select.h;utime.h;netinet/in.h;pwd.h;sgtty.h;stdint.h;stdlib.h;string.h;strings.h;sys/param.h;sys/stat.h;sys/time.h;sys/resource.h;termios.h;termio.h;time.h;unistd.h;sys/utime.h exist failed with the following output:
Change Dir: /data/marg/abhishek/CoMeT/benchmarks/parsec/parsec-2.1/pkgs/tools/cmake/obj/amd64-linux.gcc-sniper/CMakeFiles/CMakeTmp

Run Build Command:/usr/bin/make "cmTryCompileExec/fast"
make[2]: Entering directory '/data/marg/abhishek/CoMeT/benchmarks/parsec/parsec-2.1/pkgs/tools/cmake/obj/amd64-linux.gcc-sniper/CMakeFiles/CMakeTmp'
/usr/bin/make -f CMakeFiles/cmTryCompileExec.dir/build.make CMakeFiles/cmTryCompileExec.dir/build
make[3]: Entering directory '/data/marg/abhishek/CoMeT/benchmarks/parsec/parsec-2.1/pkgs/tools/cmake/obj/amd64-linux.gcc-sniper/CMakeFiles/CMakeTmp'
/data/marg/abhishek/CoMeT/benchmarks/parsec/parsec-2.1/pkgs/tools/cmake/obj/amd64-linux.gcc-sniper/Bootstrap.cmk/cmake -E cmake_progress_report /data/marg/abhishek/CoMeT/benchmarks/parsec/parsec-2.1/pkgs/tools/cmake/obj/amd64-linux.gcc-sniper/CMakeFiles/CMakeTmp/CMakeFiles 1
Building C object CMakeFiles/cmTryCompileExec.dir/CheckIncludeFiles.c.o
/usr/bin/gcc   -O3 -funroll-loops -fprefetch-loop-arrays -static-libgcc -Wl,--hash-style=both,--as-needed -DPARSEC_VERSION=2.1 -DENABLE_PARSEC_HOOKS -I/data/marg/abhishek/CoMeT/benchmarks/parsec/parsec-2.1/pkgs/libs/hooks/inst/amd64-linux.gcc-sniper/include -I/data/marg/abhishek/CoMeT/benchmarks/tools/hooks -I/data/marg/abhishek/CoMeT/include -DENABLE_PARMACS      -o CMakeFiles/cmTryCompileExec.dir/CheckIncludeFiles.c.o   -c /data/marg/abhishek/CoMeT/benchmarks/parsec/parsec-2.1/pkgs/tools/cmake/obj/amd64-linux.gcc-sniper/CMakeFiles/CMakeTmp/CheckIncludeFiles.c
/data/marg/abhishek/CoMeT/benchmarks/parsec/parsec-2.1/pkgs/tools/cmake/obj/amd64-linux.gcc-sniper/CMakeFiles/CMakeTmp/CheckIncludeFiles.c:47:10: fatal error: sys/utime.h: No such file or directory
   47 | #include <sys/utime.h>
      |          ^~~~~~~~~~~~~
compilation terminated.
make[3]: Leaving directory '/data/marg/abhishek/CoMeT/benchmarks/parsec/parsec-2.1/pkgs/tools/cmake/obj/amd64-linux.gcc-sniper/CMakeFiles/CMakeTmp'
make[3]: *** [CMakeFiles/cmTryCompileExec.dir/build.make:56: CMakeFiles/cmTryCompileExec.dir/CheckIncludeFiles.c.o] Error 1
make[2]: *** [Makefile:111: cmTryCompileExec/fast] Error 2
make[2]: Leaving directory '/data/marg/abhishek/CoMeT/benchmarks/parsec/parsec-2.1/pkgs/tools/cmake/obj/amd64-linux.gcc-sniper/CMakeFiles/CMakeTmp'

Source:
/* */
#include <stdio.h>
#include <stddef.h>
#include <sys/types.h>
#include <inttypes.h>
#include <alloca.h>
#include <arpa/inet.h>
#include <dlfcn.h>
#include <fcntl.h>
#include <malloc.h>
#include <memory.h>
#include <netdb.h>
#include <sys/poll.h>
#include <assert.h>
#include <limits.h>
#include <openssl/x509.h>
#include <openssl/engine.h>
#include <openssl/rsa.h>
#include <openssl/crypto.h>
#include <openssl/pem.h>
#include <openssl/ssl.h>
#include <openssl/err.h>
#include <openssl/rand.h>
#include <openssl/pkcs12.h>
#include <sys/socket.h>
#include <netinet/in.h>
#include <net/if.h>
#include <netinet/if_ether.h>
#include <netinet/tcp.h>
#include <sys/select.h>
#include <utime.h>
#include <netinet/in.h>
#include <pwd.h>
#include <sgtty.h>
#include <stdint.h>
#include <stdlib.h>
#include <string.h>
#include <strings.h>
#include <sys/param.h>
#include <sys/stat.h>
#include <sys/time.h>
#include <sys/resource.h>
#include <termios.h>
#include <termio.h>
#include <time.h>
#include <unistd.h>
#include <sys/utime.h>


int main(){return 0;}

Determining if files stdio.h;stddef.h;sys/types.h;inttypes.h;alloca.h;arpa/inet.h;dlfcn.h;fcntl.h;malloc.h;memory.h;netdb.h;sys/poll.h;assert.h;limits.h;openssl/x509.h;openssl/engine.h;openssl/rsa.h;openssl/crypto.h;openssl/pem.h;openssl/ssl.h;openssl/err.h;openssl/rand.h;openssl/pkcs12.h;sys/socket.h;netinet/in.h;net/if.h;netinet/if_ether.h;netinet/tcp.h;sys/select.h;utime.h;netinet/in.h;pwd.h;sgtty.h;stdint.h;stdlib.h;string.h;strings.h;sys/param.h;sys/stat.h;sys/time.h;sys/resource.h;termios.h;termio.h;time.h;unistd.h;sockio.h exist failed with the following output:
Change Dir: /data/marg/abhishek/CoMeT/benchmarks/parsec/parsec-2.1/pkgs/tools/cmake/obj/amd64-linux.gcc-sniper/CMakeFiles/CMakeTmp

Run Build Command:/usr/bin/make "cmTryCompileExec/fast"
make[2]: Entering directory '/data/marg/abhishek/CoMeT/benchmarks/parsec/parsec-2.1/pkgs/tools/cmake/obj/amd64-linux.gcc-sniper/CMakeFiles/CMakeTmp'
/usr/bin/make -f CMakeFiles/cmTryCompileExec.dir/build.make CMakeFiles/cmTryCompileExec.dir/build
make[3]: Entering directory '/data/marg/abhishek/CoMeT/benchmarks/parsec/parsec-2.1/pkgs/tools/cmake/obj/amd64-linux.gcc-sniper/CMakeFiles/CMakeTmp'
/data/marg/abhishek/CoMeT/benchmarks/parsec/parsec-2.1/pkgs/tools/cmake/obj/amd64-linux.gcc-sniper/Bootstrap.cmk/cmake -E cmake_progress_report /data/marg/abhishek/CoMeT/benchmarks/parsec/parsec-2.1/pkgs/tools/cmake/obj/amd64-linux.gcc-sniper/CMakeFiles/CMakeTmp/CMakeFiles 1
Building C object CMakeFiles/cmTryCompileExec.dir/CheckIncludeFiles.c.o
/usr/bin/gcc   -O3 -funroll-loops -fprefetch-loop-arrays -static-libgcc -Wl,--hash-style=both,--as-needed -DPARSEC_VERSION=2.1 -DENABLE_PARSEC_HOOKS -I/data/marg/abhishek/CoMeT/benchmarks/parsec/parsec-2.1/pkgs/libs/hooks/inst/amd64-linux.gcc-sniper/include -I/data/marg/abhishek/CoMeT/benchmarks/tools/hooks -I/data/marg/abhishek/CoMeT/include -DENABLE_PARMACS      -o CMakeFiles/cmTryCompileExec.dir/CheckIncludeFiles.c.o   -c /data/marg/abhishek/CoMeT/benchmarks/parsec/parsec-2.1/pkgs/tools/cmake/obj/amd64-linux.gcc-sniper/CMakeFiles/CMakeTmp/CheckIncludeFiles.c
/data/marg/abhishek/CoMeT/benchmarks/parsec/parsec-2.1/pkgs/tools/cmake/obj/amd64-linux.gcc-sniper/CMakeFiles/CMakeTmp/CheckIncludeFiles.c:47:10: fatal error: sockio.h: No such file or directory
   47 | #include <sockio.h>
      |          ^~~~~~~~~~
compilation terminated.
make[3]: Leaving directory '/data/marg/abhishek/CoMeT/benchmarks/parsec/parsec-2.1/pkgs/tools/cmake/obj/amd64-linux.gcc-sniper/CMakeFiles/CMakeTmp'
make[3]: *** [CMakeFiles/cmTryCompileExec.dir/build.make:56: CMakeFiles/cmTryCompileExec.dir/CheckIncludeFiles.c.o] Error 1
make[2]: *** [Makefile:111: cmTryCompileExec/fast] Error 2
make[2]: Leaving directory '/data/marg/abhishek/CoMeT/benchmarks/parsec/parsec-2.1/pkgs/tools/cmake/obj/amd64-linux.gcc-sniper/CMakeFiles/CMakeTmp'

Source:
/* */
#include <stdio.h>
#include <stddef.h>
#include <sys/types.h>
#include <inttypes.h>
#include <alloca.h>
#include <arpa/inet.h>
#include <dlfcn.h>
#include <fcntl.h>
#include <malloc.h>
#include <memory.h>
#include <netdb.h>
#include <sys/poll.h>
#include <assert.h>
#include <limits.h>
#include <openssl/x509.h>
#include <openssl/engine.h>
#include <openssl/rsa.h>
#include <openssl/crypto.h>
#include <openssl/pem.h>
#include <openssl/ssl.h>
#include <openssl/err.h>
#include <openssl/rand.h>
#include <openssl/pkcs12.h>
#include <sys/socket.h>
#include <netinet/in.h>
#include <net/if.h>
#include <netinet/if_ether.h>
#include <netinet/tcp.h>
#include <sys/select.h>
#include <utime.h>
#include <netinet/in.h>
#include <pwd.h>
#include <sgtty.h>
#include <stdint.h>
#include <stdlib.h>
#include <string.h>
#include <strings.h>
#include <sys/param.h>
#include <sys/stat.h>
#include <sys/time.h>
#include <sys/resource.h>
#include <termios.h>
#include <termio.h>
#include <time.h>
#include <unistd.h>
#include <sockio.h>


int main(){return 0;}

Determining if files stdio.h;stddef.h;sys/types.h;inttypes.h;alloca.h;arpa/inet.h;dlfcn.h;fcntl.h;malloc.h;memory.h;netdb.h;sys/poll.h;assert.h;limits.h;openssl/x509.h;openssl/engine.h;openssl/rsa.h;openssl/crypto.h;openssl/pem.h;openssl/ssl.h;openssl/err.h;openssl/rand.h;openssl/pkcs12.h;sys/socket.h;netinet/in.h;net/if.h;netinet/if_ether.h;netinet/tcp.h;sys/select.h;utime.h;netinet/in.h;pwd.h;sgtty.h;stdint.h;stdlib.h;string.h;strings.h;sys/param.h;sys/stat.h;sys/time.h;sys/resource.h;termios.h;termio.h;time.h;unistd.h;sys/sockio.h exist failed with the following output:
Change Dir: /data/marg/abhishek/CoMeT/benchmarks/parsec/parsec-2.1/pkgs/tools/cmake/obj/amd64-linux.gcc-sniper/CMakeFiles/CMakeTmp

Run Build Command:/usr/bin/make "cmTryCompileExec/fast"
make[2]: Entering directory '/data/marg/abhishek/CoMeT/benchmarks/parsec/parsec-2.1/pkgs/tools/cmake/obj/amd64-linux.gcc-sniper/CMakeFiles/CMakeTmp'
/usr/bin/make -f CMakeFiles/cmTryCompileExec.dir/build.make CMakeFiles/cmTryCompileExec.dir/build
make[3]: Entering directory '/data/marg/abhishek/CoMeT/benchmarks/parsec/parsec-2.1/pkgs/tools/cmake/obj/amd64-linux.gcc-sniper/CMakeFiles/CMakeTmp'
/data/marg/abhishek/CoMeT/benchmarks/parsec/parsec-2.1/pkgs/tools/cmake/obj/amd64-linux.gcc-sniper/Bootstrap.cmk/cmake -E cmake_progress_report /data/marg/abhishek/CoMeT/benchmarks/parsec/parsec-2.1/pkgs/tools/cmake/obj/amd64-linux.gcc-sniper/CMakeFiles/CMakeTmp/CMakeFiles 1
Building C object CMakeFiles/cmTryCompileExec.dir/CheckIncludeFiles.c.o
/usr/bin/gcc   -O3 -funroll-loops -fprefetch-loop-arrays -static-libgcc -Wl,--hash-style=both,--as-needed -DPARSEC_VERSION=2.1 -DENABLE_PARSEC_HOOKS -I/data/marg/abhishek/CoMeT/benchmarks/parsec/parsec-2.1/pkgs/libs/hooks/inst/amd64-linux.gcc-sniper/include -I/data/marg/abhishek/CoMeT/benchmarks/tools/hooks -I/data/marg/abhishek/CoMeT/include -DENABLE_PARMACS      -o CMakeFiles/cmTryCompileExec.dir/CheckIncludeFiles.c.o   -c /data/marg/abhishek/CoMeT/benchmarks/parsec/parsec-2.1/pkgs/tools/cmake/obj/amd64-linux.gcc-sniper/CMakeFiles/CMakeTmp/CheckIncludeFiles.c
/data/marg/abhishek/CoMeT/benchmarks/parsec/parsec-2.1/pkgs/tools/cmake/obj/amd64-linux.gcc-sniper/CMakeFiles/CMakeTmp/CheckIncludeFiles.c:47:10: fatal error: sys/sockio.h: No such file or directory
   47 | #include <sys/sockio.h>
      |          ^~~~~~~~~~~~~~
compilation terminated.
make[3]: *** [CMakeFiles/cmTryCompileExec.dir/build.make:56: CMakeFiles/cmTryCompileExec.dir/CheckIncludeFiles.c.o] Error 1
make[3]: Leaving directory '/data/marg/abhishek/CoMeT/benchmarks/parsec/parsec-2.1/pkgs/tools/cmake/obj/amd64-linux.gcc-sniper/CMakeFiles/CMakeTmp'
make[2]: Leaving directory '/data/marg/abhishek/CoMeT/benchmarks/parsec/parsec-2.1/pkgs/tools/cmake/obj/amd64-linux.gcc-sniper/CMakeFiles/CMakeTmp'
make[2]: *** [Makefile:111: cmTryCompileExec/fast] Error 2

Source:
/* */
#include <stdio.h>
#include <stddef.h>
#include <sys/types.h>
#include <inttypes.h>
#include <alloca.h>
#include <arpa/inet.h>
#include <dlfcn.h>
#include <fcntl.h>
#include <malloc.h>
#include <memory.h>
#include <netdb.h>
#include <sys/poll.h>
#include <assert.h>
#include <limits.h>
#include <openssl/x509.h>
#include <openssl/engine.h>
#include <openssl/rsa.h>
#include <openssl/crypto.h>
#include <openssl/pem.h>
#include <openssl/ssl.h>
#include <openssl/err.h>
#include <openssl/rand.h>
#include <openssl/pkcs12.h>
#include <sys/socket.h>
#include <netinet/in.h>
#include <net/if.h>
#include <netinet/if_ether.h>
#include <netinet/tcp.h>
#include <sys/select.h>
#include <utime.h>
#include <netinet/in.h>
#include <pwd.h>
#include <sgtty.h>
#include <stdint.h>
#include <stdlib.h>
#include <string.h>
#include <strings.h>
#include <sys/param.h>
#include <sys/stat.h>
#include <sys/time.h>
#include <sys/resource.h>
#include <termios.h>
#include <termio.h>
#include <time.h>
#include <unistd.h>
#include <sys/sockio.h>


int main(){return 0;}

Determining if files stdio.h;stddef.h;sys/types.h;inttypes.h;alloca.h;arpa/inet.h;dlfcn.h;fcntl.h;malloc.h;memory.h;netdb.h;sys/poll.h;assert.h;limits.h;openssl/x509.h;openssl/engine.h;openssl/rsa.h;openssl/crypto.h;openssl/pem.h;openssl/ssl.h;openssl/err.h;openssl/rand.h;openssl/pkcs12.h;sys/socket.h;netinet/in.h;net/if.h;netinet/if_ether.h;netinet/tcp.h;sys/select.h;utime.h;netinet/in.h;pwd.h;sgtty.h;stdint.h;stdlib.h;string.h;strings.h;sys/param.h;sys/stat.h;sys/time.h;sys/resource.h;termios.h;termio.h;time.h;unistd.h;x509.h exist failed with the following output:
Change Dir: /data/marg/abhishek/CoMeT/benchmarks/parsec/parsec-2.1/pkgs/tools/cmake/obj/amd64-linux.gcc-sniper/CMakeFiles/CMakeTmp

Run Build Command:/usr/bin/make "cmTryCompileExec/fast"
make[2]: Entering directory '/data/marg/abhishek/CoMeT/benchmarks/parsec/parsec-2.1/pkgs/tools/cmake/obj/amd64-linux.gcc-sniper/CMakeFiles/CMakeTmp'
/usr/bin/make -f CMakeFiles/cmTryCompileExec.dir/build.make CMakeFiles/cmTryCompileExec.dir/build
make[3]: Entering directory '/data/marg/abhishek/CoMeT/benchmarks/parsec/parsec-2.1/pkgs/tools/cmake/obj/amd64-linux.gcc-sniper/CMakeFiles/CMakeTmp'
/data/marg/abhishek/CoMeT/benchmarks/parsec/parsec-2.1/pkgs/tools/cmake/obj/amd64-linux.gcc-sniper/Bootstrap.cmk/cmake -E cmake_progress_report /data/marg/abhishek/CoMeT/benchmarks/parsec/parsec-2.1/pkgs/tools/cmake/obj/amd64-linux.gcc-sniper/CMakeFiles/CMakeTmp/CMakeFiles 1
Building C object CMakeFiles/cmTryCompileExec.dir/CheckIncludeFiles.c.o
/usr/bin/gcc   -O3 -funroll-loops -fprefetch-loop-arrays -static-libgcc -Wl,--hash-style=both,--as-needed -DPARSEC_VERSION=2.1 -DENABLE_PARSEC_HOOKS -I/data/marg/abhishek/CoMeT/benchmarks/parsec/parsec-2.1/pkgs/libs/hooks/inst/amd64-linux.gcc-sniper/include -I/data/marg/abhishek/CoMeT/benchmarks/tools/hooks -I/data/marg/abhishek/CoMeT/include -DENABLE_PARMACS      -o CMakeFiles/cmTryCompileExec.dir/CheckIncludeFiles.c.o   -c /data/marg/abhishek/CoMeT/benchmarks/parsec/parsec-2.1/pkgs/tools/cmake/obj/amd64-linux.gcc-sniper/CMakeFiles/CMakeTmp/CheckIncludeFiles.c
/data/marg/abhishek/CoMeT/benchmarks/parsec/parsec-2.1/pkgs/tools/cmake/obj/amd64-linux.gcc-sniper/CMakeFiles/CMakeTmp/CheckIncludeFiles.c:47:10: fatal error: x509.h: No such file or directory
   47 | #include <x509.h>
      |          ^~~~~~~~
compilation terminated.
make[3]: Leaving directory '/data/marg/abhishek/CoMeT/benchmarks/parsec/parsec-2.1/pkgs/tools/cmake/obj/amd64-linux.gcc-sniper/CMakeFiles/CMakeTmp'
make[3]: *** [CMakeFiles/cmTryCompileExec.dir/build.make:56: CMakeFiles/cmTryCompileExec.dir/CheckIncludeFiles.c.o] Error 1
make[2]: *** [Makefile:111: cmTryCompileExec/fast] Error 2
make[2]: Leaving directory '/data/marg/abhishek/CoMeT/benchmarks/parsec/parsec-2.1/pkgs/tools/cmake/obj/amd64-linux.gcc-sniper/CMakeFiles/CMakeTmp'

Source:
/* */
#include <stdio.h>
#include <stddef.h>
#include <sys/types.h>
#include <inttypes.h>
#include <alloca.h>
#include <arpa/inet.h>
#include <dlfcn.h>
#include <fcntl.h>
#include <malloc.h>
#include <memory.h>
#include <netdb.h>
#include <sys/poll.h>
#include <assert.h>
#include <limits.h>
#include <openssl/x509.h>
#include <openssl/engine.h>
#include <openssl/rsa.h>
#include <openssl/crypto.h>
#include <openssl/pem.h>
#include <openssl/ssl.h>
#include <openssl/err.h>
#include <openssl/rand.h>
#include <openssl/pkcs12.h>
#include <sys/socket.h>
#include <netinet/in.h>
#include <net/if.h>
#include <netinet/if_ether.h>
#include <netinet/tcp.h>
#include <sys/select.h>
#include <utime.h>
#include <netinet/in.h>
#include <pwd.h>
#include <sgtty.h>
#include <stdint.h>
#include <stdlib.h>
#include <string.h>
#include <strings.h>
#include <sys/param.h>
#include <sys/stat.h>
#include <sys/time.h>
#include <sys/resource.h>
#include <termios.h>
#include <termio.h>
#include <time.h>
#include <unistd.h>
#include <x509.h>


int main(){return 0;}

Determining if files stdio.h;stddef.h;sys/types.h;inttypes.h;alloca.h;arpa/inet.h;dlfcn.h;fcntl.h;malloc.h;memory.h;netdb.h;sys/poll.h;assert.h;limits.h;openssl/x509.h;openssl/engine.h;openssl/rsa.h;openssl/crypto.h;openssl/pem.h;openssl/ssl.h;openssl/err.h;openssl/rand.h;openssl/pkcs12.h;sys/socket.h;netinet/in.h;net/if.h;netinet/if_ether.h;netinet/tcp.h;sys/select.h;utime.h;netinet/in.h;pwd.h;sgtty.h;stdint.h;stdlib.h;string.h;strings.h;sys/param.h;sys/stat.h;sys/time.h;sys/resource.h;termios.h;termio.h;time.h;unistd.h;locale.h;setjmp.h;signal.h;sys/ioctl.h;sys/utsname.h;idn-free.h exist failed with the following output:
Change Dir: /data/marg/abhishek/CoMeT/benchmarks/parsec/parsec-2.1/pkgs/tools/cmake/obj/amd64-linux.gcc-sniper/CMakeFiles/CMakeTmp

Run Build Command:/usr/bin/make "cmTryCompileExec/fast"
make[2]: Entering directory '/data/marg/abhishek/CoMeT/benchmarks/parsec/parsec-2.1/pkgs/tools/cmake/obj/amd64-linux.gcc-sniper/CMakeFiles/CMakeTmp'
/usr/bin/make -f CMakeFiles/cmTryCompileExec.dir/build.make CMakeFiles/cmTryCompileExec.dir/build
make[3]: Entering directory '/data/marg/abhishek/CoMeT/benchmarks/parsec/parsec-2.1/pkgs/tools/cmake/obj/amd64-linux.gcc-sniper/CMakeFiles/CMakeTmp'
/data/marg/abhishek/CoMeT/benchmarks/parsec/parsec-2.1/pkgs/tools/cmake/obj/amd64-linux.gcc-sniper/Bootstrap.cmk/cmake -E cmake_progress_report /data/marg/abhishek/CoMeT/benchmarks/parsec/parsec-2.1/pkgs/tools/cmake/obj/amd64-linux.gcc-sniper/CMakeFiles/CMakeTmp/CMakeFiles 1
Building C object CMakeFiles/cmTryCompileExec.dir/CheckIncludeFiles.c.o
/usr/bin/gcc   -O3 -funroll-loops -fprefetch-loop-arrays -static-libgcc -Wl,--hash-style=both,--as-needed -DPARSEC_VERSION=2.1 -DENABLE_PARSEC_HOOKS -I/data/marg/abhishek/CoMeT/benchmarks/parsec/parsec-2.1/pkgs/libs/hooks/inst/amd64-linux.gcc-sniper/include -I/data/marg/abhishek/CoMeT/benchmarks/tools/hooks -I/data/marg/abhishek/CoMeT/include -DENABLE_PARMACS      -o CMakeFiles/cmTryCompileExec.dir/CheckIncludeFiles.c.o   -c /data/marg/abhishek/CoMeT/benchmarks/parsec/parsec-2.1/pkgs/tools/cmake/obj/amd64-linux.gcc-sniper/CMakeFiles/CMakeTmp/CheckIncludeFiles.c
/data/marg/abhishek/CoMeT/benchmarks/parsec/parsec-2.1/pkgs/tools/cmake/obj/amd64-linux.gcc-sniper/CMakeFiles/CMakeTmp/CheckIncludeFiles.c:52:10: fatal error: idn-free.h: No such file or directory
   52 | #include <idn-free.h>
      |          ^~~~~~~~~~~~
compilation terminated.
make[3]: *** [CMakeFiles/cmTryCompileExec.dir/build.make:56: CMakeFiles/cmTryCompileExec.dir/CheckIncludeFiles.c.o] Error 1
make[3]: Leaving directory '/data/marg/abhishek/CoMeT/benchmarks/parsec/parsec-2.1/pkgs/tools/cmake/obj/amd64-linux.gcc-sniper/CMakeFiles/CMakeTmp'
make[2]: *** [Makefile:111: cmTryCompileExec/fast] Error 2
make[2]: Leaving directory '/data/marg/abhishek/CoMeT/benchmarks/parsec/parsec-2.1/pkgs/tools/cmake/obj/amd64-linux.gcc-sniper/CMakeFiles/CMakeTmp'

Source:
/* */
#include <stdio.h>
#include <stddef.h>
#include <sys/types.h>
#include <inttypes.h>
#include <alloca.h>
#include <arpa/inet.h>
#include <dlfcn.h>
#include <fcntl.h>
#include <malloc.h>
#include <memory.h>
#include <netdb.h>
#include <sys/poll.h>
#include <assert.h>
#include <limits.h>
#include <openssl/x509.h>
#include <openssl/engine.h>
#include <openssl/rsa.h>
#include <openssl/crypto.h>
#include <openssl/pem.h>
#include <openssl/ssl.h>
#include <openssl/err.h>
#include <openssl/rand.h>
#include <openssl/pkcs12.h>
#include <sys/socket.h>
#include <netinet/in.h>
#include <net/if.h>
#include <netinet/if_ether.h>
#include <netinet/tcp.h>
#include <sys/select.h>
#include <utime.h>
#include <netinet/in.h>
#include <pwd.h>
#include <sgtty.h>
#include <stdint.h>
#include <stdlib.h>
#include <string.h>
#include <strings.h>
#include <sys/param.h>
#include <sys/stat.h>
#include <sys/time.h>
#include <sys/resource.h>
#include <termios.h>
#include <termio.h>
#include <time.h>
#include <unistd.h>
#include <locale.h>
#include <setjmp.h>
#include <signal.h>
#include <sys/ioctl.h>
#include <sys/utsname.h>
#include <idn-free.h>


int main(){return 0;}

Determining if files stdio.h;stddef.h;sys/types.h;inttypes.h;alloca.h;arpa/inet.h;dlfcn.h;fcntl.h;malloc.h;memory.h;netdb.h;sys/poll.h;assert.h;limits.h;openssl/x509.h;openssl/engine.h;openssl/rsa.h;openssl/crypto.h;openssl/pem.h;openssl/ssl.h;openssl/err.h;openssl/rand.h;openssl/pkcs12.h;sys/socket.h;netinet/in.h;net/if.h;netinet/if_ether.h;netinet/tcp.h;sys/select.h;utime.h;netinet/in.h;pwd.h;sgtty.h;stdint.h;stdlib.h;string.h;strings.h;sys/param.h;sys/stat.h;sys/time.h;sys/resource.h;termios.h;termio.h;time.h;unistd.h;locale.h;setjmp.h;signal.h;sys/ioctl.h;sys/utsname.h;idna.h exist failed with the following output:
Change Dir: /data/marg/abhishek/CoMeT/benchmarks/parsec/parsec-2.1/pkgs/tools/cmake/obj/amd64-linux.gcc-sniper/CMakeFiles/CMakeTmp

Run Build Command:/usr/bin/make "cmTryCompileExec/fast"
make[2]: Entering directory '/data/marg/abhishek/CoMeT/benchmarks/parsec/parsec-2.1/pkgs/tools/cmake/obj/amd64-linux.gcc-sniper/CMakeFiles/CMakeTmp'
/usr/bin/make -f CMakeFiles/cmTryCompileExec.dir/build.make CMakeFiles/cmTryCompileExec.dir/build
make[3]: Entering directory '/data/marg/abhishek/CoMeT/benchmarks/parsec/parsec-2.1/pkgs/tools/cmake/obj/amd64-linux.gcc-sniper/CMakeFiles/CMakeTmp'
/data/marg/abhishek/CoMeT/benchmarks/parsec/parsec-2.1/pkgs/tools/cmake/obj/amd64-linux.gcc-sniper/Bootstrap.cmk/cmake -E cmake_progress_report /data/marg/abhishek/CoMeT/benchmarks/parsec/parsec-2.1/pkgs/tools/cmake/obj/amd64-linux.gcc-sniper/CMakeFiles/CMakeTmp/CMakeFiles 1
Building C object CMakeFiles/cmTryCompileExec.dir/CheckIncludeFiles.c.o
/usr/bin/gcc   -O3 -funroll-loops -fprefetch-loop-arrays -static-libgcc -Wl,--hash-style=both,--as-needed -DPARSEC_VERSION=2.1 -DENABLE_PARSEC_HOOKS -I/data/marg/abhishek/CoMeT/benchmarks/parsec/parsec-2.1/pkgs/libs/hooks/inst/amd64-linux.gcc-sniper/include -I/data/marg/abhishek/CoMeT/benchmarks/tools/hooks -I/data/marg/abhishek/CoMeT/include -DENABLE_PARMACS      -o CMakeFiles/cmTryCompileExec.dir/CheckIncludeFiles.c.o   -c /data/marg/abhishek/CoMeT/benchmarks/parsec/parsec-2.1/pkgs/tools/cmake/obj/amd64-linux.gcc-sniper/CMakeFiles/CMakeTmp/CheckIncludeFiles.c
/data/marg/abhishek/CoMeT/benchmarks/parsec/parsec-2.1/pkgs/tools/cmake/obj/amd64-linux.gcc-sniper/CMakeFiles/CMakeTmp/CheckIncludeFiles.c:52:10: fatal error: idna.h: No such file or directory
   52 | #include <idna.h>
      |          ^~~~~~~~
compilation terminated.
make[3]: Leaving directory '/data/marg/abhishek/CoMeT/benchmarks/parsec/parsec-2.1/pkgs/tools/cmake/obj/amd64-linux.gcc-sniper/CMakeFiles/CMakeTmp'
make[3]: *** [CMakeFiles/cmTryCompileExec.dir/build.make:56: CMakeFiles/cmTryCompileExec.dir/CheckIncludeFiles.c.o] Error 1
make[2]: Leaving directory '/data/marg/abhishek/CoMeT/benchmarks/parsec/parsec-2.1/pkgs/tools/cmake/obj/amd64-linux.gcc-sniper/CMakeFiles/CMakeTmp'
make[2]: *** [Makefile:111: cmTryCompileExec/fast] Error 2

Source:
/* */
#include <stdio.h>
#include <stddef.h>
#include <sys/types.h>
#include <inttypes.h>
#include <alloca.h>
#include <arpa/inet.h>
#include <dlfcn.h>
#include <fcntl.h>
#include <malloc.h>
#include <memory.h>
#include <netdb.h>
#include <sys/poll.h>
#include <assert.h>
#include <limits.h>
#include <openssl/x509.h>
#include <openssl/engine.h>
#include <openssl/rsa.h>
#include <openssl/crypto.h>
#include <openssl/pem.h>
#include <openssl/ssl.h>
#include <openssl/err.h>
#include <openssl/rand.h>
#include <openssl/pkcs12.h>
#include <sys/socket.h>
#include <netinet/in.h>
#include <net/if.h>
#include <netinet/if_ether.h>
#include <netinet/tcp.h>
#include <sys/select.h>
#include <utime.h>
#include <netinet/in.h>
#include <pwd.h>
#include <sgtty.h>
#include <stdint.h>
#include <stdlib.h>
#include <string.h>
#include <strings.h>
#include <sys/param.h>
#include <sys/stat.h>
#include <sys/time.h>
#include <sys/resource.h>
#include <termios.h>
#include <termio.h>
#include <time.h>
#include <unistd.h>
#include <locale.h>
#include <setjmp.h>
#include <signal.h>
#include <sys/ioctl.h>
#include <sys/utsname.h>
#include <idna.h>


int main(){return 0;}

Determining if files stdio.h;stddef.h;sys/types.h;inttypes.h;alloca.h;arpa/inet.h;dlfcn.h;fcntl.h;malloc.h;memory.h;netdb.h;sys/poll.h;assert.h;limits.h;openssl/x509.h;openssl/engine.h;openssl/rsa.h;openssl/crypto.h;openssl/pem.h;openssl/ssl.h;openssl/err.h;openssl/rand.h;openssl/pkcs12.h;sys/socket.h;netinet/in.h;net/if.h;netinet/if_ether.h;netinet/tcp.h;sys/select.h;utime.h;netinet/in.h;pwd.h;sgtty.h;stdint.h;stdlib.h;string.h;strings.h;sys/param.h;sys/stat.h;sys/time.h;sys/resource.h;termios.h;termio.h;time.h;unistd.h;locale.h;setjmp.h;signal.h;sys/ioctl.h;sys/utsname.h;tld.h exist failed with the following output:
Change Dir: /data/marg/abhishek/CoMeT/benchmarks/parsec/parsec-2.1/pkgs/tools/cmake/obj/amd64-linux.gcc-sniper/CMakeFiles/CMakeTmp

Run Build Command:/usr/bin/make "cmTryCompileExec/fast"
make[2]: Entering directory '/data/marg/abhishek/CoMeT/benchmarks/parsec/parsec-2.1/pkgs/tools/cmake/obj/amd64-linux.gcc-sniper/CMakeFiles/CMakeTmp'
/usr/bin/make -f CMakeFiles/cmTryCompileExec.dir/build.make CMakeFiles/cmTryCompileExec.dir/build
make[3]: Entering directory '/data/marg/abhishek/CoMeT/benchmarks/parsec/parsec-2.1/pkgs/tools/cmake/obj/amd64-linux.gcc-sniper/CMakeFiles/CMakeTmp'
/data/marg/abhishek/CoMeT/benchmarks/parsec/parsec-2.1/pkgs/tools/cmake/obj/amd64-linux.gcc-sniper/Bootstrap.cmk/cmake -E cmake_progress_report /data/marg/abhishek/CoMeT/benchmarks/parsec/parsec-2.1/pkgs/tools/cmake/obj/amd64-linux.gcc-sniper/CMakeFiles/CMakeTmp/CMakeFiles 1
Building C object CMakeFiles/cmTryCompileExec.dir/CheckIncludeFiles.c.o
/usr/bin/gcc   -O3 -funroll-loops -fprefetch-loop-arrays -static-libgcc -Wl,--hash-style=both,--as-needed -DPARSEC_VERSION=2.1 -DENABLE_PARSEC_HOOKS -I/data/marg/abhishek/CoMeT/benchmarks/parsec/parsec-2.1/pkgs/libs/hooks/inst/amd64-linux.gcc-sniper/include -I/data/marg/abhishek/CoMeT/benchmarks/tools/hooks -I/data/marg/abhishek/CoMeT/include -DENABLE_PARMACS      -o CMakeFiles/cmTryCompileExec.dir/CheckIncludeFiles.c.o   -c /data/marg/abhishek/CoMeT/benchmarks/parsec/parsec-2.1/pkgs/tools/cmake/obj/amd64-linux.gcc-sniper/CMakeFiles/CMakeTmp/CheckIncludeFiles.c
/data/marg/abhishek/CoMeT/benchmarks/parsec/parsec-2.1/pkgs/tools/cmake/obj/amd64-linux.gcc-sniper/CMakeFiles/CMakeTmp/CheckIncludeFiles.c:52:10: fatal error: tld.h: No such file or directory
   52 | #include <tld.h>
      |          ^~~~~~~
compilation terminated.
make[3]: *** [CMakeFiles/cmTryCompileExec.dir/build.make:56: CMakeFiles/cmTryCompileExec.dir/CheckIncludeFiles.c.o] Error 1
make[3]: Leaving directory '/data/marg/abhishek/CoMeT/benchmarks/parsec/parsec-2.1/pkgs/tools/cmake/obj/amd64-linux.gcc-sniper/CMakeFiles/CMakeTmp'
make[2]: *** [Makefile:111: cmTryCompileExec/fast] Error 2
make[2]: Leaving directory '/data/marg/abhishek/CoMeT/benchmarks/parsec/parsec-2.1/pkgs/tools/cmake/obj/amd64-linux.gcc-sniper/CMakeFiles/CMakeTmp'

Source:
/* */
#include <stdio.h>
#include <stddef.h>
#include <sys/types.h>
#include <inttypes.h>
#include <alloca.h>
#include <arpa/inet.h>
#include <dlfcn.h>
#include <fcntl.h>
#include <malloc.h>
#include <memory.h>
#include <netdb.h>
#include <sys/poll.h>
#include <assert.h>
#include <limits.h>
#include <openssl/x509.h>
#include <openssl/engine.h>
#include <openssl/rsa.h>
#include <openssl/crypto.h>
#include <openssl/pem.h>
#include <openssl/ssl.h>
#include <openssl/err.h>
#include <openssl/rand.h>
#include <openssl/pkcs12.h>
#include <sys/socket.h>
#include <netinet/in.h>
#include <net/if.h>
#include <netinet/if_ether.h>
#include <netinet/tcp.h>
#include <sys/select.h>
#include <utime.h>
#include <netinet/in.h>
#include <pwd.h>
#include <sgtty.h>
#include <stdint.h>
#include <stdlib.h>
#include <string.h>
#include <strings.h>
#include <sys/param.h>
#include <sys/stat.h>
#include <sys/time.h>
#include <sys/resource.h>
#include <termios.h>
#include <termio.h>
#include <time.h>
#include <unistd.h>
#include <locale.h>
#include <setjmp.h>
#include <signal.h>
#include <sys/ioctl.h>
#include <sys/utsname.h>
#include <tld.h>


int main(){return 0;}

Determining if files stdio.h;stddef.h;sys/types.h;inttypes.h;alloca.h;arpa/inet.h;dlfcn.h;fcntl.h;malloc.h;memory.h;netdb.h;sys/poll.h;assert.h;limits.h;openssl/x509.h;openssl/engine.h;openssl/rsa.h;openssl/crypto.h;openssl/pem.h;openssl/ssl.h;openssl/err.h;openssl/rand.h;openssl/pkcs12.h;sys/socket.h;netinet/in.h;net/if.h;netinet/if_ether.h;netinet/tcp.h;sys/select.h;utime.h;netinet/in.h;pwd.h;sgtty.h;stdint.h;stdlib.h;string.h;strings.h;sys/param.h;sys/stat.h;sys/time.h;sys/resource.h;termios.h;termio.h;time.h;unistd.h;locale.h;setjmp.h;signal.h;sys/ioctl.h;sys/utsname.h;arpa/tftp.h;errno.h;libgen.h;sys/filio.h exist failed with the following output:
Change Dir: /data/marg/abhishek/CoMeT/benchmarks/parsec/parsec-2.1/pkgs/tools/cmake/obj/amd64-linux.gcc-sniper/CMakeFiles/CMakeTmp

Run Build Command:/usr/bin/make "cmTryCompileExec/fast"
make[2]: Entering directory '/data/marg/abhishek/CoMeT/benchmarks/parsec/parsec-2.1/pkgs/tools/cmake/obj/amd64-linux.gcc-sniper/CMakeFiles/CMakeTmp'
/usr/bin/make -f CMakeFiles/cmTryCompileExec.dir/build.make CMakeFiles/cmTryCompileExec.dir/build
make[3]: Entering directory '/data/marg/abhishek/CoMeT/benchmarks/parsec/parsec-2.1/pkgs/tools/cmake/obj/amd64-linux.gcc-sniper/CMakeFiles/CMakeTmp'
/data/marg/abhishek/CoMeT/benchmarks/parsec/parsec-2.1/pkgs/tools/cmake/obj/amd64-linux.gcc-sniper/Bootstrap.cmk/cmake -E cmake_progress_report /data/marg/abhishek/CoMeT/benchmarks/parsec/parsec-2.1/pkgs/tools/cmake/obj/amd64-linux.gcc-sniper/CMakeFiles/CMakeTmp/CMakeFiles 1
Building C object CMakeFiles/cmTryCompileExec.dir/CheckIncludeFiles.c.o
/usr/bin/gcc   -O3 -funroll-loops -fprefetch-loop-arrays -static-libgcc -Wl,--hash-style=both,--as-needed -DPARSEC_VERSION=2.1 -DENABLE_PARSEC_HOOKS -I/data/marg/abhishek/CoMeT/benchmarks/parsec/parsec-2.1/pkgs/libs/hooks/inst/amd64-linux.gcc-sniper/include -I/data/marg/abhishek/CoMeT/benchmarks/tools/hooks -I/data/marg/abhishek/CoMeT/include -DENABLE_PARMACS      -o CMakeFiles/cmTryCompileExec.dir/CheckIncludeFiles.c.o   -c /data/marg/abhishek/CoMeT/benchmarks/parsec/parsec-2.1/pkgs/tools/cmake/obj/amd64-linux.gcc-sniper/CMakeFiles/CMakeTmp/CheckIncludeFiles.c
/data/marg/abhishek/CoMeT/benchmarks/parsec/parsec-2.1/pkgs/tools/cmake/obj/amd64-linux.gcc-sniper/CMakeFiles/CMakeTmp/CheckIncludeFiles.c:55:10: fatal error: sys/filio.h: No such file or directory
   55 | #include <sys/filio.h>
      |          ^~~~~~~~~~~~~
compilation terminated.
make[3]: Leaving directory '/data/marg/abhishek/CoMeT/benchmarks/parsec/parsec-2.1/pkgs/tools/cmake/obj/amd64-linux.gcc-sniper/CMakeFiles/CMakeTmp'
make[3]: *** [CMakeFiles/cmTryCompileExec.dir/build.make:56: CMakeFiles/cmTryCompileExec.dir/CheckIncludeFiles.c.o] Error 1
make[2]: *** [Makefile:111: cmTryCompileExec/fast] Error 2
make[2]: Leaving directory '/data/marg/abhishek/CoMeT/benchmarks/parsec/parsec-2.1/pkgs/tools/cmake/obj/amd64-linux.gcc-sniper/CMakeFiles/CMakeTmp'

Source:
/* */
#include <stdio.h>
#include <stddef.h>
#include <sys/types.h>
#include <inttypes.h>
#include <alloca.h>
#include <arpa/inet.h>
#include <dlfcn.h>
#include <fcntl.h>
#include <malloc.h>
#include <memory.h>
#include <netdb.h>
#include <sys/poll.h>
#include <assert.h>
#include <limits.h>
#include <openssl/x509.h>
#include <openssl/engine.h>
#include <openssl/rsa.h>
#include <openssl/crypto.h>
#include <openssl/pem.h>
#include <openssl/ssl.h>
#include <openssl/err.h>
#include <openssl/rand.h>
#include <openssl/pkcs12.h>
#include <sys/socket.h>
#include <netinet/in.h>
#include <net/if.h>
#include <netinet/if_ether.h>
#include <netinet/tcp.h>
#include <sys/select.h>
#include <utime.h>
#include <netinet/in.h>
#include <pwd.h>
#include <sgtty.h>
#include <stdint.h>
#include <stdlib.h>
#include <string.h>
#include <strings.h>
#include <sys/param.h>
#include <sys/stat.h>
#include <sys/time.h>
#include <sys/resource.h>
#include <termios.h>
#include <termio.h>
#include <time.h>
#include <unistd.h>
#include <locale.h>
#include <setjmp.h>
#include <signal.h>
#include <sys/ioctl.h>
#include <sys/utsname.h>
#include <arpa/tftp.h>
#include <errno.h>
#include <libgen.h>
#include <sys/filio.h>


int main(){return 0;}

Determining size of __int64 failed with the following output:
Change Dir: /data/marg/abhishek/CoMeT/benchmarks/parsec/parsec-2.1/pkgs/tools/cmake/obj/amd64-linux.gcc-sniper/CMakeFiles/CMakeTmp

Run Build Command:/usr/bin/make "cmTryCompileExec/fast"
make[2]: Entering directory '/data/marg/abhishek/CoMeT/benchmarks/parsec/parsec-2.1/pkgs/tools/cmake/obj/amd64-linux.gcc-sniper/CMakeFiles/CMakeTmp'
/usr/bin/make -f CMakeFiles/cmTryCompileExec.dir/build.make CMakeFiles/cmTryCompileExec.dir/build
make[3]: Entering directory '/data/marg/abhishek/CoMeT/benchmarks/parsec/parsec-2.1/pkgs/tools/cmake/obj/amd64-linux.gcc-sniper/CMakeFiles/CMakeTmp'
/data/marg/abhishek/CoMeT/benchmarks/parsec/parsec-2.1/pkgs/tools/cmake/obj/amd64-linux.gcc-sniper/Bootstrap.cmk/cmake -E cmake_progress_report /data/marg/abhishek/CoMeT/benchmarks/parsec/parsec-2.1/pkgs/tools/cmake/obj/amd64-linux.gcc-sniper/CMakeFiles/CMakeTmp/CMakeFiles 1
Building C object CMakeFiles/cmTryCompileExec.dir/CheckTypeSize.c.o
/usr/bin/gcc   -O3 -funroll-loops -fprefetch-loop-arrays -static-libgcc -Wl,--hash-style=both,--as-needed -DPARSEC_VERSION=2.1 -DENABLE_PARSEC_HOOKS -I/data/marg/abhishek/CoMeT/benchmarks/parsec/parsec-2.1/pkgs/libs/hooks/inst/amd64-linux.gcc-sniper/include -I/data/marg/abhishek/CoMeT/benchmarks/tools/hooks -I/data/marg/abhishek/CoMeT/include -DENABLE_PARMACS    -DHAVE_SYS_TYPES_H -DHAVE_STDINT_H -DHAVE_STDDEF_H   -o CMakeFiles/cmTryCompileExec.dir/CheckTypeSize.c.o   -c /data/marg/abhishek/CoMeT/benchmarks/parsec/parsec-2.1/pkgs/tools/cmake/obj/amd64-linux.gcc-sniper/CMakeFiles/CMakeTmp/CheckTypeSize.c
/data/marg/abhishek/CoMeT/benchmarks/parsec/parsec-2.1/pkgs/tools/cmake/obj/amd64-linux.gcc-sniper/CMakeFiles/CMakeTmp/CheckTypeSize.c: In function ‘main’:
/data/marg/abhishek/CoMeT/benchmarks/parsec/parsec-2.1/pkgs/tools/cmake/obj/amd64-linux.gcc-sniper/CMakeFiles/CMakeTmp/CheckTypeSize.c:1:30: error: ‘__int64’ undeclared (first use in this function); did you mean ‘__int64_t’?
    1 | #define CHECK_TYPE_SIZE_TYPE __int64
      |                              ^~~~~~~
/data/marg/abhishek/CoMeT/benchmarks/parsec/parsec-2.1/pkgs/tools/cmake/obj/amd64-linux.gcc-sniper/CMakeFiles/CMakeTmp/CheckTypeSize.c:27:17: note: in expansion of macro ‘CHECK_TYPE_SIZE_TYPE’
   27 |   return sizeof(CHECK_TYPE_SIZE_TYPE);
      |                 ^~~~~~~~~~~~~~~~~~~~
/data/marg/abhishek/CoMeT/benchmarks/parsec/parsec-2.1/pkgs/tools/cmake/obj/amd64-linux.gcc-sniper/CMakeFiles/CMakeTmp/CheckTypeSize.c:1:30: note: each undeclared identifier is reported only once for each function it appears in
    1 | #define CHECK_TYPE_SIZE_TYPE __int64
      |                              ^~~~~~~
/data/marg/abhishek/CoMeT/benchmarks/parsec/parsec-2.1/pkgs/tools/cmake/obj/amd64-linux.gcc-sniper/CMakeFiles/CMakeTmp/CheckTypeSize.c:27:17: note: in expansion of macro ‘CHECK_TYPE_SIZE_TYPE’
   27 |   return sizeof(CHECK_TYPE_SIZE_TYPE);
      |                 ^~~~~~~~~~~~~~~~~~~~
make[3]: Leaving directory '/data/marg/abhishek/CoMeT/benchmarks/parsec/parsec-2.1/pkgs/tools/cmake/obj/amd64-linux.gcc-sniper/CMakeFiles/CMakeTmp'
make[3]: *** [CMakeFiles/cmTryCompileExec.dir/build.make:56: CMakeFiles/cmTryCompileExec.dir/CheckTypeSize.c.o] Error 1
make[2]: *** [Makefile:111: cmTryCompileExec/fast] Error 2
make[2]: Leaving directory '/data/marg/abhishek/CoMeT/benchmarks/parsec/parsec-2.1/pkgs/tools/cmake/obj/amd64-linux.gcc-sniper/CMakeFiles/CMakeTmp'

CheckTypeSize.c:
#define CHECK_TYPE_SIZE_TYPE __int64
#ifdef CHECK_TYPE_SIZE_TYPE


#ifdef HAVE_SYS_TYPES_H
#  include <sys/types.h>
#endif /* HAVE_SYS_TYPES_H */

#ifdef HAVE_STDINT_H
#  include <stdint.h>
#endif /* HAVE_STDINT_H */

#ifdef HAVE_STDDEF_H
#  include <stddef.h>
#endif /* HAVE_STDDEF_H */



#ifdef __CLASSIC_C__
int main(){
  int ac;
  char*av[];
#else
int main(int ac, char*av[]){
#endif
  if(ac > 1000){return *av[0];}
  return sizeof(CHECK_TYPE_SIZE_TYPE);
}

#else  /* CHECK_TYPE_SIZE_TYPE */

#  error "CHECK_TYPE_SIZE_TYPE has to specify the type"

#endif /* CHECK_TYPE_SIZE_TYPE */


Determining if the stricmp exist failed with the following output:
Change Dir: /data/marg/abhishek/CoMeT/benchmarks/parsec/parsec-2.1/pkgs/tools/cmake/obj/amd64-linux.gcc-sniper/CMakeFiles/CMakeTmp

Run Build Command:/usr/bin/make "cmTryCompileExec/fast"
make[2]: Entering directory '/data/marg/abhishek/CoMeT/benchmarks/parsec/parsec-2.1/pkgs/tools/cmake/obj/amd64-linux.gcc-sniper/CMakeFiles/CMakeTmp'
/usr/bin/make -f CMakeFiles/cmTryCompileExec.dir/build.make CMakeFiles/cmTryCompileExec.dir/build
make[3]: Entering directory '/data/marg/abhishek/CoMeT/benchmarks/parsec/parsec-2.1/pkgs/tools/cmake/obj/amd64-linux.gcc-sniper/CMakeFiles/CMakeTmp'
/data/marg/abhishek/CoMeT/benchmarks/parsec/parsec-2.1/pkgs/tools/cmake/obj/amd64-linux.gcc-sniper/Bootstrap.cmk/cmake -E cmake_progress_report /data/marg/abhishek/CoMeT/benchmarks/parsec/parsec-2.1/pkgs/tools/cmake/obj/amd64-linux.gcc-sniper/CMakeFiles/CMakeTmp/CMakeFiles 1
Building C object CMakeFiles/cmTryCompileExec.dir/CheckSymbolExists.c.o
/usr/bin/gcc   -O3 -funroll-loops -fprefetch-loop-arrays -static-libgcc -Wl,--hash-style=both,--as-needed -DPARSEC_VERSION=2.1 -DENABLE_PARSEC_HOOKS -I/data/marg/abhishek/CoMeT/benchmarks/parsec/parsec-2.1/pkgs/libs/hooks/inst/amd64-linux.gcc-sniper/include -I/data/marg/abhishek/CoMeT/benchmarks/tools/hooks -I/data/marg/abhishek/CoMeT/include -DENABLE_PARMACS      -o CMakeFiles/cmTryCompileExec.dir/CheckSymbolExists.c.o   -c /data/marg/abhishek/CoMeT/benchmarks/parsec/parsec-2.1/pkgs/tools/cmake/obj/amd64-linux.gcc-sniper/CMakeFiles/CMakeTmp/CheckSymbolExists.c
/data/marg/abhishek/CoMeT/benchmarks/parsec/parsec-2.1/pkgs/tools/cmake/obj/amd64-linux.gcc-sniper/CMakeFiles/CMakeTmp/CheckSymbolExists.c: In function ‘main’:
/data/marg/abhishek/CoMeT/benchmarks/parsec/parsec-2.1/pkgs/tools/cmake/obj/amd64-linux.gcc-sniper/CMakeFiles/CMakeTmp/CheckSymbolExists.c:60:25: error: ‘stricmp’ undeclared (first use in this function); did you mean ‘strncmp’?
   60 |   cmakeRequireSymbol(0,&stricmp);
      |                         ^~~~~~~
      |                         strncmp
/data/marg/abhishek/CoMeT/benchmarks/parsec/parsec-2.1/pkgs/tools/cmake/obj/amd64-linux.gcc-sniper/CMakeFiles/CMakeTmp/CheckSymbolExists.c:60:25: note: each undeclared identifier is reported only once for each function it appears in
make[3]: *** [CMakeFiles/cmTryCompileExec.dir/build.make:56: CMakeFiles/cmTryCompileExec.dir/CheckSymbolExists.c.o] Error 1
make[3]: Leaving directory '/data/marg/abhishek/CoMeT/benchmarks/parsec/parsec-2.1/pkgs/tools/cmake/obj/amd64-linux.gcc-sniper/CMakeFiles/CMakeTmp'
make[2]: *** [Makefile:111: cmTryCompileExec/fast] Error 2
make[2]: Leaving directory '/data/marg/abhishek/CoMeT/benchmarks/parsec/parsec-2.1/pkgs/tools/cmake/obj/amd64-linux.gcc-sniper/CMakeFiles/CMakeTmp'

File /data/marg/abhishek/CoMeT/benchmarks/parsec/parsec-2.1/pkgs/tools/cmake/obj/amd64-linux.gcc-sniper/CMakeFiles/CMakeTmp/CheckSymbolExists.c:
/* */
#include <stdio.h>
#include <stddef.h>
#include <sys/types.h>
#include <inttypes.h>
#include <alloca.h>
#include <arpa/inet.h>
#include <dlfcn.h>
#include <fcntl.h>
#include <malloc.h>
#include <memory.h>
#include <netdb.h>
#include <sys/poll.h>
#include <assert.h>
#include <limits.h>
#include <openssl/x509.h>
#include <openssl/engine.h>
#include <openssl/rsa.h>
#include <openssl/crypto.h>
#include <openssl/pem.h>
#include <openssl/ssl.h>
#include <openssl/err.h>
#include <openssl/rand.h>
#include <openssl/pkcs12.h>
#include <sys/socket.h>
#include <netinet/in.h>
#include <net/if.h>
#include <netinet/if_ether.h>
#include <netinet/tcp.h>
#include <sys/select.h>
#include <utime.h>
#include <netinet/in.h>
#include <pwd.h>
#include <sgtty.h>
#include <stdint.h>
#include <stdlib.h>
#include <string.h>
#include <strings.h>
#include <sys/param.h>
#include <sys/stat.h>
#include <sys/time.h>
#include <sys/resource.h>
#include <termios.h>
#include <termio.h>
#include <time.h>
#include <unistd.h>
#include <locale.h>
#include <setjmp.h>
#include <signal.h>
#include <sys/ioctl.h>
#include <sys/utsname.h>
#include <arpa/tftp.h>
#include <errno.h>
#include <libgen.h>

void cmakeRequireSymbol(int dummy,...){(void)dummy;}
int main()
{
#ifndef stricmp
  cmakeRequireSymbol(0,&stricmp);
#endif
  return 0;
}

Determining if the strcmpi exist failed with the following output:
Change Dir: /data/marg/abhishek/CoMeT/benchmarks/parsec/parsec-2.1/pkgs/tools/cmake/obj/amd64-linux.gcc-sniper/CMakeFiles/CMakeTmp

Run Build Command:/usr/bin/make "cmTryCompileExec/fast"
make[2]: Entering directory '/data/marg/abhishek/CoMeT/benchmarks/parsec/parsec-2.1/pkgs/tools/cmake/obj/amd64-linux.gcc-sniper/CMakeFiles/CMakeTmp'
/usr/bin/make -f CMakeFiles/cmTryCompileExec.dir/build.make CMakeFiles/cmTryCompileExec.dir/build
make[3]: Entering directory '/data/marg/abhishek/CoMeT/benchmarks/parsec/parsec-2.1/pkgs/tools/cmake/obj/amd64-linux.gcc-sniper/CMakeFiles/CMakeTmp'
/data/marg/abhishek/CoMeT/benchmarks/parsec/parsec-2.1/pkgs/tools/cmake/obj/amd64-linux.gcc-sniper/Bootstrap.cmk/cmake -E cmake_progress_report /data/marg/abhishek/CoMeT/benchmarks/parsec/parsec-2.1/pkgs/tools/cmake/obj/amd64-linux.gcc-sniper/CMakeFiles/CMakeTmp/CMakeFiles 1
Building C object CMakeFiles/cmTryCompileExec.dir/CheckSymbolExists.c.o
/usr/bin/gcc   -O3 -funroll-loops -fprefetch-loop-arrays -static-libgcc -Wl,--hash-style=both,--as-needed -DPARSEC_VERSION=2.1 -DENABLE_PARSEC_HOOKS -I/data/marg/abhishek/CoMeT/benchmarks/parsec/parsec-2.1/pkgs/libs/hooks/inst/amd64-linux.gcc-sniper/include -I/data/marg/abhishek/CoMeT/benchmarks/tools/hooks -I/data/marg/abhishek/CoMeT/include -DENABLE_PARMACS      -o CMakeFiles/cmTryCompileExec.dir/CheckSymbolExists.c.o   -c /data/marg/abhishek/CoMeT/benchmarks/parsec/parsec-2.1/pkgs/tools/cmake/obj/amd64-linux.gcc-sniper/CMakeFiles/CMakeTmp/CheckSymbolExists.c
/data/marg/abhishek/CoMeT/benchmarks/parsec/parsec-2.1/pkgs/tools/cmake/obj/amd64-linux.gcc-sniper/CMakeFiles/CMakeTmp/CheckSymbolExists.c: In function ‘main’:
/data/marg/abhishek/CoMeT/benchmarks/parsec/parsec-2.1/pkgs/tools/cmake/obj/amd64-linux.gcc-sniper/CMakeFiles/CMakeTmp/CheckSymbolExists.c:60:25: error: ‘strcmpi’ undeclared (first use in this function); did you mean ‘strcmp’?
   60 |   cmakeRequireSymbol(0,&strcmpi);
      |                         ^~~~~~~
      |                         strcmp
/data/marg/abhishek/CoMeT/benchmarks/parsec/parsec-2.1/pkgs/tools/cmake/obj/amd64-linux.gcc-sniper/CMakeFiles/CMakeTmp/CheckSymbolExists.c:60:25: note: each undeclared identifier is reported only once for each function it appears in
make[3]: Leaving directory '/data/marg/abhishek/CoMeT/benchmarks/parsec/parsec-2.1/pkgs/tools/cmake/obj/amd64-linux.gcc-sniper/CMakeFiles/CMakeTmp'
make[3]: *** [CMakeFiles/cmTryCompileExec.dir/build.make:56: CMakeFiles/cmTryCompileExec.dir/CheckSymbolExists.c.o] Error 1
make[2]: *** [Makefile:111: cmTryCompileExec/fast] Error 2
make[2]: Leaving directory '/data/marg/abhishek/CoMeT/benchmarks/parsec/parsec-2.1/pkgs/tools/cmake/obj/amd64-linux.gcc-sniper/CMakeFiles/CMakeTmp'

File /data/marg/abhishek/CoMeT/benchmarks/parsec/parsec-2.1/pkgs/tools/cmake/obj/amd64-linux.gcc-sniper/CMakeFiles/CMakeTmp/CheckSymbolExists.c:
/* */
#include <stdio.h>
#include <stddef.h>
#include <sys/types.h>
#include <inttypes.h>
#include <alloca.h>
#include <arpa/inet.h>
#include <dlfcn.h>
#include <fcntl.h>
#include <malloc.h>
#include <memory.h>
#include <netdb.h>
#include <sys/poll.h>
#include <assert.h>
#include <limits.h>
#include <openssl/x509.h>
#include <openssl/engine.h>
#include <openssl/rsa.h>
#include <openssl/crypto.h>
#include <openssl/pem.h>
#include <openssl/ssl.h>
#include <openssl/err.h>
#include <openssl/rand.h>
#include <openssl/pkcs12.h>
#include <sys/socket.h>
#include <netinet/in.h>
#include <net/if.h>
#include <netinet/if_ether.h>
#include <netinet/tcp.h>
#include <sys/select.h>
#include <utime.h>
#include <netinet/in.h>
#include <pwd.h>
#include <sgtty.h>
#include <stdint.h>
#include <stdlib.h>
#include <string.h>
#include <strings.h>
#include <sys/param.h>
#include <sys/stat.h>
#include <sys/time.h>
#include <sys/resource.h>
#include <termios.h>
#include <termio.h>
#include <time.h>
#include <unistd.h>
#include <locale.h>
#include <setjmp.h>
#include <signal.h>
#include <sys/ioctl.h>
#include <sys/utsname.h>
#include <arpa/tftp.h>
#include <errno.h>
#include <libgen.h>

void cmakeRequireSymbol(int dummy,...){(void)dummy;}
int main()
{
#ifndef strcmpi
  cmakeRequireSymbol(0,&strcmpi);
#endif
  return 0;
}

Determining if the strncmpi exist failed with the following output:
Change Dir: /data/marg/abhishek/CoMeT/benchmarks/parsec/parsec-2.1/pkgs/tools/cmake/obj/amd64-linux.gcc-sniper/CMakeFiles/CMakeTmp

Run Build Command:/usr/bin/make "cmTryCompileExec/fast"
make[2]: Entering directory '/data/marg/abhishek/CoMeT/benchmarks/parsec/parsec-2.1/pkgs/tools/cmake/obj/amd64-linux.gcc-sniper/CMakeFiles/CMakeTmp'
/usr/bin/make -f CMakeFiles/cmTryCompileExec.dir/build.make CMakeFiles/cmTryCompileExec.dir/build
make[3]: Entering directory '/data/marg/abhishek/CoMeT/benchmarks/parsec/parsec-2.1/pkgs/tools/cmake/obj/amd64-linux.gcc-sniper/CMakeFiles/CMakeTmp'
/data/marg/abhishek/CoMeT/benchmarks/parsec/parsec-2.1/pkgs/tools/cmake/obj/amd64-linux.gcc-sniper/Bootstrap.cmk/cmake -E cmake_progress_report /data/marg/abhishek/CoMeT/benchmarks/parsec/parsec-2.1/pkgs/tools/cmake/obj/amd64-linux.gcc-sniper/CMakeFiles/CMakeTmp/CMakeFiles 1
Building C object CMakeFiles/cmTryCompileExec.dir/CheckSymbolExists.c.o
/usr/bin/gcc   -O3 -funroll-loops -fprefetch-loop-arrays -static-libgcc -Wl,--hash-style=both,--as-needed -DPARSEC_VERSION=2.1 -DENABLE_PARSEC_HOOKS -I/data/marg/abhishek/CoMeT/benchmarks/parsec/parsec-2.1/pkgs/libs/hooks/inst/amd64-linux.gcc-sniper/include -I/data/marg/abhishek/CoMeT/benchmarks/tools/hooks -I/data/marg/abhishek/CoMeT/include -DENABLE_PARMACS      -o CMakeFiles/cmTryCompileExec.dir/CheckSymbolExists.c.o   -c /data/marg/abhishek/CoMeT/benchmarks/parsec/parsec-2.1/pkgs/tools/cmake/obj/amd64-linux.gcc-sniper/CMakeFiles/CMakeTmp/CheckSymbolExists.c
/data/marg/abhishek/CoMeT/benchmarks/parsec/parsec-2.1/pkgs/tools/cmake/obj/amd64-linux.gcc-sniper/CMakeFiles/CMakeTmp/CheckSymbolExists.c: In function ‘main’:
/data/marg/abhishek/CoMeT/benchmarks/parsec/parsec-2.1/pkgs/tools/cmake/obj/amd64-linux.gcc-sniper/CMakeFiles/CMakeTmp/CheckSymbolExists.c:60:25: error: ‘strncmpi’ undeclared (first use in this function); did you mean ‘strncmp’?
   60 |   cmakeRequireSymbol(0,&strncmpi);
      |                         ^~~~~~~~
      |                         strncmp
/data/marg/abhishek/CoMeT/benchmarks/parsec/parsec-2.1/pkgs/tools/cmake/obj/amd64-linux.gcc-sniper/CMakeFiles/CMakeTmp/CheckSymbolExists.c:60:25: note: each undeclared identifier is reported only once for each function it appears in
make[3]: Leaving directory '/data/marg/abhishek/CoMeT/benchmarks/parsec/parsec-2.1/pkgs/tools/cmake/obj/amd64-linux.gcc-sniper/CMakeFiles/CMakeTmp'
make[3]: *** [CMakeFiles/cmTryCompileExec.dir/build.make:56: CMakeFiles/cmTryCompileExec.dir/CheckSymbolExists.c.o] Error 1
make[2]: *** [Makefile:111: cmTryCompileExec/fast] Error 2
make[2]: Leaving directory '/data/marg/abhishek/CoMeT/benchmarks/parsec/parsec-2.1/pkgs/tools/cmake/obj/amd64-linux.gcc-sniper/CMakeFiles/CMakeTmp'

File /data/marg/abhishek/CoMeT/benchmarks/parsec/parsec-2.1/pkgs/tools/cmake/obj/amd64-linux.gcc-sniper/CMakeFiles/CMakeTmp/CheckSymbolExists.c:
/* */
#include <stdio.h>
#include <stddef.h>
#include <sys/types.h>
#include <inttypes.h>
#include <alloca.h>
#include <arpa/inet.h>
#include <dlfcn.h>
#include <fcntl.h>
#include <malloc.h>
#include <memory.h>
#include <netdb.h>
#include <sys/poll.h>
#include <assert.h>
#include <limits.h>
#include <openssl/x509.h>
#include <openssl/engine.h>
#include <openssl/rsa.h>
#include <openssl/crypto.h>
#include <openssl/pem.h>
#include <openssl/ssl.h>
#include <openssl/err.h>
#include <openssl/rand.h>
#include <openssl/pkcs12.h>
#include <sys/socket.h>
#include <netinet/in.h>
#include <net/if.h>
#include <netinet/if_ether.h>
#include <netinet/tcp.h>
#include <sys/select.h>
#include <utime.h>
#include <netinet/in.h>
#include <pwd.h>
#include <sgtty.h>
#include <stdint.h>
#include <stdlib.h>
#include <string.h>
#include <strings.h>
#include <sys/param.h>
#include <sys/stat.h>
#include <sys/time.h>
#include <sys/resource.h>
#include <termios.h>
#include <termio.h>
#include <time.h>
#include <unistd.h>
#include <locale.h>
#include <setjmp.h>
#include <signal.h>
#include <sys/ioctl.h>
#include <sys/utsname.h>
#include <arpa/tftp.h>
#include <errno.h>
#include <libgen.h>

void cmakeRequireSymbol(int dummy,...){(void)dummy;}
int main()
{
#ifndef strncmpi
  cmakeRequireSymbol(0,&strncmpi);
#endif
  return 0;
}

Determining if the inet_ntoa_r exist failed with the following output:
Change Dir: /data/marg/abhishek/CoMeT/benchmarks/parsec/parsec-2.1/pkgs/tools/cmake/obj/amd64-linux.gcc-sniper/CMakeFiles/CMakeTmp

Run Build Command:/usr/bin/make "cmTryCompileExec/fast"
make[2]: Entering directory '/data/marg/abhishek/CoMeT/benchmarks/parsec/parsec-2.1/pkgs/tools/cmake/obj/amd64-linux.gcc-sniper/CMakeFiles/CMakeTmp'
/usr/bin/make -f CMakeFiles/cmTryCompileExec.dir/build.make CMakeFiles/cmTryCompileExec.dir/build
make[3]: Entering directory '/data/marg/abhishek/CoMeT/benchmarks/parsec/parsec-2.1/pkgs/tools/cmake/obj/amd64-linux.gcc-sniper/CMakeFiles/CMakeTmp'
/data/marg/abhishek/CoMeT/benchmarks/parsec/parsec-2.1/pkgs/tools/cmake/obj/amd64-linux.gcc-sniper/Bootstrap.cmk/cmake -E cmake_progress_report /data/marg/abhishek/CoMeT/benchmarks/parsec/parsec-2.1/pkgs/tools/cmake/obj/amd64-linux.gcc-sniper/CMakeFiles/CMakeTmp/CMakeFiles 1
Building C object CMakeFiles/cmTryCompileExec.dir/CheckSymbolExists.c.o
/usr/bin/gcc   -O3 -funroll-loops -fprefetch-loop-arrays -static-libgcc -Wl,--hash-style=both,--as-needed -DPARSEC_VERSION=2.1 -DENABLE_PARSEC_HOOKS -I/data/marg/abhishek/CoMeT/benchmarks/parsec/parsec-2.1/pkgs/libs/hooks/inst/amd64-linux.gcc-sniper/include -I/data/marg/abhishek/CoMeT/benchmarks/tools/hooks -I/data/marg/abhishek/CoMeT/include -DENABLE_PARMACS      -o CMakeFiles/cmTryCompileExec.dir/CheckSymbolExists.c.o   -c /data/marg/abhishek/CoMeT/benchmarks/parsec/parsec-2.1/pkgs/tools/cmake/obj/amd64-linux.gcc-sniper/CMakeFiles/CMakeTmp/CheckSymbolExists.c
/data/marg/abhishek/CoMeT/benchmarks/parsec/parsec-2.1/pkgs/tools/cmake/obj/amd64-linux.gcc-sniper/CMakeFiles/CMakeTmp/CheckSymbolExists.c: In function ‘main’:
/data/marg/abhishek/CoMeT/benchmarks/parsec/parsec-2.1/pkgs/tools/cmake/obj/amd64-linux.gcc-sniper/CMakeFiles/CMakeTmp/CheckSymbolExists.c:60:25: error: ‘inet_ntoa_r’ undeclared (first use in this function); did you mean ‘inet_ntoa’?
   60 |   cmakeRequireSymbol(0,&inet_ntoa_r);
      |                         ^~~~~~~~~~~
      |                         inet_ntoa
/data/marg/abhishek/CoMeT/benchmarks/parsec/parsec-2.1/pkgs/tools/cmake/obj/amd64-linux.gcc-sniper/CMakeFiles/CMakeTmp/CheckSymbolExists.c:60:25: note: each undeclared identifier is reported only once for each function it appears in
make[3]: Leaving directory '/data/marg/abhishek/CoMeT/benchmarks/parsec/parsec-2.1/pkgs/tools/cmake/obj/amd64-linux.gcc-sniper/CMakeFiles/CMakeTmp'
make[3]: *** [CMakeFiles/cmTryCompileExec.dir/build.make:56: CMakeFiles/cmTryCompileExec.dir/CheckSymbolExists.c.o] Error 1
make[2]: *** [Makefile:111: cmTryCompileExec/fast] Error 2
make[2]: Leaving directory '/data/marg/abhishek/CoMeT/benchmarks/parsec/parsec-2.1/pkgs/tools/cmake/obj/amd64-linux.gcc-sniper/CMakeFiles/CMakeTmp'

File /data/marg/abhishek/CoMeT/benchmarks/parsec/parsec-2.1/pkgs/tools/cmake/obj/amd64-linux.gcc-sniper/CMakeFiles/CMakeTmp/CheckSymbolExists.c:
/* */
#include <stdio.h>
#include <stddef.h>
#include <sys/types.h>
#include <inttypes.h>
#include <alloca.h>
#include <arpa/inet.h>
#include <dlfcn.h>
#include <fcntl.h>
#include <malloc.h>
#include <memory.h>
#include <netdb.h>
#include <sys/poll.h>
#include <assert.h>
#include <limits.h>
#include <openssl/x509.h>
#include <openssl/engine.h>
#include <openssl/rsa.h>
#include <openssl/crypto.h>
#include <openssl/pem.h>
#include <openssl/ssl.h>
#include <openssl/err.h>
#include <openssl/rand.h>
#include <openssl/pkcs12.h>
#include <sys/socket.h>
#include <netinet/in.h>
#include <net/if.h>
#include <netinet/if_ether.h>
#include <netinet/tcp.h>
#include <sys/select.h>
#include <utime.h>
#include <netinet/in.h>
#include <pwd.h>
#include <sgtty.h>
#include <stdint.h>
#include <stdlib.h>
#include <string.h>
#include <strings.h>
#include <sys/param.h>
#include <sys/stat.h>
#include <sys/time.h>
#include <sys/resource.h>
#include <termios.h>
#include <termio.h>
#include <time.h>
#include <unistd.h>
#include <locale.h>
#include <setjmp.h>
#include <signal.h>
#include <sys/ioctl.h>
#include <sys/utsname.h>
#include <arpa/tftp.h>
#include <errno.h>
#include <libgen.h>

void cmakeRequireSymbol(int dummy,...){(void)dummy;}
int main()
{
#ifndef inet_ntoa_r
  cmakeRequireSymbol(0,&inet_ntoa_r);
#endif
  return 0;
}

Determining if the closesocket exist failed with the following output:
Change Dir: /data/marg/abhishek/CoMeT/benchmarks/parsec/parsec-2.1/pkgs/tools/cmake/obj/amd64-linux.gcc-sniper/CMakeFiles/CMakeTmp

Run Build Command:/usr/bin/make "cmTryCompileExec/fast"
make[2]: Entering directory '/data/marg/abhishek/CoMeT/benchmarks/parsec/parsec-2.1/pkgs/tools/cmake/obj/amd64-linux.gcc-sniper/CMakeFiles/CMakeTmp'
/usr/bin/make -f CMakeFiles/cmTryCompileExec.dir/build.make CMakeFiles/cmTryCompileExec.dir/build
make[3]: Entering directory '/data/marg/abhishek/CoMeT/benchmarks/parsec/parsec-2.1/pkgs/tools/cmake/obj/amd64-linux.gcc-sniper/CMakeFiles/CMakeTmp'
/data/marg/abhishek/CoMeT/benchmarks/parsec/parsec-2.1/pkgs/tools/cmake/obj/amd64-linux.gcc-sniper/Bootstrap.cmk/cmake -E cmake_progress_report /data/marg/abhishek/CoMeT/benchmarks/parsec/parsec-2.1/pkgs/tools/cmake/obj/amd64-linux.gcc-sniper/CMakeFiles/CMakeTmp/CMakeFiles 1
Building C object CMakeFiles/cmTryCompileExec.dir/CheckSymbolExists.c.o
/usr/bin/gcc   -O3 -funroll-loops -fprefetch-loop-arrays -static-libgcc -Wl,--hash-style=both,--as-needed -DPARSEC_VERSION=2.1 -DENABLE_PARSEC_HOOKS -I/data/marg/abhishek/CoMeT/benchmarks/parsec/parsec-2.1/pkgs/libs/hooks/inst/amd64-linux.gcc-sniper/include -I/data/marg/abhishek/CoMeT/benchmarks/tools/hooks -I/data/marg/abhishek/CoMeT/include -DENABLE_PARMACS      -o CMakeFiles/cmTryCompileExec.dir/CheckSymbolExists.c.o   -c /data/marg/abhishek/CoMeT/benchmarks/parsec/parsec-2.1/pkgs/tools/cmake/obj/amd64-linux.gcc-sniper/CMakeFiles/CMakeTmp/CheckSymbolExists.c
/data/marg/abhishek/CoMeT/benchmarks/parsec/parsec-2.1/pkgs/tools/cmake/obj/amd64-linux.gcc-sniper/CMakeFiles/CMakeTmp/CheckSymbolExists.c: In function ‘main’:
/data/marg/abhishek/CoMeT/benchmarks/parsec/parsec-2.1/pkgs/tools/cmake/obj/amd64-linux.gcc-sniper/CMakeFiles/CMakeTmp/CheckSymbolExists.c:60:25: error: ‘closesocket’ undeclared (first use in this function); did you mean ‘BIO_closesocket’?
   60 |   cmakeRequireSymbol(0,&closesocket);
      |                         ^~~~~~~~~~~
      |                         BIO_closesocket
/data/marg/abhishek/CoMeT/benchmarks/parsec/parsec-2.1/pkgs/tools/cmake/obj/amd64-linux.gcc-sniper/CMakeFiles/CMakeTmp/CheckSymbolExists.c:60:25: note: each undeclared identifier is reported only once for each function it appears in
make[3]: Leaving directory '/data/marg/abhishek/CoMeT/benchmarks/parsec/parsec-2.1/pkgs/tools/cmake/obj/amd64-linux.gcc-sniper/CMakeFiles/CMakeTmp'
make[3]: *** [CMakeFiles/cmTryCompileExec.dir/build.make:56: CMakeFiles/cmTryCompileExec.dir/CheckSymbolExists.c.o] Error 1
make[2]: *** [Makefile:111: cmTryCompileExec/fast] Error 2
make[2]: Leaving directory '/data/marg/abhishek/CoMeT/benchmarks/parsec/parsec-2.1/pkgs/tools/cmake/obj/amd64-linux.gcc-sniper/CMakeFiles/CMakeTmp'

File /data/marg/abhishek/CoMeT/benchmarks/parsec/parsec-2.1/pkgs/tools/cmake/obj/amd64-linux.gcc-sniper/CMakeFiles/CMakeTmp/CheckSymbolExists.c:
/* */
#include <stdio.h>
#include <stddef.h>
#include <sys/types.h>
#include <inttypes.h>
#include <alloca.h>
#include <arpa/inet.h>
#include <dlfcn.h>
#include <fcntl.h>
#include <malloc.h>
#include <memory.h>
#include <netdb.h>
#include <sys/poll.h>
#include <assert.h>
#include <limits.h>
#include <openssl/x509.h>
#include <openssl/engine.h>
#include <openssl/rsa.h>
#include <openssl/crypto.h>
#include <openssl/pem.h>
#include <openssl/ssl.h>
#include <openssl/err.h>
#include <openssl/rand.h>
#include <openssl/pkcs12.h>
#include <sys/socket.h>
#include <netinet/in.h>
#include <net/if.h>
#include <netinet/if_ether.h>
#include <netinet/tcp.h>
#include <sys/select.h>
#include <utime.h>
#include <netinet/in.h>
#include <pwd.h>
#include <sgtty.h>
#include <stdint.h>
#include <stdlib.h>
#include <string.h>
#include <strings.h>
#include <sys/param.h>
#include <sys/stat.h>
#include <sys/time.h>
#include <sys/resource.h>
#include <termios.h>
#include <termio.h>
#include <time.h>
#include <unistd.h>
#include <locale.h>
#include <setjmp.h>
#include <signal.h>
#include <sys/ioctl.h>
#include <sys/utsname.h>
#include <arpa/tftp.h>
#include <errno.h>
#include <libgen.h>

void cmakeRequireSymbol(int dummy,...){(void)dummy;}
int main()
{
#ifndef closesocket
  cmakeRequireSymbol(0,&closesocket);
#endif
  return 0;
}

Determining if the getpass_r exist failed with the following output:
Change Dir: /data/marg/abhishek/CoMeT/benchmarks/parsec/parsec-2.1/pkgs/tools/cmake/obj/amd64-linux.gcc-sniper/CMakeFiles/CMakeTmp

Run Build Command:/usr/bin/make "cmTryCompileExec/fast"
make[2]: Entering directory '/data/marg/abhishek/CoMeT/benchmarks/parsec/parsec-2.1/pkgs/tools/cmake/obj/amd64-linux.gcc-sniper/CMakeFiles/CMakeTmp'
/usr/bin/make -f CMakeFiles/cmTryCompileExec.dir/build.make CMakeFiles/cmTryCompileExec.dir/build
make[3]: Entering directory '/data/marg/abhishek/CoMeT/benchmarks/parsec/parsec-2.1/pkgs/tools/cmake/obj/amd64-linux.gcc-sniper/CMakeFiles/CMakeTmp'
/data/marg/abhishek/CoMeT/benchmarks/parsec/parsec-2.1/pkgs/tools/cmake/obj/amd64-linux.gcc-sniper/Bootstrap.cmk/cmake -E cmake_progress_report /data/marg/abhishek/CoMeT/benchmarks/parsec/parsec-2.1/pkgs/tools/cmake/obj/amd64-linux.gcc-sniper/CMakeFiles/CMakeTmp/CMakeFiles 1
Building C object CMakeFiles/cmTryCompileExec.dir/CheckSymbolExists.c.o
/usr/bin/gcc   -O3 -funroll-loops -fprefetch-loop-arrays -static-libgcc -Wl,--hash-style=both,--as-needed -DPARSEC_VERSION=2.1 -DENABLE_PARSEC_HOOKS -I/data/marg/abhishek/CoMeT/benchmarks/parsec/parsec-2.1/pkgs/libs/hooks/inst/amd64-linux.gcc-sniper/include -I/data/marg/abhishek/CoMeT/benchmarks/tools/hooks -I/data/marg/abhishek/CoMeT/include -DENABLE_PARMACS      -o CMakeFiles/cmTryCompileExec.dir/CheckSymbolExists.c.o   -c /data/marg/abhishek/CoMeT/benchmarks/parsec/parsec-2.1/pkgs/tools/cmake/obj/amd64-linux.gcc-sniper/CMakeFiles/CMakeTmp/CheckSymbolExists.c
/data/marg/abhishek/CoMeT/benchmarks/parsec/parsec-2.1/pkgs/tools/cmake/obj/amd64-linux.gcc-sniper/CMakeFiles/CMakeTmp/CheckSymbolExists.c: In function ‘main’:
/data/marg/abhishek/CoMeT/benchmarks/parsec/parsec-2.1/pkgs/tools/cmake/obj/amd64-linux.gcc-sniper/CMakeFiles/CMakeTmp/CheckSymbolExists.c:60:25: error: ‘getpass_r’ undeclared (first use in this function); did you mean ‘getpass’?
   60 |   cmakeRequireSymbol(0,&getpass_r);
      |                         ^~~~~~~~~
      |                         getpass
/data/marg/abhishek/CoMeT/benchmarks/parsec/parsec-2.1/pkgs/tools/cmake/obj/amd64-linux.gcc-sniper/CMakeFiles/CMakeTmp/CheckSymbolExists.c:60:25: note: each undeclared identifier is reported only once for each function it appears in
make[3]: Leaving directory '/data/marg/abhishek/CoMeT/benchmarks/parsec/parsec-2.1/pkgs/tools/cmake/obj/amd64-linux.gcc-sniper/CMakeFiles/CMakeTmp'
make[3]: *** [CMakeFiles/cmTryCompileExec.dir/build.make:56: CMakeFiles/cmTryCompileExec.dir/CheckSymbolExists.c.o] Error 1
make[2]: *** [Makefile:111: cmTryCompileExec/fast] Error 2
make[2]: Leaving directory '/data/marg/abhishek/CoMeT/benchmarks/parsec/parsec-2.1/pkgs/tools/cmake/obj/amd64-linux.gcc-sniper/CMakeFiles/CMakeTmp'

File /data/marg/abhishek/CoMeT/benchmarks/parsec/parsec-2.1/pkgs/tools/cmake/obj/amd64-linux.gcc-sniper/CMakeFiles/CMakeTmp/CheckSymbolExists.c:
/* */
#include <stdio.h>
#include <stddef.h>
#include <sys/types.h>
#include <inttypes.h>
#include <alloca.h>
#include <arpa/inet.h>
#include <dlfcn.h>
#include <fcntl.h>
#include <malloc.h>
#include <memory.h>
#include <netdb.h>
#include <sys/poll.h>
#include <assert.h>
#include <limits.h>
#include <openssl/x509.h>
#include <openssl/engine.h>
#include <openssl/rsa.h>
#include <openssl/crypto.h>
#include <openssl/pem.h>
#include <openssl/ssl.h>
#include <openssl/err.h>
#include <openssl/rand.h>
#include <openssl/pkcs12.h>
#include <sys/socket.h>
#include <netinet/in.h>
#include <net/if.h>
#include <netinet/if_ether.h>
#include <netinet/tcp.h>
#include <sys/select.h>
#include <utime.h>
#include <netinet/in.h>
#include <pwd.h>
#include <sgtty.h>
#include <stdint.h>
#include <stdlib.h>
#include <string.h>
#include <strings.h>
#include <sys/param.h>
#include <sys/stat.h>
#include <sys/time.h>
#include <sys/resource.h>
#include <termios.h>
#include <termio.h>
#include <time.h>
#include <unistd.h>
#include <locale.h>
#include <setjmp.h>
#include <signal.h>
#include <sys/ioctl.h>
#include <sys/utsname.h>
#include <arpa/tftp.h>
#include <errno.h>
#include <libgen.h>

void cmakeRequireSymbol(int dummy,...){(void)dummy;}
int main()
{
#ifndef getpass_r
  cmakeRequireSymbol(0,&getpass_r);
#endif
  return 0;
}

Determining if the strlcat exist failed with the following output:
Change Dir: /data/marg/abhishek/CoMeT/benchmarks/parsec/parsec-2.1/pkgs/tools/cmake/obj/amd64-linux.gcc-sniper/CMakeFiles/CMakeTmp

Run Build Command:/usr/bin/make "cmTryCompileExec/fast"
make[2]: Entering directory '/data/marg/abhishek/CoMeT/benchmarks/parsec/parsec-2.1/pkgs/tools/cmake/obj/amd64-linux.gcc-sniper/CMakeFiles/CMakeTmp'
/usr/bin/make -f CMakeFiles/cmTryCompileExec.dir/build.make CMakeFiles/cmTryCompileExec.dir/build
make[3]: Entering directory '/data/marg/abhishek/CoMeT/benchmarks/parsec/parsec-2.1/pkgs/tools/cmake/obj/amd64-linux.gcc-sniper/CMakeFiles/CMakeTmp'
/data/marg/abhishek/CoMeT/benchmarks/parsec/parsec-2.1/pkgs/tools/cmake/obj/amd64-linux.gcc-sniper/Bootstrap.cmk/cmake -E cmake_progress_report /data/marg/abhishek/CoMeT/benchmarks/parsec/parsec-2.1/pkgs/tools/cmake/obj/amd64-linux.gcc-sniper/CMakeFiles/CMakeTmp/CMakeFiles 1
Building C object CMakeFiles/cmTryCompileExec.dir/CheckSymbolExists.c.o
/usr/bin/gcc   -O3 -funroll-loops -fprefetch-loop-arrays -static-libgcc -Wl,--hash-style=both,--as-needed -DPARSEC_VERSION=2.1 -DENABLE_PARSEC_HOOKS -I/data/marg/abhishek/CoMeT/benchmarks/parsec/parsec-2.1/pkgs/libs/hooks/inst/amd64-linux.gcc-sniper/include -I/data/marg/abhishek/CoMeT/benchmarks/tools/hooks -I/data/marg/abhishek/CoMeT/include -DENABLE_PARMACS      -o CMakeFiles/cmTryCompileExec.dir/CheckSymbolExists.c.o   -c /data/marg/abhishek/CoMeT/benchmarks/parsec/parsec-2.1/pkgs/tools/cmake/obj/amd64-linux.gcc-sniper/CMakeFiles/CMakeTmp/CheckSymbolExists.c
/data/marg/abhishek/CoMeT/benchmarks/parsec/parsec-2.1/pkgs/tools/cmake/obj/amd64-linux.gcc-sniper/CMakeFiles/CMakeTmp/CheckSymbolExists.c: In function ‘main’:
/data/marg/abhishek/CoMeT/benchmarks/parsec/parsec-2.1/pkgs/tools/cmake/obj/amd64-linux.gcc-sniper/CMakeFiles/CMakeTmp/CheckSymbolExists.c:60:25: error: ‘strlcat’ undeclared (first use in this function); did you mean ‘strncat’?
   60 |   cmakeRequireSymbol(0,&strlcat);
      |                         ^~~~~~~
      |                         strncat
/data/marg/abhishek/CoMeT/benchmarks/parsec/parsec-2.1/pkgs/tools/cmake/obj/amd64-linux.gcc-sniper/CMakeFiles/CMakeTmp/CheckSymbolExists.c:60:25: note: each undeclared identifier is reported only once for each function it appears in
make[3]: Leaving directory '/data/marg/abhishek/CoMeT/benchmarks/parsec/parsec-2.1/pkgs/tools/cmake/obj/amd64-linux.gcc-sniper/CMakeFiles/CMakeTmp'
make[3]: *** [CMakeFiles/cmTryCompileExec.dir/build.make:56: CMakeFiles/cmTryCompileExec.dir/CheckSymbolExists.c.o] Error 1
make[2]: *** [Makefile:111: cmTryCompileExec/fast] Error 2
make[2]: Leaving directory '/data/marg/abhishek/CoMeT/benchmarks/parsec/parsec-2.1/pkgs/tools/cmake/obj/amd64-linux.gcc-sniper/CMakeFiles/CMakeTmp'

File /data/marg/abhishek/CoMeT/benchmarks/parsec/parsec-2.1/pkgs/tools/cmake/obj/amd64-linux.gcc-sniper/CMakeFiles/CMakeTmp/CheckSymbolExists.c:
/* */
#include <stdio.h>
#include <stddef.h>
#include <sys/types.h>
#include <inttypes.h>
#include <alloca.h>
#include <arpa/inet.h>
#include <dlfcn.h>
#include <fcntl.h>
#include <malloc.h>
#include <memory.h>
#include <netdb.h>
#include <sys/poll.h>
#include <assert.h>
#include <limits.h>
#include <openssl/x509.h>
#include <openssl/engine.h>
#include <openssl/rsa.h>
#include <openssl/crypto.h>
#include <openssl/pem.h>
#include <openssl/ssl.h>
#include <openssl/err.h>
#include <openssl/rand.h>
#include <openssl/pkcs12.h>
#include <sys/socket.h>
#include <netinet/in.h>
#include <net/if.h>
#include <netinet/if_ether.h>
#include <netinet/tcp.h>
#include <sys/select.h>
#include <utime.h>
#include <netinet/in.h>
#include <pwd.h>
#include <sgtty.h>
#include <stdint.h>
#include <stdlib.h>
#include <string.h>
#include <strings.h>
#include <sys/param.h>
#include <sys/stat.h>
#include <sys/time.h>
#include <sys/resource.h>
#include <termios.h>
#include <termio.h>
#include <time.h>
#include <unistd.h>
#include <locale.h>
#include <setjmp.h>
#include <signal.h>
#include <sys/ioctl.h>
#include <sys/utsname.h>
#include <arpa/tftp.h>
#include <errno.h>
#include <libgen.h>

void cmakeRequireSymbol(int dummy,...){(void)dummy;}
int main()
{
#ifndef strlcat
  cmakeRequireSymbol(0,&strlcat);
#endif
  return 0;
}

Determining if the RAND_screen exist failed with the following output:
Change Dir: /data/marg/abhishek/CoMeT/benchmarks/parsec/parsec-2.1/pkgs/tools/cmake/obj/amd64-linux.gcc-sniper/CMakeFiles/CMakeTmp

Run Build Command:/usr/bin/make "cmTryCompileExec/fast"
make[2]: Entering directory '/data/marg/abhishek/CoMeT/benchmarks/parsec/parsec-2.1/pkgs/tools/cmake/obj/amd64-linux.gcc-sniper/CMakeFiles/CMakeTmp'
/usr/bin/make -f CMakeFiles/cmTryCompileExec.dir/build.make CMakeFiles/cmTryCompileExec.dir/build
make[3]: Entering directory '/data/marg/abhishek/CoMeT/benchmarks/parsec/parsec-2.1/pkgs/tools/cmake/obj/amd64-linux.gcc-sniper/CMakeFiles/CMakeTmp'
/data/marg/abhishek/CoMeT/benchmarks/parsec/parsec-2.1/pkgs/tools/cmake/obj/amd64-linux.gcc-sniper/Bootstrap.cmk/cmake -E cmake_progress_report /data/marg/abhishek/CoMeT/benchmarks/parsec/parsec-2.1/pkgs/tools/cmake/obj/amd64-linux.gcc-sniper/CMakeFiles/CMakeTmp/CMakeFiles 1
Building C object CMakeFiles/cmTryCompileExec.dir/CheckSymbolExists.c.o
/usr/bin/gcc   -O3 -funroll-loops -fprefetch-loop-arrays -static-libgcc -Wl,--hash-style=both,--as-needed -DPARSEC_VERSION=2.1 -DENABLE_PARSEC_HOOKS -I/data/marg/abhishek/CoMeT/benchmarks/parsec/parsec-2.1/pkgs/libs/hooks/inst/amd64-linux.gcc-sniper/include -I/data/marg/abhishek/CoMeT/benchmarks/tools/hooks -I/data/marg/abhishek/CoMeT/include -DENABLE_PARMACS      -o CMakeFiles/cmTryCompileExec.dir/CheckSymbolExists.c.o   -c /data/marg/abhishek/CoMeT/benchmarks/parsec/parsec-2.1/pkgs/tools/cmake/obj/amd64-linux.gcc-sniper/CMakeFiles/CMakeTmp/CheckSymbolExists.c
/data/marg/abhishek/CoMeT/benchmarks/parsec/parsec-2.1/pkgs/tools/cmake/obj/amd64-linux.gcc-sniper/CMakeFiles/CMakeTmp/CheckSymbolExists.c: In function ‘main’:
/data/marg/abhishek/CoMeT/benchmarks/parsec/parsec-2.1/pkgs/tools/cmake/obj/amd64-linux.gcc-sniper/CMakeFiles/CMakeTmp/CheckSymbolExists.c:60:25: error: ‘RAND_screen’ undeclared (first use in this function); did you mean ‘RAND_seed’?
   60 |   cmakeRequireSymbol(0,&RAND_screen);
      |                         ^~~~~~~~~~~
      |                         RAND_seed
/data/marg/abhishek/CoMeT/benchmarks/parsec/parsec-2.1/pkgs/tools/cmake/obj/amd64-linux.gcc-sniper/CMakeFiles/CMakeTmp/CheckSymbolExists.c:60:25: note: each undeclared identifier is reported only once for each function it appears in
make[3]: Leaving directory '/data/marg/abhishek/CoMeT/benchmarks/parsec/parsec-2.1/pkgs/tools/cmake/obj/amd64-linux.gcc-sniper/CMakeFiles/CMakeTmp'
make[3]: *** [CMakeFiles/cmTryCompileExec.dir/build.make:56: CMakeFiles/cmTryCompileExec.dir/CheckSymbolExists.c.o] Error 1
make[2]: *** [Makefile:111: cmTryCompileExec/fast] Error 2
make[2]: Leaving directory '/data/marg/abhishek/CoMeT/benchmarks/parsec/parsec-2.1/pkgs/tools/cmake/obj/amd64-linux.gcc-sniper/CMakeFiles/CMakeTmp'

File /data/marg/abhishek/CoMeT/benchmarks/parsec/parsec-2.1/pkgs/tools/cmake/obj/amd64-linux.gcc-sniper/CMakeFiles/CMakeTmp/CheckSymbolExists.c:
/* */
#include <stdio.h>
#include <stddef.h>
#include <sys/types.h>
#include <inttypes.h>
#include <alloca.h>
#include <arpa/inet.h>
#include <dlfcn.h>
#include <fcntl.h>
#include <malloc.h>
#include <memory.h>
#include <netdb.h>
#include <sys/poll.h>
#include <assert.h>
#include <limits.h>
#include <openssl/x509.h>
#include <openssl/engine.h>
#include <openssl/rsa.h>
#include <openssl/crypto.h>
#include <openssl/pem.h>
#include <openssl/ssl.h>
#include <openssl/err.h>
#include <openssl/rand.h>
#include <openssl/pkcs12.h>
#include <sys/socket.h>
#include <netinet/in.h>
#include <net/if.h>
#include <netinet/if_ether.h>
#include <netinet/tcp.h>
#include <sys/select.h>
#include <utime.h>
#include <netinet/in.h>
#include <pwd.h>
#include <sgtty.h>
#include <stdint.h>
#include <stdlib.h>
#include <string.h>
#include <strings.h>
#include <sys/param.h>
#include <sys/stat.h>
#include <sys/time.h>
#include <sys/resource.h>
#include <termios.h>
#include <termio.h>
#include <time.h>
#include <unistd.h>
#include <locale.h>
#include <setjmp.h>
#include <signal.h>
#include <sys/ioctl.h>
#include <sys/utsname.h>
#include <arpa/tftp.h>
#include <errno.h>
#include <libgen.h>

void cmakeRequireSymbol(int dummy,...){(void)dummy;}
int main()
{
#ifndef RAND_screen
  cmakeRequireSymbol(0,&RAND_screen);
#endif
  return 0;
}

Determining if the RAND_egd exist failed with the following output:
Change Dir: /data/marg/abhishek/CoMeT/benchmarks/parsec/parsec-2.1/pkgs/tools/cmake/obj/amd64-linux.gcc-sniper/CMakeFiles/CMakeTmp

Run Build Command:/usr/bin/make "cmTryCompileExec/fast"
make[2]: Entering directory '/data/marg/abhishek/CoMeT/benchmarks/parsec/parsec-2.1/pkgs/tools/cmake/obj/amd64-linux.gcc-sniper/CMakeFiles/CMakeTmp'
/usr/bin/make -f CMakeFiles/cmTryCompileExec.dir/build.make CMakeFiles/cmTryCompileExec.dir/build
make[3]: Entering directory '/data/marg/abhishek/CoMeT/benchmarks/parsec/parsec-2.1/pkgs/tools/cmake/obj/amd64-linux.gcc-sniper/CMakeFiles/CMakeTmp'
/data/marg/abhishek/CoMeT/benchmarks/parsec/parsec-2.1/pkgs/tools/cmake/obj/amd64-linux.gcc-sniper/Bootstrap.cmk/cmake -E cmake_progress_report /data/marg/abhishek/CoMeT/benchmarks/parsec/parsec-2.1/pkgs/tools/cmake/obj/amd64-linux.gcc-sniper/CMakeFiles/CMakeTmp/CMakeFiles 1
Building C object CMakeFiles/cmTryCompileExec.dir/CheckSymbolExists.c.o
/usr/bin/gcc   -O3 -funroll-loops -fprefetch-loop-arrays -static-libgcc -Wl,--hash-style=both,--as-needed -DPARSEC_VERSION=2.1 -DENABLE_PARSEC_HOOKS -I/data/marg/abhishek/CoMeT/benchmarks/parsec/parsec-2.1/pkgs/libs/hooks/inst/amd64-linux.gcc-sniper/include -I/data/marg/abhishek/CoMeT/benchmarks/tools/hooks -I/data/marg/abhishek/CoMeT/include -DENABLE_PARMACS      -o CMakeFiles/cmTryCompileExec.dir/CheckSymbolExists.c.o   -c /data/marg/abhishek/CoMeT/benchmarks/parsec/parsec-2.1/pkgs/tools/cmake/obj/amd64-linux.gcc-sniper/CMakeFiles/CMakeTmp/CheckSymbolExists.c
/data/marg/abhishek/CoMeT/benchmarks/parsec/parsec-2.1/pkgs/tools/cmake/obj/amd64-linux.gcc-sniper/CMakeFiles/CMakeTmp/CheckSymbolExists.c: In function ‘main’:
/data/marg/abhishek/CoMeT/benchmarks/parsec/parsec-2.1/pkgs/tools/cmake/obj/amd64-linux.gcc-sniper/CMakeFiles/CMakeTmp/CheckSymbolExists.c:60:25: error: ‘RAND_egd’ undeclared (first use in this function); did you mean ‘RAND_add’?
   60 |   cmakeRequireSymbol(0,&RAND_egd);
      |                         ^~~~~~~~
      |                         RAND_add
/data/marg/abhishek/CoMeT/benchmarks/parsec/parsec-2.1/pkgs/tools/cmake/obj/amd64-linux.gcc-sniper/CMakeFiles/CMakeTmp/CheckSymbolExists.c:60:25: note: each undeclared identifier is reported only once for each function it appears in
make[3]: Leaving directory '/data/marg/abhishek/CoMeT/benchmarks/parsec/parsec-2.1/pkgs/tools/cmake/obj/amd64-linux.gcc-sniper/CMakeFiles/CMakeTmp'
make[3]: *** [CMakeFiles/cmTryCompileExec.dir/build.make:56: CMakeFiles/cmTryCompileExec.dir/CheckSymbolExists.c.o] Error 1
make[2]: *** [Makefile:111: cmTryCompileExec/fast] Error 2
make[2]: Leaving directory '/data/marg/abhishek/CoMeT/benchmarks/parsec/parsec-2.1/pkgs/tools/cmake/obj/amd64-linux.gcc-sniper/CMakeFiles/CMakeTmp'

File /data/marg/abhishek/CoMeT/benchmarks/parsec/parsec-2.1/pkgs/tools/cmake/obj/amd64-linux.gcc-sniper/CMakeFiles/CMakeTmp/CheckSymbolExists.c:
/* */
#include <stdio.h>
#include <stddef.h>
#include <sys/types.h>
#include <inttypes.h>
#include <alloca.h>
#include <arpa/inet.h>
#include <dlfcn.h>
#include <fcntl.h>
#include <malloc.h>
#include <memory.h>
#include <netdb.h>
#include <sys/poll.h>
#include <assert.h>
#include <limits.h>
#include <openssl/x509.h>
#include <openssl/engine.h>
#include <openssl/rsa.h>
#include <openssl/crypto.h>
#include <openssl/pem.h>
#include <openssl/ssl.h>
#include <openssl/err.h>
#include <openssl/rand.h>
#include <openssl/pkcs12.h>
#include <sys/socket.h>
#include <netinet/in.h>
#include <net/if.h>
#include <netinet/if_ether.h>
#include <netinet/tcp.h>
#include <sys/select.h>
#include <utime.h>
#include <netinet/in.h>
#include <pwd.h>
#include <sgtty.h>
#include <stdint.h>
#include <stdlib.h>
#include <string.h>
#include <strings.h>
#include <sys/param.h>
#include <sys/stat.h>
#include <sys/time.h>
#include <sys/resource.h>
#include <termios.h>
#include <termio.h>
#include <time.h>
#include <unistd.h>
#include <locale.h>
#include <setjmp.h>
#include <signal.h>
#include <sys/ioctl.h>
#include <sys/utsname.h>
#include <arpa/tftp.h>
#include <errno.h>
#include <libgen.h>

void cmakeRequireSymbol(int dummy,...){(void)dummy;}
int main()
{
#ifndef RAND_egd
  cmakeRequireSymbol(0,&RAND_egd);
#endif
  return 0;
}

Determining if the _strtoi64 exist failed with the following output:
Change Dir: /data/marg/abhishek/CoMeT/benchmarks/parsec/parsec-2.1/pkgs/tools/cmake/obj/amd64-linux.gcc-sniper/CMakeFiles/CMakeTmp

Run Build Command:/usr/bin/make "cmTryCompileExec/fast"
make[2]: Entering directory '/data/marg/abhishek/CoMeT/benchmarks/parsec/parsec-2.1/pkgs/tools/cmake/obj/amd64-linux.gcc-sniper/CMakeFiles/CMakeTmp'
/usr/bin/make -f CMakeFiles/cmTryCompileExec.dir/build.make CMakeFiles/cmTryCompileExec.dir/build
make[3]: Entering directory '/data/marg/abhishek/CoMeT/benchmarks/parsec/parsec-2.1/pkgs/tools/cmake/obj/amd64-linux.gcc-sniper/CMakeFiles/CMakeTmp'
/data/marg/abhishek/CoMeT/benchmarks/parsec/parsec-2.1/pkgs/tools/cmake/obj/amd64-linux.gcc-sniper/Bootstrap.cmk/cmake -E cmake_progress_report /data/marg/abhishek/CoMeT/benchmarks/parsec/parsec-2.1/pkgs/tools/cmake/obj/amd64-linux.gcc-sniper/CMakeFiles/CMakeTmp/CMakeFiles 1
Building C object CMakeFiles/cmTryCompileExec.dir/CheckSymbolExists.c.o
/usr/bin/gcc   -O3 -funroll-loops -fprefetch-loop-arrays -static-libgcc -Wl,--hash-style=both,--as-needed -DPARSEC_VERSION=2.1 -DENABLE_PARSEC_HOOKS -I/data/marg/abhishek/CoMeT/benchmarks/parsec/parsec-2.1/pkgs/libs/hooks/inst/amd64-linux.gcc-sniper/include -I/data/marg/abhishek/CoMeT/benchmarks/tools/hooks -I/data/marg/abhishek/CoMeT/include -DENABLE_PARMACS      -o CMakeFiles/cmTryCompileExec.dir/CheckSymbolExists.c.o   -c /data/marg/abhishek/CoMeT/benchmarks/parsec/parsec-2.1/pkgs/tools/cmake/obj/amd64-linux.gcc-sniper/CMakeFiles/CMakeTmp/CheckSymbolExists.c
/data/marg/abhishek/CoMeT/benchmarks/parsec/parsec-2.1/pkgs/tools/cmake/obj/amd64-linux.gcc-sniper/CMakeFiles/CMakeTmp/CheckSymbolExists.c: In function ‘main’:
/data/marg/abhishek/CoMeT/benchmarks/parsec/parsec-2.1/pkgs/tools/cmake/obj/amd64-linux.gcc-sniper/CMakeFiles/CMakeTmp/CheckSymbolExists.c:60:25: error: ‘_strtoi64’ undeclared (first use in this function)
   60 |   cmakeRequireSymbol(0,&_strtoi64);
      |                         ^~~~~~~~~
/data/marg/abhishek/CoMeT/benchmarks/parsec/parsec-2.1/pkgs/tools/cmake/obj/amd64-linux.gcc-sniper/CMakeFiles/CMakeTmp/CheckSymbolExists.c:60:25: note: each undeclared identifier is reported only once for each function it appears in
make[3]: Leaving directory '/data/marg/abhishek/CoMeT/benchmarks/parsec/parsec-2.1/pkgs/tools/cmake/obj/amd64-linux.gcc-sniper/CMakeFiles/CMakeTmp'
make[3]: *** [CMakeFiles/cmTryCompileExec.dir/build.make:56: CMakeFiles/cmTryCompileExec.dir/CheckSymbolExists.c.o] Error 1
make[2]: *** [Makefile:111: cmTryCompileExec/fast] Error 2
make[2]: Leaving directory '/data/marg/abhishek/CoMeT/benchmarks/parsec/parsec-2.1/pkgs/tools/cmake/obj/amd64-linux.gcc-sniper/CMakeFiles/CMakeTmp'

File /data/marg/abhishek/CoMeT/benchmarks/parsec/parsec-2.1/pkgs/tools/cmake/obj/amd64-linux.gcc-sniper/CMakeFiles/CMakeTmp/CheckSymbolExists.c:
/* */
#include <stdio.h>
#include <stddef.h>
#include <sys/types.h>
#include <inttypes.h>
#include <alloca.h>
#include <arpa/inet.h>
#include <dlfcn.h>
#include <fcntl.h>
#include <malloc.h>
#include <memory.h>
#include <netdb.h>
#include <sys/poll.h>
#include <assert.h>
#include <limits.h>
#include <openssl/x509.h>
#include <openssl/engine.h>
#include <openssl/rsa.h>
#include <openssl/crypto.h>
#include <openssl/pem.h>
#include <openssl/ssl.h>
#include <openssl/err.h>
#include <openssl/rand.h>
#include <openssl/pkcs12.h>
#include <sys/socket.h>
#include <netinet/in.h>
#include <net/if.h>
#include <netinet/if_ether.h>
#include <netinet/tcp.h>
#include <sys/select.h>
#include <utime.h>
#include <netinet/in.h>
#include <pwd.h>
#include <sgtty.h>
#include <stdint.h>
#include <stdlib.h>
#include <string.h>
#include <strings.h>
#include <sys/param.h>
#include <sys/stat.h>
#include <sys/time.h>
#include <sys/resource.h>
#include <termios.h>
#include <termio.h>
#include <time.h>
#include <unistd.h>
#include <locale.h>
#include <setjmp.h>
#include <signal.h>
#include <sys/ioctl.h>
#include <sys/utsname.h>
#include <arpa/tftp.h>
#include <errno.h>
#include <libgen.h>

void cmakeRequireSymbol(int dummy,...){(void)dummy;}
int main()
{
#ifndef _strtoi64
  cmakeRequireSymbol(0,&_strtoi64);
#endif
  return 0;
}

Determining if the idn_free exist failed with the following output:
Change Dir: /data/marg/abhishek/CoMeT/benchmarks/parsec/parsec-2.1/pkgs/tools/cmake/obj/amd64-linux.gcc-sniper/CMakeFiles/CMakeTmp

Run Build Command:/usr/bin/make "cmTryCompileExec/fast"
make[2]: Entering directory '/data/marg/abhishek/CoMeT/benchmarks/parsec/parsec-2.1/pkgs/tools/cmake/obj/amd64-linux.gcc-sniper/CMakeFiles/CMakeTmp'
/usr/bin/make -f CMakeFiles/cmTryCompileExec.dir/build.make CMakeFiles/cmTryCompileExec.dir/build
make[3]: Entering directory '/data/marg/abhishek/CoMeT/benchmarks/parsec/parsec-2.1/pkgs/tools/cmake/obj/amd64-linux.gcc-sniper/CMakeFiles/CMakeTmp'
/data/marg/abhishek/CoMeT/benchmarks/parsec/parsec-2.1/pkgs/tools/cmake/obj/amd64-linux.gcc-sniper/Bootstrap.cmk/cmake -E cmake_progress_report /data/marg/abhishek/CoMeT/benchmarks/parsec/parsec-2.1/pkgs/tools/cmake/obj/amd64-linux.gcc-sniper/CMakeFiles/CMakeTmp/CMakeFiles 1
Building C object CMakeFiles/cmTryCompileExec.dir/CheckSymbolExists.c.o
/usr/bin/gcc   -O3 -funroll-loops -fprefetch-loop-arrays -static-libgcc -Wl,--hash-style=both,--as-needed -DPARSEC_VERSION=2.1 -DENABLE_PARSEC_HOOKS -I/data/marg/abhishek/CoMeT/benchmarks/parsec/parsec-2.1/pkgs/libs/hooks/inst/amd64-linux.gcc-sniper/include -I/data/marg/abhishek/CoMeT/benchmarks/tools/hooks -I/data/marg/abhishek/CoMeT/include -DENABLE_PARMACS      -o CMakeFiles/cmTryCompileExec.dir/CheckSymbolExists.c.o   -c /data/marg/abhishek/CoMeT/benchmarks/parsec/parsec-2.1/pkgs/tools/cmake/obj/amd64-linux.gcc-sniper/CMakeFiles/CMakeTmp/CheckSymbolExists.c
/data/marg/abhishek/CoMeT/benchmarks/parsec/parsec-2.1/pkgs/tools/cmake/obj/amd64-linux.gcc-sniper/CMakeFiles/CMakeTmp/CheckSymbolExists.c: In function ‘main’:
/data/marg/abhishek/CoMeT/benchmarks/parsec/parsec-2.1/pkgs/tools/cmake/obj/amd64-linux.gcc-sniper/CMakeFiles/CMakeTmp/CheckSymbolExists.c:60:25: error: ‘idn_free’ undeclared (first use in this function)
   60 |   cmakeRequireSymbol(0,&idn_free);
      |                         ^~~~~~~~
/data/marg/abhishek/CoMeT/benchmarks/parsec/parsec-2.1/pkgs/tools/cmake/obj/amd64-linux.gcc-sniper/CMakeFiles/CMakeTmp/CheckSymbolExists.c:60:25: note: each undeclared identifier is reported only once for each function it appears in
make[3]: Leaving directory '/data/marg/abhishek/CoMeT/benchmarks/parsec/parsec-2.1/pkgs/tools/cmake/obj/amd64-linux.gcc-sniper/CMakeFiles/CMakeTmp'
make[3]: *** [CMakeFiles/cmTryCompileExec.dir/build.make:56: CMakeFiles/cmTryCompileExec.dir/CheckSymbolExists.c.o] Error 1
make[2]: *** [Makefile:111: cmTryCompileExec/fast] Error 2
make[2]: Leaving directory '/data/marg/abhishek/CoMeT/benchmarks/parsec/parsec-2.1/pkgs/tools/cmake/obj/amd64-linux.gcc-sniper/CMakeFiles/CMakeTmp'

File /data/marg/abhishek/CoMeT/benchmarks/parsec/parsec-2.1/pkgs/tools/cmake/obj/amd64-linux.gcc-sniper/CMakeFiles/CMakeTmp/CheckSymbolExists.c:
/* */
#include <stdio.h>
#include <stddef.h>
#include <sys/types.h>
#include <inttypes.h>
#include <alloca.h>
#include <arpa/inet.h>
#include <dlfcn.h>
#include <fcntl.h>
#include <malloc.h>
#include <memory.h>
#include <netdb.h>
#include <sys/poll.h>
#include <assert.h>
#include <limits.h>
#include <openssl/x509.h>
#include <openssl/engine.h>
#include <openssl/rsa.h>
#include <openssl/crypto.h>
#include <openssl/pem.h>
#include <openssl/ssl.h>
#include <openssl/err.h>
#include <openssl/rand.h>
#include <openssl/pkcs12.h>
#include <sys/socket.h>
#include <netinet/in.h>
#include <net/if.h>
#include <netinet/if_ether.h>
#include <netinet/tcp.h>
#include <sys/select.h>
#include <utime.h>
#include <netinet/in.h>
#include <pwd.h>
#include <sgtty.h>
#include <stdint.h>
#include <stdlib.h>
#include <string.h>
#include <strings.h>
#include <sys/param.h>
#include <sys/stat.h>
#include <sys/time.h>
#include <sys/resource.h>
#include <termios.h>
#include <termio.h>
#include <time.h>
#include <unistd.h>
#include <locale.h>
#include <setjmp.h>
#include <signal.h>
#include <sys/ioctl.h>
#include <sys/utsname.h>
#include <arpa/tftp.h>
#include <errno.h>
#include <libgen.h>

void cmakeRequireSymbol(int dummy,...){(void)dummy;}
int main()
{
#ifndef idn_free
  cmakeRequireSymbol(0,&idn_free);
#endif
  return 0;
}

Determining if the idna_strerror exist failed with the following output:
Change Dir: /data/marg/abhishek/CoMeT/benchmarks/parsec/parsec-2.1/pkgs/tools/cmake/obj/amd64-linux.gcc-sniper/CMakeFiles/CMakeTmp

Run Build Command:/usr/bin/make "cmTryCompileExec/fast"
make[2]: Entering directory '/data/marg/abhishek/CoMeT/benchmarks/parsec/parsec-2.1/pkgs/tools/cmake/obj/amd64-linux.gcc-sniper/CMakeFiles/CMakeTmp'
/usr/bin/make -f CMakeFiles/cmTryCompileExec.dir/build.make CMakeFiles/cmTryCompileExec.dir/build
make[3]: Entering directory '/data/marg/abhishek/CoMeT/benchmarks/parsec/parsec-2.1/pkgs/tools/cmake/obj/amd64-linux.gcc-sniper/CMakeFiles/CMakeTmp'
/data/marg/abhishek/CoMeT/benchmarks/parsec/parsec-2.1/pkgs/tools/cmake/obj/amd64-linux.gcc-sniper/Bootstrap.cmk/cmake -E cmake_progress_report /data/marg/abhishek/CoMeT/benchmarks/parsec/parsec-2.1/pkgs/tools/cmake/obj/amd64-linux.gcc-sniper/CMakeFiles/CMakeTmp/CMakeFiles 1
Building C object CMakeFiles/cmTryCompileExec.dir/CheckSymbolExists.c.o
/usr/bin/gcc   -O3 -funroll-loops -fprefetch-loop-arrays -static-libgcc -Wl,--hash-style=both,--as-needed -DPARSEC_VERSION=2.1 -DENABLE_PARSEC_HOOKS -I/data/marg/abhishek/CoMeT/benchmarks/parsec/parsec-2.1/pkgs/libs/hooks/inst/amd64-linux.gcc-sniper/include -I/data/marg/abhishek/CoMeT/benchmarks/tools/hooks -I/data/marg/abhishek/CoMeT/include -DENABLE_PARMACS      -o CMakeFiles/cmTryCompileExec.dir/CheckSymbolExists.c.o   -c /data/marg/abhishek/CoMeT/benchmarks/parsec/parsec-2.1/pkgs/tools/cmake/obj/amd64-linux.gcc-sniper/CMakeFiles/CMakeTmp/CheckSymbolExists.c
/data/marg/abhishek/CoMeT/benchmarks/parsec/parsec-2.1/pkgs/tools/cmake/obj/amd64-linux.gcc-sniper/CMakeFiles/CMakeTmp/CheckSymbolExists.c: In function ‘main’:
/data/marg/abhishek/CoMeT/benchmarks/parsec/parsec-2.1/pkgs/tools/cmake/obj/amd64-linux.gcc-sniper/CMakeFiles/CMakeTmp/CheckSymbolExists.c:60:25: error: ‘idna_strerror’ undeclared (first use in this function); did you mean ‘gai_strerror’?
   60 |   cmakeRequireSymbol(0,&idna_strerror);
      |                         ^~~~~~~~~~~~~
      |                         gai_strerror
/data/marg/abhishek/CoMeT/benchmarks/parsec/parsec-2.1/pkgs/tools/cmake/obj/amd64-linux.gcc-sniper/CMakeFiles/CMakeTmp/CheckSymbolExists.c:60:25: note: each undeclared identifier is reported only once for each function it appears in
make[3]: Leaving directory '/data/marg/abhishek/CoMeT/benchmarks/parsec/parsec-2.1/pkgs/tools/cmake/obj/amd64-linux.gcc-sniper/CMakeFiles/CMakeTmp'
make[3]: *** [CMakeFiles/cmTryCompileExec.dir/build.make:56: CMakeFiles/cmTryCompileExec.dir/CheckSymbolExists.c.o] Error 1
make[2]: *** [Makefile:111: cmTryCompileExec/fast] Error 2
make[2]: Leaving directory '/data/marg/abhishek/CoMeT/benchmarks/parsec/parsec-2.1/pkgs/tools/cmake/obj/amd64-linux.gcc-sniper/CMakeFiles/CMakeTmp'

File /data/marg/abhishek/CoMeT/benchmarks/parsec/parsec-2.1/pkgs/tools/cmake/obj/amd64-linux.gcc-sniper/CMakeFiles/CMakeTmp/CheckSymbolExists.c:
/* */
#include <stdio.h>
#include <stddef.h>
#include <sys/types.h>
#include <inttypes.h>
#include <alloca.h>
#include <arpa/inet.h>
#include <dlfcn.h>
#include <fcntl.h>
#include <malloc.h>
#include <memory.h>
#include <netdb.h>
#include <sys/poll.h>
#include <assert.h>
#include <limits.h>
#include <openssl/x509.h>
#include <openssl/engine.h>
#include <openssl/rsa.h>
#include <openssl/crypto.h>
#include <openssl/pem.h>
#include <openssl/ssl.h>
#include <openssl/err.h>
#include <openssl/rand.h>
#include <openssl/pkcs12.h>
#include <sys/socket.h>
#include <netinet/in.h>
#include <net/if.h>
#include <netinet/if_ether.h>
#include <netinet/tcp.h>
#include <sys/select.h>
#include <utime.h>
#include <netinet/in.h>
#include <pwd.h>
#include <sgtty.h>
#include <stdint.h>
#include <stdlib.h>
#include <string.h>
#include <strings.h>
#include <sys/param.h>
#include <sys/stat.h>
#include <sys/time.h>
#include <sys/resource.h>
#include <termios.h>
#include <termio.h>
#include <time.h>
#include <unistd.h>
#include <locale.h>
#include <setjmp.h>
#include <signal.h>
#include <sys/ioctl.h>
#include <sys/utsname.h>
#include <arpa/tftp.h>
#include <errno.h>
#include <libgen.h>

void cmakeRequireSymbol(int dummy,...){(void)dummy;}
int main()
{
#ifndef idna_strerror
  cmakeRequireSymbol(0,&idna_strerror);
#endif
  return 0;
}

Determining if the tld_strerror exist failed with the following output:
Change Dir: /data/marg/abhishek/CoMeT/benchmarks/parsec/parsec-2.1/pkgs/tools/cmake/obj/amd64-linux.gcc-sniper/CMakeFiles/CMakeTmp

Run Build Command:/usr/bin/make "cmTryCompileExec/fast"
make[2]: Entering directory '/data/marg/abhishek/CoMeT/benchmarks/parsec/parsec-2.1/pkgs/tools/cmake/obj/amd64-linux.gcc-sniper/CMakeFiles/CMakeTmp'
/usr/bin/make -f CMakeFiles/cmTryCompileExec.dir/build.make CMakeFiles/cmTryCompileExec.dir/build
make[3]: Entering directory '/data/marg/abhishek/CoMeT/benchmarks/parsec/parsec-2.1/pkgs/tools/cmake/obj/amd64-linux.gcc-sniper/CMakeFiles/CMakeTmp'
/data/marg/abhishek/CoMeT/benchmarks/parsec/parsec-2.1/pkgs/tools/cmake/obj/amd64-linux.gcc-sniper/Bootstrap.cmk/cmake -E cmake_progress_report /data/marg/abhishek/CoMeT/benchmarks/parsec/parsec-2.1/pkgs/tools/cmake/obj/amd64-linux.gcc-sniper/CMakeFiles/CMakeTmp/CMakeFiles 1
Building C object CMakeFiles/cmTryCompileExec.dir/CheckSymbolExists.c.o
/usr/bin/gcc   -O3 -funroll-loops -fprefetch-loop-arrays -static-libgcc -Wl,--hash-style=both,--as-needed -DPARSEC_VERSION=2.1 -DENABLE_PARSEC_HOOKS -I/data/marg/abhishek/CoMeT/benchmarks/parsec/parsec-2.1/pkgs/libs/hooks/inst/amd64-linux.gcc-sniper/include -I/data/marg/abhishek/CoMeT/benchmarks/tools/hooks -I/data/marg/abhishek/CoMeT/include -DENABLE_PARMACS      -o CMakeFiles/cmTryCompileExec.dir/CheckSymbolExists.c.o   -c /data/marg/abhishek/CoMeT/benchmarks/parsec/parsec-2.1/pkgs/tools/cmake/obj/amd64-linux.gcc-sniper/CMakeFiles/CMakeTmp/CheckSymbolExists.c
/data/marg/abhishek/CoMeT/benchmarks/parsec/parsec-2.1/pkgs/tools/cmake/obj/amd64-linux.gcc-sniper/CMakeFiles/CMakeTmp/CheckSymbolExists.c: In function ‘main’:
/data/marg/abhishek/CoMeT/benchmarks/parsec/parsec-2.1/pkgs/tools/cmake/obj/amd64-linux.gcc-sniper/CMakeFiles/CMakeTmp/CheckSymbolExists.c:60:25: error: ‘tld_strerror’ undeclared (first use in this function); did you mean ‘gai_strerror’?
   60 |   cmakeRequireSymbol(0,&tld_strerror);
      |                         ^~~~~~~~~~~~
      |                         gai_strerror
/data/marg/abhishek/CoMeT/benchmarks/parsec/parsec-2.1/pkgs/tools/cmake/obj/amd64-linux.gcc-sniper/CMakeFiles/CMakeTmp/CheckSymbolExists.c:60:25: note: each undeclared identifier is reported only once for each function it appears in
make[3]: Leaving directory '/data/marg/abhishek/CoMeT/benchmarks/parsec/parsec-2.1/pkgs/tools/cmake/obj/amd64-linux.gcc-sniper/CMakeFiles/CMakeTmp'
make[3]: *** [CMakeFiles/cmTryCompileExec.dir/build.make:56: CMakeFiles/cmTryCompileExec.dir/CheckSymbolExists.c.o] Error 1
make[2]: *** [Makefile:111: cmTryCompileExec/fast] Error 2
make[2]: Leaving directory '/data/marg/abhishek/CoMeT/benchmarks/parsec/parsec-2.1/pkgs/tools/cmake/obj/amd64-linux.gcc-sniper/CMakeFiles/CMakeTmp'

File /data/marg/abhishek/CoMeT/benchmarks/parsec/parsec-2.1/pkgs/tools/cmake/obj/amd64-linux.gcc-sniper/CMakeFiles/CMakeTmp/CheckSymbolExists.c:
/* */
#include <stdio.h>
#include <stddef.h>
#include <sys/types.h>
#include <inttypes.h>
#include <alloca.h>
#include <arpa/inet.h>
#include <dlfcn.h>
#include <fcntl.h>
#include <malloc.h>
#include <memory.h>
#include <netdb.h>
#include <sys/poll.h>
#include <assert.h>
#include <limits.h>
#include <openssl/x509.h>
#include <openssl/engine.h>
#include <openssl/rsa.h>
#include <openssl/crypto.h>
#include <openssl/pem.h>
#include <openssl/ssl.h>
#include <openssl/err.h>
#include <openssl/rand.h>
#include <openssl/pkcs12.h>
#include <sys/socket.h>
#include <netinet/in.h>
#include <net/if.h>
#include <netinet/if_ether.h>
#include <netinet/tcp.h>
#include <sys/select.h>
#include <utime.h>
#include <netinet/in.h>
#include <pwd.h>
#include <sgtty.h>
#include <stdint.h>
#include <stdlib.h>
#include <string.h>
#include <strings.h>
#include <sys/param.h>
#include <sys/stat.h>
#include <sys/time.h>
#include <sys/resource.h>
#include <termios.h>
#include <termio.h>
#include <time.h>
#include <unistd.h>
#include <locale.h>
#include <setjmp.h>
#include <signal.h>
#include <sys/ioctl.h>
#include <sys/utsname.h>
#include <arpa/tftp.h>
#include <errno.h>
#include <libgen.h>

void cmakeRequireSymbol(int dummy,...){(void)dummy;}
int main()
{
#ifndef tld_strerror
  cmakeRequireSymbol(0,&tld_strerror);
#endif
  return 0;
}

Performing Curl Test HAVE_FIONBIO failed with the following output:
Change Dir: /data/marg/abhishek/CoMeT/benchmarks/parsec/parsec-2.1/pkgs/tools/cmake/obj/amd64-linux.gcc-sniper/CMakeFiles/CMakeTmp

Run Build Command:/usr/bin/make "cmTryCompileExec/fast"
make[2]: Entering directory '/data/marg/abhishek/CoMeT/benchmarks/parsec/parsec-2.1/pkgs/tools/cmake/obj/amd64-linux.gcc-sniper/CMakeFiles/CMakeTmp'
/usr/bin/make -f CMakeFiles/cmTryCompileExec.dir/build.make CMakeFiles/cmTryCompileExec.dir/build
make[3]: Entering directory '/data/marg/abhishek/CoMeT/benchmarks/parsec/parsec-2.1/pkgs/tools/cmake/obj/amd64-linux.gcc-sniper/CMakeFiles/CMakeTmp'
/data/marg/abhishek/CoMeT/benchmarks/parsec/parsec-2.1/pkgs/tools/cmake/obj/amd64-linux.gcc-sniper/Bootstrap.cmk/cmake -E cmake_progress_report /data/marg/abhishek/CoMeT/benchmarks/parsec/parsec-2.1/pkgs/tools/cmake/obj/amd64-linux.gcc-sniper/CMakeFiles/CMakeTmp/CMakeFiles 1
Building C object CMakeFiles/cmTryCompileExec.dir/CurlTests.c.o
/usr/bin/gcc   -O3 -funroll-loops -fprefetch-loop-arrays -static-libgcc -Wl,--hash-style=both,--as-needed -DPARSEC_VERSION=2.1 -DENABLE_PARSEC_HOOKS -I/data/marg/abhishek/CoMeT/benchmarks/parsec/parsec-2.1/pkgs/libs/hooks/inst/amd64-linux.gcc-sniper/include -I/data/marg/abhishek/CoMeT/benchmarks/tools/hooks -I/data/marg/abhishek/CoMeT/include -DENABLE_PARMACS   -DHAVE_FIONBIO   -o CMakeFiles/cmTryCompileExec.dir/CurlTests.c.o   -c /data/marg/abhishek/CoMeT/benchmarks/parsec/parsec-2.1/pkgs/tools/cmake/src/Utilities/cmcurl/CMake/CurlTests.c
/data/marg/abhishek/CoMeT/benchmarks/parsec/parsec-2.1/pkgs/tools/cmake/src/Utilities/cmcurl/CMake/CurlTests.c:468:10: fatal error: stropts.h: No such file or directory
  468 | #include <stropts.h>
      |          ^~~~~~~~~~~
compilation terminated.
make[3]: *** [CMakeFiles/cmTryCompileExec.dir/build.make:56: CMakeFiles/cmTryCompileExec.dir/CurlTests.c.o] Error 1
make[3]: Leaving directory '/data/marg/abhishek/CoMeT/benchmarks/parsec/parsec-2.1/pkgs/tools/cmake/obj/amd64-linux.gcc-sniper/CMakeFiles/CMakeTmp'
make[2]: *** [Makefile:111: cmTryCompileExec/fast] Error 2
make[2]: Leaving directory '/data/marg/abhishek/CoMeT/benchmarks/parsec/parsec-2.1/pkgs/tools/cmake/obj/amd64-linux.gcc-sniper/CMakeFiles/CMakeTmp'

Performing Curl Test HAVE_IOCTLSOCKET failed with the following output:
Change Dir: /data/marg/abhishek/CoMeT/benchmarks/parsec/parsec-2.1/pkgs/tools/cmake/obj/amd64-linux.gcc-sniper/CMakeFiles/CMakeTmp

Run Build Command:/usr/bin/make "cmTryCompileExec/fast"
make[2]: Entering directory '/data/marg/abhishek/CoMeT/benchmarks/parsec/parsec-2.1/pkgs/tools/cmake/obj/amd64-linux.gcc-sniper/CMakeFiles/CMakeTmp'
/usr/bin/make -f CMakeFiles/cmTryCompileExec.dir/build.make CMakeFiles/cmTryCompileExec.dir/build
make[3]: Entering directory '/data/marg/abhishek/CoMeT/benchmarks/parsec/parsec-2.1/pkgs/tools/cmake/obj/amd64-linux.gcc-sniper/CMakeFiles/CMakeTmp'
/data/marg/abhishek/CoMeT/benchmarks/parsec/parsec-2.1/pkgs/tools/cmake/obj/amd64-linux.gcc-sniper/Bootstrap.cmk/cmake -E cmake_progress_report /data/marg/abhishek/CoMeT/benchmarks/parsec/parsec-2.1/pkgs/tools/cmake/obj/amd64-linux.gcc-sniper/CMakeFiles/CMakeTmp/CMakeFiles 1
Building C object CMakeFiles/cmTryCompileExec.dir/CurlTests.c.o
/usr/bin/gcc   -O3 -funroll-loops -fprefetch-loop-arrays -static-libgcc -Wl,--hash-style=both,--as-needed -DPARSEC_VERSION=2.1 -DENABLE_PARSEC_HOOKS -I/data/marg/abhishek/CoMeT/benchmarks/parsec/parsec-2.1/pkgs/libs/hooks/inst/amd64-linux.gcc-sniper/include -I/data/marg/abhishek/CoMeT/benchmarks/tools/hooks -I/data/marg/abhishek/CoMeT/include -DENABLE_PARMACS   -DHAVE_IOCTLSOCKET   -o CMakeFiles/cmTryCompileExec.dir/CurlTests.c.o   -c /data/marg/abhishek/CoMeT/benchmarks/parsec/parsec-2.1/pkgs/tools/cmake/src/Utilities/cmcurl/CMake/CurlTests.c
/data/marg/abhishek/CoMeT/benchmarks/parsec/parsec-2.1/pkgs/tools/cmake/src/Utilities/cmcurl/CMake/CurlTests.c:435:10: fatal error: windows.h: No such file or directory
  435 | #include <windows.h>
      |          ^~~~~~~~~~~
compilation terminated.
make[3]: *** [CMakeFiles/cmTryCompileExec.dir/build.make:56: CMakeFiles/cmTryCompileExec.dir/CurlTests.c.o] Error 1
make[3]: Leaving directory '/data/marg/abhishek/CoMeT/benchmarks/parsec/parsec-2.1/pkgs/tools/cmake/obj/amd64-linux.gcc-sniper/CMakeFiles/CMakeTmp'
make[2]: Leaving directory '/data/marg/abhishek/CoMeT/benchmarks/parsec/parsec-2.1/pkgs/tools/cmake/obj/amd64-linux.gcc-sniper/CMakeFiles/CMakeTmp'
make[2]: *** [Makefile:111: cmTryCompileExec/fast] Error 2

Performing Curl Test HAVE_IOCTLSOCKET_CASE failed with the following output:
Change Dir: /data/marg/abhishek/CoMeT/benchmarks/parsec/parsec-2.1/pkgs/tools/cmake/obj/amd64-linux.gcc-sniper/CMakeFiles/CMakeTmp

Run Build Command:/usr/bin/make "cmTryCompileExec/fast"
make[2]: Entering directory '/data/marg/abhishek/CoMeT/benchmarks/parsec/parsec-2.1/pkgs/tools/cmake/obj/amd64-linux.gcc-sniper/CMakeFiles/CMakeTmp'
/usr/bin/make -f CMakeFiles/cmTryCompileExec.dir/build.make CMakeFiles/cmTryCompileExec.dir/build
make[3]: Entering directory '/data/marg/abhishek/CoMeT/benchmarks/parsec/parsec-2.1/pkgs/tools/cmake/obj/amd64-linux.gcc-sniper/CMakeFiles/CMakeTmp'
/data/marg/abhishek/CoMeT/benchmarks/parsec/parsec-2.1/pkgs/tools/cmake/obj/amd64-linux.gcc-sniper/Bootstrap.cmk/cmake -E cmake_progress_report /data/marg/abhishek/CoMeT/benchmarks/parsec/parsec-2.1/pkgs/tools/cmake/obj/amd64-linux.gcc-sniper/CMakeFiles/CMakeTmp/CMakeFiles 1
Building C object CMakeFiles/cmTryCompileExec.dir/CurlTests.c.o
/usr/bin/gcc   -O3 -funroll-loops -fprefetch-loop-arrays -static-libgcc -Wl,--hash-style=both,--as-needed -DPARSEC_VERSION=2.1 -DENABLE_PARSEC_HOOKS -I/data/marg/abhishek/CoMeT/benchmarks/parsec/parsec-2.1/pkgs/libs/hooks/inst/amd64-linux.gcc-sniper/include -I/data/marg/abhishek/CoMeT/benchmarks/tools/hooks -I/data/marg/abhishek/CoMeT/include -DENABLE_PARMACS   -DHAVE_IOCTLSOCKET_CASE   -o CMakeFiles/cmTryCompileExec.dir/CurlTests.c.o   -c /data/marg/abhishek/CoMeT/benchmarks/parsec/parsec-2.1/pkgs/tools/cmake/src/Utilities/cmcurl/CMake/CurlTests.c
/data/marg/abhishek/CoMeT/benchmarks/parsec/parsec-2.1/pkgs/tools/cmake/src/Utilities/cmcurl/CMake/CurlTests.c:451:10: fatal error: windows.h: No such file or directory
  451 | #include <windows.h>
      |          ^~~~~~~~~~~
compilation terminated.
make[3]: Leaving directory '/data/marg/abhishek/CoMeT/benchmarks/parsec/parsec-2.1/pkgs/tools/cmake/obj/amd64-linux.gcc-sniper/CMakeFiles/CMakeTmp'
make[3]: *** [CMakeFiles/cmTryCompileExec.dir/build.make:56: CMakeFiles/cmTryCompileExec.dir/CurlTests.c.o] Error 1
make[2]: *** [Makefile:111: cmTryCompileExec/fast] Error 2
make[2]: Leaving directory '/data/marg/abhishek/CoMeT/benchmarks/parsec/parsec-2.1/pkgs/tools/cmake/obj/amd64-linux.gcc-sniper/CMakeFiles/CMakeTmp'

Performing Curl Test HAVE_SO_NONBLOCK failed with the following output:
Change Dir: /data/marg/abhishek/CoMeT/benchmarks/parsec/parsec-2.1/pkgs/tools/cmake/obj/amd64-linux.gcc-sniper/CMakeFiles/CMakeTmp

Run Build Command:/usr/bin/make "cmTryCompileExec/fast"
make[2]: Entering directory '/data/marg/abhishek/CoMeT/benchmarks/parsec/parsec-2.1/pkgs/tools/cmake/obj/amd64-linux.gcc-sniper/CMakeFiles/CMakeTmp'
/usr/bin/make -f CMakeFiles/cmTryCompileExec.dir/build.make CMakeFiles/cmTryCompileExec.dir/build
make[3]: Entering directory '/data/marg/abhishek/CoMeT/benchmarks/parsec/parsec-2.1/pkgs/tools/cmake/obj/amd64-linux.gcc-sniper/CMakeFiles/CMakeTmp'
/data/marg/abhishek/CoMeT/benchmarks/parsec/parsec-2.1/pkgs/tools/cmake/obj/amd64-linux.gcc-sniper/Bootstrap.cmk/cmake -E cmake_progress_report /data/marg/abhishek/CoMeT/benchmarks/parsec/parsec-2.1/pkgs/tools/cmake/obj/amd64-linux.gcc-sniper/CMakeFiles/CMakeTmp/CMakeFiles 1
Building C object CMakeFiles/cmTryCompileExec.dir/CurlTests.c.o
/usr/bin/gcc   -O3 -funroll-loops -fprefetch-loop-arrays -static-libgcc -Wl,--hash-style=both,--as-needed -DPARSEC_VERSION=2.1 -DENABLE_PARSEC_HOOKS -I/data/marg/abhishek/CoMeT/benchmarks/parsec/parsec-2.1/pkgs/libs/hooks/inst/amd64-linux.gcc-sniper/include -I/data/marg/abhishek/CoMeT/benchmarks/tools/hooks -I/data/marg/abhishek/CoMeT/include -DENABLE_PARMACS   -DHAVE_SO_NONBLOCK   -o CMakeFiles/cmTryCompileExec.dir/CurlTests.c.o   -c /data/marg/abhishek/CoMeT/benchmarks/parsec/parsec-2.1/pkgs/tools/cmake/src/Utilities/cmcurl/CMake/CurlTests.c
/data/marg/abhishek/CoMeT/benchmarks/parsec/parsec-2.1/pkgs/tools/cmake/src/Utilities/cmcurl/CMake/CurlTests.c: In function ‘main’:
/data/marg/abhishek/CoMeT/benchmarks/parsec/parsec-2.1/pkgs/tools/cmake/src/Utilities/cmcurl/CMake/CurlTests.c:494:14: warning: implicit declaration of function ‘setsockopt’ [-Wimplicit-function-declaration]
  494 |  int flags = setsockopt(socket, SOL_SOCKET, SO_NONBLOCK, &b, sizeof(b));
      |              ^~~~~~~~~~
/data/marg/abhishek/CoMeT/benchmarks/parsec/parsec-2.1/pkgs/tools/cmake/src/Utilities/cmcurl/CMake/CurlTests.c:494:33: error: ‘SOL_SOCKET’ undeclared (first use in this function)
  494 |  int flags = setsockopt(socket, SOL_SOCKET, SO_NONBLOCK, &b, sizeof(b));
      |                                 ^~~~~~~~~~
/data/marg/abhishek/CoMeT/benchmarks/parsec/parsec-2.1/pkgs/tools/cmake/src/Utilities/cmcurl/CMake/CurlTests.c:494:33: note: each undeclared identifier is reported only once for each function it appears in
/data/marg/abhishek/CoMeT/benchmarks/parsec/parsec-2.1/pkgs/tools/cmake/src/Utilities/cmcurl/CMake/CurlTests.c:494:45: error: ‘SO_NONBLOCK’ undeclared (first use in this function); did you mean ‘O_NONBLOCK’?
  494 |  int flags = setsockopt(socket, SOL_SOCKET, SO_NONBLOCK, &b, sizeof(b));
      |                                             ^~~~~~~~~~~
      |                                             O_NONBLOCK
make[3]: *** [CMakeFiles/cmTryCompileExec.dir/build.make:56: CMakeFiles/cmTryCompileExec.dir/CurlTests.c.o] Error 1
make[3]: Leaving directory '/data/marg/abhishek/CoMeT/benchmarks/parsec/parsec-2.1/pkgs/tools/cmake/obj/amd64-linux.gcc-sniper/CMakeFiles/CMakeTmp'
make[2]: *** [Makefile:111: cmTryCompileExec/fast] Error 2
make[2]: Leaving directory '/data/marg/abhishek/CoMeT/benchmarks/parsec/parsec-2.1/pkgs/tools/cmake/obj/amd64-linux.gcc-sniper/CMakeFiles/CMakeTmp'

Performing Curl Test HAVE_O_NONBLOCKHAVE_GETHOSTBYADDR_R_5 failed with the following output:
Change Dir: /data/marg/abhishek/CoMeT/benchmarks/parsec/parsec-2.1/pkgs/tools/cmake/obj/amd64-linux.gcc-sniper/CMakeFiles/CMakeTmp

Run Build Command:/usr/bin/make "cmTryCompileExec/fast"
make[2]: Entering directory '/data/marg/abhishek/CoMeT/benchmarks/parsec/parsec-2.1/pkgs/tools/cmake/obj/amd64-linux.gcc-sniper/CMakeFiles/CMakeTmp'
/usr/bin/make -f CMakeFiles/cmTryCompileExec.dir/build.make CMakeFiles/cmTryCompileExec.dir/build
make[3]: Entering directory '/data/marg/abhishek/CoMeT/benchmarks/parsec/parsec-2.1/pkgs/tools/cmake/obj/amd64-linux.gcc-sniper/CMakeFiles/CMakeTmp'
/data/marg/abhishek/CoMeT/benchmarks/parsec/parsec-2.1/pkgs/tools/cmake/obj/amd64-linux.gcc-sniper/Bootstrap.cmk/cmake -E cmake_progress_report /data/marg/abhishek/CoMeT/benchmarks/parsec/parsec-2.1/pkgs/tools/cmake/obj/amd64-linux.gcc-sniper/CMakeFiles/CMakeTmp/CMakeFiles 1
Building C object CMakeFiles/cmTryCompileExec.dir/CurlTests.c.o
/usr/bin/gcc   -O3 -funroll-loops -fprefetch-loop-arrays -static-libgcc -Wl,--hash-style=both,--as-needed -DPARSEC_VERSION=2.1 -DENABLE_PARSEC_HOOKS -I/data/marg/abhishek/CoMeT/benchmarks/parsec/parsec-2.1/pkgs/libs/hooks/inst/amd64-linux.gcc-sniper/include -I/data/marg/abhishek/CoMeT/benchmarks/tools/hooks -I/data/marg/abhishek/CoMeT/include -DENABLE_PARMACS   -DHAVE_O_NONBLOCKHAVE_GETHOSTBYADDR_R_5   -o CMakeFiles/cmTryCompileExec.dir/CurlTests.c.o   -c /data/marg/abhishek/CoMeT/benchmarks/parsec/parsec-2.1/pkgs/tools/cmake/src/Utilities/cmcurl/CMake/CurlTests.c
Linking C executable cmTryCompileExec
/data/marg/abhishek/CoMeT/benchmarks/parsec/parsec-2.1/pkgs/tools/cmake/obj/amd64-linux.gcc-sniper/Bootstrap.cmk/cmake -E cmake_link_script CMakeFiles/cmTryCompileExec.dir/link.txt --verbose=1
/usr/bin/gcc    -O3 -funroll-loops -fprefetch-loop-arrays -static-libgcc -Wl,--hash-style=both,--as-needed -DPARSEC_VERSION=2.1 -DENABLE_PARSEC_HOOKS -I/data/marg/abhishek/CoMeT/benchmarks/parsec/parsec-2.1/pkgs/libs/hooks/inst/amd64-linux.gcc-sniper/include -I/data/marg/abhishek/CoMeT/benchmarks/tools/hooks -I/data/marg/abhishek/CoMeT/include -DENABLE_PARMACS   -DHAVE_O_NONBLOCKHAVE_GETHOSTBYADDR_R_5  -fPIC -L/usr/lib64 -L/usr/lib -L/data/marg/abhishek/CoMeT/benchmarks/parsec/parsec-2.1/pkgs/libs/hooks/inst/amd64-linux.gcc-sniper/lib CMakeFiles/cmTryCompileExec.dir/CurlTests.c.o  -o cmTryCompileExec -rdynamic -ldl -lssl 
/usr/bin/ld: /usr/lib/gcc/x86_64-linux-gnu/9/../../../x86_64-linux-gnu/Scrt1.o: in function `_start':
(.text+0x24): undefined reference to `main'
collect2: error: ld returned 1 exit status
make[3]: Leaving directory '/data/marg/abhishek/CoMeT/benchmarks/parsec/parsec-2.1/pkgs/tools/cmake/obj/amd64-linux.gcc-sniper/CMakeFiles/CMakeTmp'
make[3]: *** [CMakeFiles/cmTryCompileExec.dir/build.make:87: cmTryCompileExec] Error 1
make[2]: *** [Makefile:111: cmTryCompileExec/fast] Error 2
make[2]: Leaving directory '/data/marg/abhishek/CoMeT/benchmarks/parsec/parsec-2.1/pkgs/tools/cmake/obj/amd64-linux.gcc-sniper/CMakeFiles/CMakeTmp'

Performing Curl Test HAVE_GETHOSTBYADDR_R_7 failed with the following output:
Change Dir: /data/marg/abhishek/CoMeT/benchmarks/parsec/parsec-2.1/pkgs/tools/cmake/obj/amd64-linux.gcc-sniper/CMakeFiles/CMakeTmp

Run Build Command:/usr/bin/make "cmTryCompileExec/fast"
make[2]: Entering directory '/data/marg/abhishek/CoMeT/benchmarks/parsec/parsec-2.1/pkgs/tools/cmake/obj/amd64-linux.gcc-sniper/CMakeFiles/CMakeTmp'
/usr/bin/make -f CMakeFiles/cmTryCompileExec.dir/build.make CMakeFiles/cmTryCompileExec.dir/build
make[3]: Entering directory '/data/marg/abhishek/CoMeT/benchmarks/parsec/parsec-2.1/pkgs/tools/cmake/obj/amd64-linux.gcc-sniper/CMakeFiles/CMakeTmp'
/data/marg/abhishek/CoMeT/benchmarks/parsec/parsec-2.1/pkgs/tools/cmake/obj/amd64-linux.gcc-sniper/Bootstrap.cmk/cmake -E cmake_progress_report /data/marg/abhishek/CoMeT/benchmarks/parsec/parsec-2.1/pkgs/tools/cmake/obj/amd64-linux.gcc-sniper/CMakeFiles/CMakeTmp/CMakeFiles 1
Building C object CMakeFiles/cmTryCompileExec.dir/CurlTests.c.o
/usr/bin/gcc   -O3 -funroll-loops -fprefetch-loop-arrays -static-libgcc -Wl,--hash-style=both,--as-needed -DPARSEC_VERSION=2.1 -DENABLE_PARSEC_HOOKS -I/data/marg/abhishek/CoMeT/benchmarks/parsec/parsec-2.1/pkgs/libs/hooks/inst/amd64-linux.gcc-sniper/include -I/data/marg/abhishek/CoMeT/benchmarks/tools/hooks -I/data/marg/abhishek/CoMeT/include -DENABLE_PARMACS   -DHAVE_GETHOSTBYADDR_R_7   -o CMakeFiles/cmTryCompileExec.dir/CurlTests.c.o   -c /data/marg/abhishek/CoMeT/benchmarks/parsec/parsec-2.1/pkgs/tools/cmake/src/Utilities/cmcurl/CMake/CurlTests.c
/data/marg/abhishek/CoMeT/benchmarks/parsec/parsec-2.1/pkgs/tools/cmake/src/Utilities/cmcurl/CMake/CurlTests.c: In function ‘main’:
/data/marg/abhishek/CoMeT/benchmarks/parsec/parsec-2.1/pkgs/tools/cmake/src/Utilities/cmcurl/CMake/CurlTests.c:112:36: warning: passing argument 7 of ‘gethostbyaddr_r’ from incompatible pointer type [-Wincompatible-pointer-types]
  112 |                      buffer, 8192, &h_errnop);
      |                                    ^~~~~~~~~
      |                                    |
      |                                    int *
In file included from /data/marg/abhishek/CoMeT/benchmarks/parsec/parsec-2.1/pkgs/tools/cmake/src/Utilities/cmcurl/CMake/CurlTests.c:95:
/usr/include/netdb.h:174:36: note: expected ‘struct hostent ** restrict’ but argument is of type ‘int *’
  174 |        struct hostent **__restrict __result,
      |        ~~~~~~~~~~~~~~~~~~~~~~~~~~~~^~~~~~~~
/data/marg/abhishek/CoMeT/benchmarks/parsec/parsec-2.1/pkgs/tools/cmake/src/Utilities/cmcurl/CMake/CurlTests.c:111:6: error: too few arguments to function ‘gethostbyaddr_r’
  111 | hp = gethostbyaddr_r(address, length, type, &h,
      |      ^~~~~~~~~~~~~~~
In file included from /data/marg/abhishek/CoMeT/benchmarks/parsec/parsec-2.1/pkgs/tools/cmake/src/Utilities/cmcurl/CMake/CurlTests.c:95:
/usr/include/netdb.h:170:12: note: declared here
  170 | extern int gethostbyaddr_r (const void *__restrict __addr, __socklen_t __len,
      |            ^~~~~~~~~~~~~~~
make[3]: Leaving directory '/data/marg/abhishek/CoMeT/benchmarks/parsec/parsec-2.1/pkgs/tools/cmake/obj/amd64-linux.gcc-sniper/CMakeFiles/CMakeTmp'
make[3]: *** [CMakeFiles/cmTryCompileExec.dir/build.make:56: CMakeFiles/cmTryCompileExec.dir/CurlTests.c.o] Error 1
make[2]: *** [Makefile:111: cmTryCompileExec/fast] Error 2
make[2]: Leaving directory '/data/marg/abhishek/CoMeT/benchmarks/parsec/parsec-2.1/pkgs/tools/cmake/obj/amd64-linux.gcc-sniper/CMakeFiles/CMakeTmp'

Performing Curl Test HAVE_GETHOSTBYADDR_R_5_REENTRANT failed with the following output:
Change Dir: /data/marg/abhishek/CoMeT/benchmarks/parsec/parsec-2.1/pkgs/tools/cmake/obj/amd64-linux.gcc-sniper/CMakeFiles/CMakeTmp

Run Build Command:/usr/bin/make "cmTryCompileExec/fast"
make[2]: Entering directory '/data/marg/abhishek/CoMeT/benchmarks/parsec/parsec-2.1/pkgs/tools/cmake/obj/amd64-linux.gcc-sniper/CMakeFiles/CMakeTmp'
/usr/bin/make -f CMakeFiles/cmTryCompileExec.dir/build.make CMakeFiles/cmTryCompileExec.dir/build
make[3]: Entering directory '/data/marg/abhishek/CoMeT/benchmarks/parsec/parsec-2.1/pkgs/tools/cmake/obj/amd64-linux.gcc-sniper/CMakeFiles/CMakeTmp'
/data/marg/abhishek/CoMeT/benchmarks/parsec/parsec-2.1/pkgs/tools/cmake/obj/amd64-linux.gcc-sniper/Bootstrap.cmk/cmake -E cmake_progress_report /data/marg/abhishek/CoMeT/benchmarks/parsec/parsec-2.1/pkgs/tools/cmake/obj/amd64-linux.gcc-sniper/CMakeFiles/CMakeTmp/CMakeFiles 1
Building C object CMakeFiles/cmTryCompileExec.dir/CurlTests.c.o
/usr/bin/gcc   -O3 -funroll-loops -fprefetch-loop-arrays -static-libgcc -Wl,--hash-style=both,--as-needed -DPARSEC_VERSION=2.1 -DENABLE_PARSEC_HOOKS -I/data/marg/abhishek/CoMeT/benchmarks/parsec/parsec-2.1/pkgs/libs/hooks/inst/amd64-linux.gcc-sniper/include -I/data/marg/abhishek/CoMeT/benchmarks/tools/hooks -I/data/marg/abhishek/CoMeT/include -DENABLE_PARMACS   -DHAVE_GETHOSTBYADDR_R_5_REENTRANT   -o CMakeFiles/cmTryCompileExec.dir/CurlTests.c.o   -c /data/marg/abhishek/CoMeT/benchmarks/parsec/parsec-2.1/pkgs/tools/cmake/src/Utilities/cmcurl/CMake/CurlTests.c
/data/marg/abhishek/CoMeT/benchmarks/parsec/parsec-2.1/pkgs/tools/cmake/src/Utilities/cmcurl/CMake/CurlTests.c: In function ‘main’:
/data/marg/abhishek/CoMeT/benchmarks/parsec/parsec-2.1/pkgs/tools/cmake/src/Utilities/cmcurl/CMake/CurlTests.c:80:12: error: ‘q’ undeclared (first use in this function)
   80 | int length;q
      |            ^
/data/marg/abhishek/CoMeT/benchmarks/parsec/parsec-2.1/pkgs/tools/cmake/src/Utilities/cmcurl/CMake/CurlTests.c:80:12: note: each undeclared identifier is reported only once for each function it appears in
/data/marg/abhishek/CoMeT/benchmarks/parsec/parsec-2.1/pkgs/tools/cmake/src/Utilities/cmcurl/CMake/CurlTests.c:80:13: error: expected ‘;’ before ‘int’
   80 | int length;q
      |             ^
      |             ;
   81 | int type;
      | ~~~          
/data/marg/abhishek/CoMeT/benchmarks/parsec/parsec-2.1/pkgs/tools/cmake/src/Utilities/cmcurl/CMake/CurlTests.c:83:21: error: storage size of ‘hdata’ isn’t known
   83 | struct hostent_data hdata;
      |                     ^~~~~
/data/marg/abhishek/CoMeT/benchmarks/parsec/parsec-2.1/pkgs/tools/cmake/src/Utilities/cmcurl/CMake/CurlTests.c:88:39: error: ‘type’ undeclared (first use in this function)
   88 | rc = gethostbyaddr_r(address, length, type, &h, &hdata);
      |                                       ^~~~
/data/marg/abhishek/CoMeT/benchmarks/parsec/parsec-2.1/pkgs/tools/cmake/src/Utilities/cmcurl/CMake/CurlTests.c:88:6: error: too few arguments to function ‘gethostbyaddr_r’
   88 | rc = gethostbyaddr_r(address, length, type, &h, &hdata);
      |      ^~~~~~~~~~~~~~~
In file included from /data/marg/abhishek/CoMeT/benchmarks/parsec/parsec-2.1/pkgs/tools/cmake/src/Utilities/cmcurl/CMake/CurlTests.c:74:
/usr/include/netdb.h:170:12: note: declared here
  170 | extern int gethostbyaddr_r (const void *__restrict __addr, __socklen_t __len,
      |            ^~~~~~~~~~~~~~~
make[3]: Leaving directory '/data/marg/abhishek/CoMeT/benchmarks/parsec/parsec-2.1/pkgs/tools/cmake/obj/amd64-linux.gcc-sniper/CMakeFiles/CMakeTmp'
make[3]: *** [CMakeFiles/cmTryCompileExec.dir/build.make:56: CMakeFiles/cmTryCompileExec.dir/CurlTests.c.o] Error 1
make[2]: *** [Makefile:111: cmTryCompileExec/fast] Error 2
make[2]: Leaving directory '/data/marg/abhishek/CoMeT/benchmarks/parsec/parsec-2.1/pkgs/tools/cmake/obj/amd64-linux.gcc-sniper/CMakeFiles/CMakeTmp'

Performing Curl Test HAVE_GETHOSTBYADDR_R_7_REENTRANT failed with the following output:
Change Dir: /data/marg/abhishek/CoMeT/benchmarks/parsec/parsec-2.1/pkgs/tools/cmake/obj/amd64-linux.gcc-sniper/CMakeFiles/CMakeTmp

Run Build Command:/usr/bin/make "cmTryCompileExec/fast"
make[2]: Entering directory '/data/marg/abhishek/CoMeT/benchmarks/parsec/parsec-2.1/pkgs/tools/cmake/obj/amd64-linux.gcc-sniper/CMakeFiles/CMakeTmp'
/usr/bin/make -f CMakeFiles/cmTryCompileExec.dir/build.make CMakeFiles/cmTryCompileExec.dir/build
make[3]: Entering directory '/data/marg/abhishek/CoMeT/benchmarks/parsec/parsec-2.1/pkgs/tools/cmake/obj/amd64-linux.gcc-sniper/CMakeFiles/CMakeTmp'
/data/marg/abhishek/CoMeT/benchmarks/parsec/parsec-2.1/pkgs/tools/cmake/obj/amd64-linux.gcc-sniper/Bootstrap.cmk/cmake -E cmake_progress_report /data/marg/abhishek/CoMeT/benchmarks/parsec/parsec-2.1/pkgs/tools/cmake/obj/amd64-linux.gcc-sniper/CMakeFiles/CMakeTmp/CMakeFiles 1
Building C object CMakeFiles/cmTryCompileExec.dir/CurlTests.c.o
/usr/bin/gcc   -O3 -funroll-loops -fprefetch-loop-arrays -static-libgcc -Wl,--hash-style=both,--as-needed -DPARSEC_VERSION=2.1 -DENABLE_PARSEC_HOOKS -I/data/marg/abhishek/CoMeT/benchmarks/parsec/parsec-2.1/pkgs/libs/hooks/inst/amd64-linux.gcc-sniper/include -I/data/marg/abhishek/CoMeT/benchmarks/tools/hooks -I/data/marg/abhishek/CoMeT/include -DENABLE_PARMACS   -DHAVE_GETHOSTBYADDR_R_7_REENTRANT   -o CMakeFiles/cmTryCompileExec.dir/CurlTests.c.o   -c /data/marg/abhishek/CoMeT/benchmarks/parsec/parsec-2.1/pkgs/tools/cmake/src/Utilities/cmcurl/CMake/CurlTests.c
/data/marg/abhishek/CoMeT/benchmarks/parsec/parsec-2.1/pkgs/tools/cmake/src/Utilities/cmcurl/CMake/CurlTests.c: In function ‘main’:
/data/marg/abhishek/CoMeT/benchmarks/parsec/parsec-2.1/pkgs/tools/cmake/src/Utilities/cmcurl/CMake/CurlTests.c:137:36: warning: passing argument 7 of ‘gethostbyaddr_r’ from incompatible pointer type [-Wincompatible-pointer-types]
  137 |                      buffer, 8192, &h_errnop);
      |                                    ^~~~~~~~~
      |                                    |
      |                                    int *
In file included from /data/marg/abhishek/CoMeT/benchmarks/parsec/parsec-2.1/pkgs/tools/cmake/src/Utilities/cmcurl/CMake/CurlTests.c:120:
/usr/include/netdb.h:174:36: note: expected ‘struct hostent ** restrict’ but argument is of type ‘int *’
  174 |        struct hostent **__restrict __result,
      |        ~~~~~~~~~~~~~~~~~~~~~~~~~~~~^~~~~~~~
/data/marg/abhishek/CoMeT/benchmarks/parsec/parsec-2.1/pkgs/tools/cmake/src/Utilities/cmcurl/CMake/CurlTests.c:136:6: error: too few arguments to function ‘gethostbyaddr_r’
  136 | hp = gethostbyaddr_r(address, length, type, &h,
      |      ^~~~~~~~~~~~~~~
In file included from /data/marg/abhishek/CoMeT/benchmarks/parsec/parsec-2.1/pkgs/tools/cmake/src/Utilities/cmcurl/CMake/CurlTests.c:120:
/usr/include/netdb.h:170:12: note: declared here
  170 | extern int gethostbyaddr_r (const void *__restrict __addr, __socklen_t __len,
      |            ^~~~~~~~~~~~~~~
make[3]: *** [CMakeFiles/cmTryCompileExec.dir/build.make:56: CMakeFiles/cmTryCompileExec.dir/CurlTests.c.o] Error 1
make[3]: Leaving directory '/data/marg/abhishek/CoMeT/benchmarks/parsec/parsec-2.1/pkgs/tools/cmake/obj/amd64-linux.gcc-sniper/CMakeFiles/CMakeTmp'
make[2]: *** [Makefile:111: cmTryCompileExec/fast] Error 2
make[2]: Leaving directory '/data/marg/abhishek/CoMeT/benchmarks/parsec/parsec-2.1/pkgs/tools/cmake/obj/amd64-linux.gcc-sniper/CMakeFiles/CMakeTmp'

Performing Curl Test HAVE_GETHOSTBYNAME_R_3 failed with the following output:
Change Dir: /data/marg/abhishek/CoMeT/benchmarks/parsec/parsec-2.1/pkgs/tools/cmake/obj/amd64-linux.gcc-sniper/CMakeFiles/CMakeTmp

Run Build Command:/usr/bin/make "cmTryCompileExec/fast"
make[2]: Entering directory '/data/marg/abhishek/CoMeT/benchmarks/parsec/parsec-2.1/pkgs/tools/cmake/obj/amd64-linux.gcc-sniper/CMakeFiles/CMakeTmp'
/usr/bin/make -f CMakeFiles/cmTryCompileExec.dir/build.make CMakeFiles/cmTryCompileExec.dir/build
make[3]: Entering directory '/data/marg/abhishek/CoMeT/benchmarks/parsec/parsec-2.1/pkgs/tools/cmake/obj/amd64-linux.gcc-sniper/CMakeFiles/CMakeTmp'
/data/marg/abhishek/CoMeT/benchmarks/parsec/parsec-2.1/pkgs/tools/cmake/obj/amd64-linux.gcc-sniper/Bootstrap.cmk/cmake -E cmake_progress_report /data/marg/abhishek/CoMeT/benchmarks/parsec/parsec-2.1/pkgs/tools/cmake/obj/amd64-linux.gcc-sniper/CMakeFiles/CMakeTmp/CMakeFiles 1
Building C object CMakeFiles/cmTryCompileExec.dir/CurlTests.c.o
/usr/bin/gcc   -O3 -funroll-loops -fprefetch-loop-arrays -static-libgcc -Wl,--hash-style=both,--as-needed -DPARSEC_VERSION=2.1 -DENABLE_PARSEC_HOOKS -I/data/marg/abhishek/CoMeT/benchmarks/parsec/parsec-2.1/pkgs/libs/hooks/inst/amd64-linux.gcc-sniper/include -I/data/marg/abhishek/CoMeT/benchmarks/tools/hooks -I/data/marg/abhishek/CoMeT/include -DENABLE_PARMACS   -DHAVE_GETHOSTBYNAME_R_3   -o CMakeFiles/cmTryCompileExec.dir/CurlTests.c.o   -c /data/marg/abhishek/CoMeT/benchmarks/parsec/parsec-2.1/pkgs/tools/cmake/src/Utilities/cmcurl/CMake/CurlTests.c
/data/marg/abhishek/CoMeT/benchmarks/parsec/parsec-2.1/pkgs/tools/cmake/src/Utilities/cmcurl/CMake/CurlTests.c: In function ‘main’:
/data/marg/abhishek/CoMeT/benchmarks/parsec/parsec-2.1/pkgs/tools/cmake/src/Utilities/cmcurl/CMake/CurlTests.c:204:21: error: storage size of ‘data’ isn’t known
  204 | struct hostent_data data;
      |                     ^~~~
/data/marg/abhishek/CoMeT/benchmarks/parsec/parsec-2.1/pkgs/tools/cmake/src/Utilities/cmcurl/CMake/CurlTests.c:208:1: error: too few arguments to function ‘gethostbyname_r’
  208 | gethostbyname_r(NULL, NULL, NULL);
      | ^~~~~~~~~~~~~~~
In file included from /data/marg/abhishek/CoMeT/benchmarks/parsec/parsec-2.1/pkgs/tools/cmake/src/Utilities/cmcurl/CMake/CurlTests.c:196:
/usr/include/netdb.h:177:12: note: declared here
  177 | extern int gethostbyname_r (const char *__restrict __name,
      |            ^~~~~~~~~~~~~~~
make[3]: Leaving directory '/data/marg/abhishek/CoMeT/benchmarks/parsec/parsec-2.1/pkgs/tools/cmake/obj/amd64-linux.gcc-sniper/CMakeFiles/CMakeTmp'
make[3]: *** [CMakeFiles/cmTryCompileExec.dir/build.make:56: CMakeFiles/cmTryCompileExec.dir/CurlTests.c.o] Error 1
make[2]: *** [Makefile:111: cmTryCompileExec/fast] Error 2
make[2]: Leaving directory '/data/marg/abhishek/CoMeT/benchmarks/parsec/parsec-2.1/pkgs/tools/cmake/obj/amd64-linux.gcc-sniper/CMakeFiles/CMakeTmp'

Performing Curl Test HAVE_GETHOSTBYNAME_R_5 failed with the following output:
Change Dir: /data/marg/abhishek/CoMeT/benchmarks/parsec/parsec-2.1/pkgs/tools/cmake/obj/amd64-linux.gcc-sniper/CMakeFiles/CMakeTmp

Run Build Command:/usr/bin/make "cmTryCompileExec/fast"
make[2]: Entering directory '/data/marg/abhishek/CoMeT/benchmarks/parsec/parsec-2.1/pkgs/tools/cmake/obj/amd64-linux.gcc-sniper/CMakeFiles/CMakeTmp'
/usr/bin/make -f CMakeFiles/cmTryCompileExec.dir/build.make CMakeFiles/cmTryCompileExec.dir/build
make[3]: Entering directory '/data/marg/abhishek/CoMeT/benchmarks/parsec/parsec-2.1/pkgs/tools/cmake/obj/amd64-linux.gcc-sniper/CMakeFiles/CMakeTmp'
/data/marg/abhishek/CoMeT/benchmarks/parsec/parsec-2.1/pkgs/tools/cmake/obj/amd64-linux.gcc-sniper/Bootstrap.cmk/cmake -E cmake_progress_report /data/marg/abhishek/CoMeT/benchmarks/parsec/parsec-2.1/pkgs/tools/cmake/obj/amd64-linux.gcc-sniper/CMakeFiles/CMakeTmp/CMakeFiles 1
Building C object CMakeFiles/cmTryCompileExec.dir/CurlTests.c.o
/usr/bin/gcc   -O3 -funroll-loops -fprefetch-loop-arrays -static-libgcc -Wl,--hash-style=both,--as-needed -DPARSEC_VERSION=2.1 -DENABLE_PARSEC_HOOKS -I/data/marg/abhishek/CoMeT/benchmarks/parsec/parsec-2.1/pkgs/libs/hooks/inst/amd64-linux.gcc-sniper/include -I/data/marg/abhishek/CoMeT/benchmarks/tools/hooks -I/data/marg/abhishek/CoMeT/include -DENABLE_PARMACS   -DHAVE_GETHOSTBYNAME_R_5   -o CMakeFiles/cmTryCompileExec.dir/CurlTests.c.o   -c /data/marg/abhishek/CoMeT/benchmarks/parsec/parsec-2.1/pkgs/tools/cmake/src/Utilities/cmcurl/CMake/CurlTests.c
/data/marg/abhishek/CoMeT/benchmarks/parsec/parsec-2.1/pkgs/tools/cmake/src/Utilities/cmcurl/CMake/CurlTests.c: In function ‘main’:
/data/marg/abhishek/CoMeT/benchmarks/parsec/parsec-2.1/pkgs/tools/cmake/src/Utilities/cmcurl/CMake/CurlTests.c:247:1: error: too few arguments to function ‘gethostbyname_r’
  247 | gethostbyname_r(NULL, NULL, NULL, 0, NULL);
      | ^~~~~~~~~~~~~~~
In file included from /data/marg/abhishek/CoMeT/benchmarks/parsec/parsec-2.1/pkgs/tools/cmake/src/Utilities/cmcurl/CMake/CurlTests.c:237:
/usr/include/netdb.h:177:12: note: declared here
  177 | extern int gethostbyname_r (const char *__restrict __name,
      |            ^~~~~~~~~~~~~~~
make[3]: *** [CMakeFiles/cmTryCompileExec.dir/build.make:56: CMakeFiles/cmTryCompileExec.dir/CurlTests.c.o] Error 1
make[3]: Leaving directory '/data/marg/abhishek/CoMeT/benchmarks/parsec/parsec-2.1/pkgs/tools/cmake/obj/amd64-linux.gcc-sniper/CMakeFiles/CMakeTmp'
make[2]: *** [Makefile:111: cmTryCompileExec/fast] Error 2
make[2]: Leaving directory '/data/marg/abhishek/CoMeT/benchmarks/parsec/parsec-2.1/pkgs/tools/cmake/obj/amd64-linux.gcc-sniper/CMakeFiles/CMakeTmp'

Performing Curl Test HAVE_GETHOSTBYNAME_R_3_REENTRANT failed with the following output:
Change Dir: /data/marg/abhishek/CoMeT/benchmarks/parsec/parsec-2.1/pkgs/tools/cmake/obj/amd64-linux.gcc-sniper/CMakeFiles/CMakeTmp

Run Build Command:/usr/bin/make "cmTryCompileExec/fast"
make[2]: Entering directory '/data/marg/abhishek/CoMeT/benchmarks/parsec/parsec-2.1/pkgs/tools/cmake/obj/amd64-linux.gcc-sniper/CMakeFiles/CMakeTmp'
/usr/bin/make -f CMakeFiles/cmTryCompileExec.dir/build.make CMakeFiles/cmTryCompileExec.dir/build
make[3]: Entering directory '/data/marg/abhishek/CoMeT/benchmarks/parsec/parsec-2.1/pkgs/tools/cmake/obj/amd64-linux.gcc-sniper/CMakeFiles/CMakeTmp'
/data/marg/abhishek/CoMeT/benchmarks/parsec/parsec-2.1/pkgs/tools/cmake/obj/amd64-linux.gcc-sniper/Bootstrap.cmk/cmake -E cmake_progress_report /data/marg/abhishek/CoMeT/benchmarks/parsec/parsec-2.1/pkgs/tools/cmake/obj/amd64-linux.gcc-sniper/CMakeFiles/CMakeTmp/CMakeFiles 1
Building C object CMakeFiles/cmTryCompileExec.dir/CurlTests.c.o
/usr/bin/gcc   -O3 -funroll-loops -fprefetch-loop-arrays -static-libgcc -Wl,--hash-style=both,--as-needed -DPARSEC_VERSION=2.1 -DENABLE_PARSEC_HOOKS -I/data/marg/abhishek/CoMeT/benchmarks/parsec/parsec-2.1/pkgs/libs/hooks/inst/amd64-linux.gcc-sniper/include -I/data/marg/abhishek/CoMeT/benchmarks/tools/hooks -I/data/marg/abhishek/CoMeT/include -DENABLE_PARMACS   -DHAVE_GETHOSTBYNAME_R_3_REENTRANT   -o CMakeFiles/cmTryCompileExec.dir/CurlTests.c.o   -c /data/marg/abhishek/CoMeT/benchmarks/parsec/parsec-2.1/pkgs/tools/cmake/src/Utilities/cmcurl/CMake/CurlTests.c
/data/marg/abhishek/CoMeT/benchmarks/parsec/parsec-2.1/pkgs/tools/cmake/src/Utilities/cmcurl/CMake/CurlTests.c: In function ‘main’:
/data/marg/abhishek/CoMeT/benchmarks/parsec/parsec-2.1/pkgs/tools/cmake/src/Utilities/cmcurl/CMake/CurlTests.c:225:21: error: storage size of ‘data’ isn’t known
  225 | struct hostent_data data;
      |                     ^~~~
/data/marg/abhishek/CoMeT/benchmarks/parsec/parsec-2.1/pkgs/tools/cmake/src/Utilities/cmcurl/CMake/CurlTests.c:229:1: error: too few arguments to function ‘gethostbyname_r’
  229 | gethostbyname_r(NULL, NULL, NULL);
      | ^~~~~~~~~~~~~~~
In file included from /data/marg/abhishek/CoMeT/benchmarks/parsec/parsec-2.1/pkgs/tools/cmake/src/Utilities/cmcurl/CMake/CurlTests.c:217:
/usr/include/netdb.h:177:12: note: declared here
  177 | extern int gethostbyname_r (const char *__restrict __name,
      |            ^~~~~~~~~~~~~~~
make[3]: Leaving directory '/data/marg/abhishek/CoMeT/benchmarks/parsec/parsec-2.1/pkgs/tools/cmake/obj/amd64-linux.gcc-sniper/CMakeFiles/CMakeTmp'
make[3]: *** [CMakeFiles/cmTryCompileExec.dir/build.make:56: CMakeFiles/cmTryCompileExec.dir/CurlTests.c.o] Error 1
make[2]: Leaving directory '/data/marg/abhishek/CoMeT/benchmarks/parsec/parsec-2.1/pkgs/tools/cmake/obj/amd64-linux.gcc-sniper/CMakeFiles/CMakeTmp'
make[2]: *** [Makefile:111: cmTryCompileExec/fast] Error 2

Performing Curl Test HAVE_GETHOSTBYNAME_R_5_REENTRANT failed with the following output:
Change Dir: /data/marg/abhishek/CoMeT/benchmarks/parsec/parsec-2.1/pkgs/tools/cmake/obj/amd64-linux.gcc-sniper/CMakeFiles/CMakeTmp

Run Build Command:/usr/bin/make "cmTryCompileExec/fast"
make[2]: Entering directory '/data/marg/abhishek/CoMeT/benchmarks/parsec/parsec-2.1/pkgs/tools/cmake/obj/amd64-linux.gcc-sniper/CMakeFiles/CMakeTmp'
/usr/bin/make -f CMakeFiles/cmTryCompileExec.dir/build.make CMakeFiles/cmTryCompileExec.dir/build
make[3]: Entering directory '/data/marg/abhishek/CoMeT/benchmarks/parsec/parsec-2.1/pkgs/tools/cmake/obj/amd64-linux.gcc-sniper/CMakeFiles/CMakeTmp'
/data/marg/abhishek/CoMeT/benchmarks/parsec/parsec-2.1/pkgs/tools/cmake/obj/amd64-linux.gcc-sniper/Bootstrap.cmk/cmake -E cmake_progress_report /data/marg/abhishek/CoMeT/benchmarks/parsec/parsec-2.1/pkgs/tools/cmake/obj/amd64-linux.gcc-sniper/CMakeFiles/CMakeTmp/CMakeFiles 1
Building C object CMakeFiles/cmTryCompileExec.dir/CurlTests.c.o
/usr/bin/gcc   -O3 -funroll-loops -fprefetch-loop-arrays -static-libgcc -Wl,--hash-style=both,--as-needed -DPARSEC_VERSION=2.1 -DENABLE_PARSEC_HOOKS -I/data/marg/abhishek/CoMeT/benchmarks/parsec/parsec-2.1/pkgs/libs/hooks/inst/amd64-linux.gcc-sniper/include -I/data/marg/abhishek/CoMeT/benchmarks/tools/hooks -I/data/marg/abhishek/CoMeT/include -DENABLE_PARMACS   -DHAVE_GETHOSTBYNAME_R_5_REENTRANT   -o CMakeFiles/cmTryCompileExec.dir/CurlTests.c.o   -c /data/marg/abhishek/CoMeT/benchmarks/parsec/parsec-2.1/pkgs/tools/cmake/src/Utilities/cmcurl/CMake/CurlTests.c
/data/marg/abhishek/CoMeT/benchmarks/parsec/parsec-2.1/pkgs/tools/cmake/src/Utilities/cmcurl/CMake/CurlTests.c: In function ‘main’:
/data/marg/abhishek/CoMeT/benchmarks/parsec/parsec-2.1/pkgs/tools/cmake/src/Utilities/cmcurl/CMake/CurlTests.c:266:1: error: too few arguments to function ‘gethostbyname_r’
  266 | gethostbyname_r(NULL, NULL, NULL, 0, NULL);
      | ^~~~~~~~~~~~~~~
In file included from /data/marg/abhishek/CoMeT/benchmarks/parsec/parsec-2.1/pkgs/tools/cmake/src/Utilities/cmcurl/CMake/CurlTests.c:255:
/usr/include/netdb.h:177:12: note: declared here
  177 | extern int gethostbyname_r (const char *__restrict __name,
      |            ^~~~~~~~~~~~~~~
make[3]: Leaving directory '/data/marg/abhishek/CoMeT/benchmarks/parsec/parsec-2.1/pkgs/tools/cmake/obj/amd64-linux.gcc-sniper/CMakeFiles/CMakeTmp'
make[3]: *** [CMakeFiles/cmTryCompileExec.dir/build.make:56: CMakeFiles/cmTryCompileExec.dir/CurlTests.c.o] Error 1
make[2]: *** [Makefile:111: cmTryCompileExec/fast] Error 2
make[2]: Leaving directory '/data/marg/abhishek/CoMeT/benchmarks/parsec/parsec-2.1/pkgs/tools/cmake/obj/amd64-linux.gcc-sniper/CMakeFiles/CMakeTmp'

Performing Curl Test HAVE_INET_NTOA_R_DECL failed with the following output:
Change Dir: /data/marg/abhishek/CoMeT/benchmarks/parsec/parsec-2.1/pkgs/tools/cmake/obj/amd64-linux.gcc-sniper/CMakeFiles/CMakeTmp

Run Build Command:/usr/bin/make "cmTryCompileExec/fast"
make[2]: Entering directory '/data/marg/abhishek/CoMeT/benchmarks/parsec/parsec-2.1/pkgs/tools/cmake/obj/amd64-linux.gcc-sniper/CMakeFiles/CMakeTmp'
/usr/bin/make -f CMakeFiles/cmTryCompileExec.dir/build.make CMakeFiles/cmTryCompileExec.dir/build
make[3]: Entering directory '/data/marg/abhishek/CoMeT/benchmarks/parsec/parsec-2.1/pkgs/tools/cmake/obj/amd64-linux.gcc-sniper/CMakeFiles/CMakeTmp'
/data/marg/abhishek/CoMeT/benchmarks/parsec/parsec-2.1/pkgs/tools/cmake/obj/amd64-linux.gcc-sniper/Bootstrap.cmk/cmake -E cmake_progress_report /data/marg/abhishek/CoMeT/benchmarks/parsec/parsec-2.1/pkgs/tools/cmake/obj/amd64-linux.gcc-sniper/CMakeFiles/CMakeTmp/CMakeFiles 1
Building C object CMakeFiles/cmTryCompileExec.dir/CurlTests.c.o
/usr/bin/gcc   -O3 -funroll-loops -fprefetch-loop-arrays -static-libgcc -Wl,--hash-style=both,--as-needed -DPARSEC_VERSION=2.1 -DENABLE_PARSEC_HOOKS -I/data/marg/abhishek/CoMeT/benchmarks/parsec/parsec-2.1/pkgs/libs/hooks/inst/amd64-linux.gcc-sniper/include -I/data/marg/abhishek/CoMeT/benchmarks/tools/hooks -I/data/marg/abhishek/CoMeT/include -DENABLE_PARMACS   -DHAVE_INET_NTOA_R_DECL   -o CMakeFiles/cmTryCompileExec.dir/CurlTests.c.o   -c /data/marg/abhishek/CoMeT/benchmarks/parsec/parsec-2.1/pkgs/tools/cmake/src/Utilities/cmcurl/CMake/CurlTests.c
/data/marg/abhishek/CoMeT/benchmarks/parsec/parsec-2.1/pkgs/tools/cmake/src/Utilities/cmcurl/CMake/CurlTests.c: In function ‘main’:
/data/marg/abhishek/CoMeT/benchmarks/parsec/parsec-2.1/pkgs/tools/cmake/src/Utilities/cmcurl/CMake/CurlTests.c:376:21: error: ‘inet_ntoa_r’ undeclared (first use in this function); did you mean ‘inet_ntoa’?
  376 |   func = (func_type)inet_ntoa_r;
      |                     ^~~~~~~~~~~
      |                     inet_ntoa
/data/marg/abhishek/CoMeT/benchmarks/parsec/parsec-2.1/pkgs/tools/cmake/src/Utilities/cmcurl/CMake/CurlTests.c:376:21: note: each undeclared identifier is reported only once for each function it appears in
make[3]: Leaving directory '/data/marg/abhishek/CoMeT/benchmarks/parsec/parsec-2.1/pkgs/tools/cmake/obj/amd64-linux.gcc-sniper/CMakeFiles/CMakeTmp'
make[3]: *** [CMakeFiles/cmTryCompileExec.dir/build.make:56: CMakeFiles/cmTryCompileExec.dir/CurlTests.c.o] Error 1
make[2]: *** [Makefile:111: cmTryCompileExec/fast] Error 2
make[2]: Leaving directory '/data/marg/abhishek/CoMeT/benchmarks/parsec/parsec-2.1/pkgs/tools/cmake/obj/amd64-linux.gcc-sniper/CMakeFiles/CMakeTmp'

Performing Curl Test HAVE_INET_NTOA_R_DECL_REENTRANT failed with the following output:
Change Dir: /data/marg/abhishek/CoMeT/benchmarks/parsec/parsec-2.1/pkgs/tools/cmake/obj/amd64-linux.gcc-sniper/CMakeFiles/CMakeTmp

Run Build Command:/usr/bin/make "cmTryCompileExec/fast"
make[2]: Entering directory '/data/marg/abhishek/CoMeT/benchmarks/parsec/parsec-2.1/pkgs/tools/cmake/obj/amd64-linux.gcc-sniper/CMakeFiles/CMakeTmp'
/usr/bin/make -f CMakeFiles/cmTryCompileExec.dir/build.make CMakeFiles/cmTryCompileExec.dir/build
make[3]: Entering directory '/data/marg/abhishek/CoMeT/benchmarks/parsec/parsec-2.1/pkgs/tools/cmake/obj/amd64-linux.gcc-sniper/CMakeFiles/CMakeTmp'
/data/marg/abhishek/CoMeT/benchmarks/parsec/parsec-2.1/pkgs/tools/cmake/obj/amd64-linux.gcc-sniper/Bootstrap.cmk/cmake -E cmake_progress_report /data/marg/abhishek/CoMeT/benchmarks/parsec/parsec-2.1/pkgs/tools/cmake/obj/amd64-linux.gcc-sniper/CMakeFiles/CMakeTmp/CMakeFiles 1
Building C object CMakeFiles/cmTryCompileExec.dir/CurlTests.c.o
/usr/bin/gcc   -O3 -funroll-loops -fprefetch-loop-arrays -static-libgcc -Wl,--hash-style=both,--as-needed -DPARSEC_VERSION=2.1 -DENABLE_PARSEC_HOOKS -I/data/marg/abhishek/CoMeT/benchmarks/parsec/parsec-2.1/pkgs/libs/hooks/inst/amd64-linux.gcc-sniper/include -I/data/marg/abhishek/CoMeT/benchmarks/tools/hooks -I/data/marg/abhishek/CoMeT/include -DENABLE_PARMACS   -DHAVE_INET_NTOA_R_DECL_REENTRANT   -o CMakeFiles/cmTryCompileExec.dir/CurlTests.c.o   -c /data/marg/abhishek/CoMeT/benchmarks/parsec/parsec-2.1/pkgs/tools/cmake/src/Utilities/cmcurl/CMake/CurlTests.c
/data/marg/abhishek/CoMeT/benchmarks/parsec/parsec-2.1/pkgs/tools/cmake/src/Utilities/cmcurl/CMake/CurlTests.c: In function ‘main’:
/data/marg/abhishek/CoMeT/benchmarks/parsec/parsec-2.1/pkgs/tools/cmake/src/Utilities/cmcurl/CMake/CurlTests.c:391:22: error: ‘inet_ntoa_r’ undeclared (first use in this function); did you mean ‘inet_ntoa’?
  391 |   func = (func_type)&inet_ntoa_r;
      |                      ^~~~~~~~~~~
      |                      inet_ntoa
/data/marg/abhishek/CoMeT/benchmarks/parsec/parsec-2.1/pkgs/tools/cmake/src/Utilities/cmcurl/CMake/CurlTests.c:391:22: note: each undeclared identifier is reported only once for each function it appears in
make[3]: Leaving directory '/data/marg/abhishek/CoMeT/benchmarks/parsec/parsec-2.1/pkgs/tools/cmake/obj/amd64-linux.gcc-sniper/CMakeFiles/CMakeTmp'
make[3]: *** [CMakeFiles/cmTryCompileExec.dir/build.make:56: CMakeFiles/cmTryCompileExec.dir/CurlTests.c.o] Error 1
make[2]: *** [Makefile:111: cmTryCompileExec/fast] Error 2
make[2]: Leaving directory '/data/marg/abhishek/CoMeT/benchmarks/parsec/parsec-2.1/pkgs/tools/cmake/obj/amd64-linux.gcc-sniper/CMakeFiles/CMakeTmp'

Performing Curl Test HAVE_GLIBC_STRERROR_R failed with the following output:
Change Dir: /data/marg/abhishek/CoMeT/benchmarks/parsec/parsec-2.1/pkgs/tools/cmake/obj/amd64-linux.gcc-sniper/CMakeFiles/CMakeTmp

Run Build Command:/usr/bin/make "cmTryCompileExec/fast"
make[2]: Entering directory '/data/marg/abhishek/CoMeT/benchmarks/parsec/parsec-2.1/pkgs/tools/cmake/obj/amd64-linux.gcc-sniper/CMakeFiles/CMakeTmp'
/usr/bin/make -f CMakeFiles/cmTryCompileExec.dir/build.make CMakeFiles/cmTryCompileExec.dir/build
make[3]: Entering directory '/data/marg/abhishek/CoMeT/benchmarks/parsec/parsec-2.1/pkgs/tools/cmake/obj/amd64-linux.gcc-sniper/CMakeFiles/CMakeTmp'
/data/marg/abhishek/CoMeT/benchmarks/parsec/parsec-2.1/pkgs/tools/cmake/obj/amd64-linux.gcc-sniper/Bootstrap.cmk/cmake -E cmake_progress_report /data/marg/abhishek/CoMeT/benchmarks/parsec/parsec-2.1/pkgs/tools/cmake/obj/amd64-linux.gcc-sniper/CMakeFiles/CMakeTmp/CMakeFiles 1
Building C object CMakeFiles/cmTryCompileExec.dir/CurlTests.c.o
/usr/bin/gcc   -O3 -funroll-loops -fprefetch-loop-arrays -static-libgcc -Wl,--hash-style=both,--as-needed -DPARSEC_VERSION=2.1 -DENABLE_PARSEC_HOOKS -I/data/marg/abhishek/CoMeT/benchmarks/parsec/parsec-2.1/pkgs/libs/hooks/inst/amd64-linux.gcc-sniper/include -I/data/marg/abhishek/CoMeT/benchmarks/tools/hooks -I/data/marg/abhishek/CoMeT/include -DENABLE_PARMACS   -DHAVE_GLIBC_STRERROR_R   -o CMakeFiles/cmTryCompileExec.dir/CurlTests.c.o   -c /data/marg/abhishek/CoMeT/benchmarks/parsec/parsec-2.1/pkgs/tools/cmake/src/Utilities/cmcurl/CMake/CurlTests.c
/data/marg/abhishek/CoMeT/benchmarks/parsec/parsec-2.1/pkgs/tools/cmake/src/Utilities/cmcurl/CMake/CurlTests.c: In function ‘main’:
/data/marg/abhishek/CoMeT/benchmarks/parsec/parsec-2.1/pkgs/tools/cmake/src/Utilities/cmcurl/CMake/CurlTests.c:505:5: warning: initialization of ‘char *’ from ‘int’ makes pointer from integer without a cast [-Wint-conversion]
  505 |     strerror_r(EACCES, buffer, sizeof(buffer));
      |     ^~~~~~~~~~
Linking C executable cmTryCompileExec
/data/marg/abhishek/CoMeT/benchmarks/parsec/parsec-2.1/pkgs/tools/cmake/obj/amd64-linux.gcc-sniper/Bootstrap.cmk/cmake -E cmake_link_script CMakeFiles/cmTryCompileExec.dir/link.txt --verbose=1
/usr/bin/gcc    -O3 -funroll-loops -fprefetch-loop-arrays -static-libgcc -Wl,--hash-style=both,--as-needed -DPARSEC_VERSION=2.1 -DENABLE_PARSEC_HOOKS -I/data/marg/abhishek/CoMeT/benchmarks/parsec/parsec-2.1/pkgs/libs/hooks/inst/amd64-linux.gcc-sniper/include -I/data/marg/abhishek/CoMeT/benchmarks/tools/hooks -I/data/marg/abhishek/CoMeT/include -DENABLE_PARMACS   -DHAVE_GLIBC_STRERROR_R  -fPIC -L/usr/lib64 -L/usr/lib -L/data/marg/abhishek/CoMeT/benchmarks/parsec/parsec-2.1/pkgs/libs/hooks/inst/amd64-linux.gcc-sniper/lib CMakeFiles/cmTryCompileExec.dir/CurlTests.c.o  -o cmTryCompileExec -rdynamic -ldl -lssl 
make[3]: Leaving directory '/data/marg/abhishek/CoMeT/benchmarks/parsec/parsec-2.1/pkgs/tools/cmake/obj/amd64-linux.gcc-sniper/CMakeFiles/CMakeTmp'
make[2]: Leaving directory '/data/marg/abhishek/CoMeT/benchmarks/parsec/parsec-2.1/pkgs/tools/cmake/obj/amd64-linux.gcc-sniper/CMakeFiles/CMakeTmp'
There was a running problem of this test


Performing C SOURCE FILE Test int recv(int, void *, size_t, int) (curl_cv_func_recv_test) failed with the following output:
Change Dir: /data/marg/abhishek/CoMeT/benchmarks/parsec/parsec-2.1/pkgs/tools/cmake/obj/amd64-linux.gcc-sniper/CMakeFiles/CMakeTmp

Run Build Command:/usr/bin/make "cmTryCompileExec/fast"
make[2]: Entering directory '/data/marg/abhishek/CoMeT/benchmarks/parsec/parsec-2.1/pkgs/tools/cmake/obj/amd64-linux.gcc-sniper/CMakeFiles/CMakeTmp'
/usr/bin/make -f CMakeFiles/cmTryCompileExec.dir/build.make CMakeFiles/cmTryCompileExec.dir/build
make[3]: Entering directory '/data/marg/abhishek/CoMeT/benchmarks/parsec/parsec-2.1/pkgs/tools/cmake/obj/amd64-linux.gcc-sniper/CMakeFiles/CMakeTmp'
/data/marg/abhishek/CoMeT/benchmarks/parsec/parsec-2.1/pkgs/tools/cmake/obj/amd64-linux.gcc-sniper/Bootstrap.cmk/cmake -E cmake_progress_report /data/marg/abhishek/CoMeT/benchmarks/parsec/parsec-2.1/pkgs/tools/cmake/obj/amd64-linux.gcc-sniper/CMakeFiles/CMakeTmp/CMakeFiles 1
Building C object CMakeFiles/cmTryCompileExec.dir/src.c.o
/usr/bin/gcc   -O3 -funroll-loops -fprefetch-loop-arrays -static-libgcc -Wl,--hash-style=both,--as-needed -DPARSEC_VERSION=2.1 -DENABLE_PARSEC_HOOKS -I/data/marg/abhishek/CoMeT/benchmarks/parsec/parsec-2.1/pkgs/libs/hooks/inst/amd64-linux.gcc-sniper/include -I/data/marg/abhishek/CoMeT/benchmarks/tools/hooks -I/data/marg/abhishek/CoMeT/include -DENABLE_PARMACS   -Dcurl_cv_func_recv_test   -o CMakeFiles/cmTryCompileExec.dir/src.c.o   -c /data/marg/abhishek/CoMeT/benchmarks/parsec/parsec-2.1/pkgs/tools/cmake/obj/amd64-linux.gcc-sniper/CMakeFiles/CMakeTmp/src.c
/data/marg/abhishek/CoMeT/benchmarks/parsec/parsec-2.1/pkgs/tools/cmake/obj/amd64-linux.gcc-sniper/CMakeFiles/CMakeTmp/src.c:7:13: error: conflicting types for ‘recv’
    7 | extern int  recv(int, void *, size_t, int);
      |             ^~~~
In file included from /usr/include/x86_64-linux-gnu/sys/socket.h:269,
                 from /data/marg/abhishek/CoMeT/benchmarks/parsec/parsec-2.1/pkgs/tools/cmake/obj/amd64-linux.gcc-sniper/CMakeFiles/CMakeTmp/src.c:6:
/usr/include/x86_64-linux-gnu/bits/socket2.h:34:1: note: previous definition of ‘recv’ was here
   34 | recv (int __fd, void *__buf, size_t __n, int __flags)
      | ^~~~
make[3]: Leaving directory '/data/marg/abhishek/CoMeT/benchmarks/parsec/parsec-2.1/pkgs/tools/cmake/obj/amd64-linux.gcc-sniper/CMakeFiles/CMakeTmp'
make[3]: *** [CMakeFiles/cmTryCompileExec.dir/build.make:56: CMakeFiles/cmTryCompileExec.dir/src.c.o] Error 1
make[2]: *** [Makefile:111: cmTryCompileExec/fast] Error 2
make[2]: Leaving directory '/data/marg/abhishek/CoMeT/benchmarks/parsec/parsec-2.1/pkgs/tools/cmake/obj/amd64-linux.gcc-sniper/CMakeFiles/CMakeTmp'

Source file was:
#define __unused1
#undef inline
#define __unused2

#include <sys/types.h>
#include <sys/socket.h>
extern int  recv(int, void *, size_t, int);
#define __unused5 1

int main() { 
                    int s=0;
                    void * buf=0;
                    size_t len=0;
                    int flags=0;
                    int res = recv(s, buf, len, flags) ; return 0; }
Performing C SOURCE FILE Test int recv(int, void *, size_t, unsigned int) (curl_cv_func_recv_test) failed with the following output:
Change Dir: /data/marg/abhishek/CoMeT/benchmarks/parsec/parsec-2.1/pkgs/tools/cmake/obj/amd64-linux.gcc-sniper/CMakeFiles/CMakeTmp

Run Build Command:/usr/bin/make "cmTryCompileExec/fast"
make[2]: Entering directory '/data/marg/abhishek/CoMeT/benchmarks/parsec/parsec-2.1/pkgs/tools/cmake/obj/amd64-linux.gcc-sniper/CMakeFiles/CMakeTmp'
/usr/bin/make -f CMakeFiles/cmTryCompileExec.dir/build.make CMakeFiles/cmTryCompileExec.dir/build
make[3]: Entering directory '/data/marg/abhishek/CoMeT/benchmarks/parsec/parsec-2.1/pkgs/tools/cmake/obj/amd64-linux.gcc-sniper/CMakeFiles/CMakeTmp'
/data/marg/abhishek/CoMeT/benchmarks/parsec/parsec-2.1/pkgs/tools/cmake/obj/amd64-linux.gcc-sniper/Bootstrap.cmk/cmake -E cmake_progress_report /data/marg/abhishek/CoMeT/benchmarks/parsec/parsec-2.1/pkgs/tools/cmake/obj/amd64-linux.gcc-sniper/CMakeFiles/CMakeTmp/CMakeFiles 1
Building C object CMakeFiles/cmTryCompileExec.dir/src.c.o
/usr/bin/gcc   -O3 -funroll-loops -fprefetch-loop-arrays -static-libgcc -Wl,--hash-style=both,--as-needed -DPARSEC_VERSION=2.1 -DENABLE_PARSEC_HOOKS -I/data/marg/abhishek/CoMeT/benchmarks/parsec/parsec-2.1/pkgs/libs/hooks/inst/amd64-linux.gcc-sniper/include -I/data/marg/abhishek/CoMeT/benchmarks/tools/hooks -I/data/marg/abhishek/CoMeT/include -DENABLE_PARMACS   -Dcurl_cv_func_recv_test   -o CMakeFiles/cmTryCompileExec.dir/src.c.o   -c /data/marg/abhishek/CoMeT/benchmarks/parsec/parsec-2.1/pkgs/tools/cmake/obj/amd64-linux.gcc-sniper/CMakeFiles/CMakeTmp/src.c
/data/marg/abhishek/CoMeT/benchmarks/parsec/parsec-2.1/pkgs/tools/cmake/obj/amd64-linux.gcc-sniper/CMakeFiles/CMakeTmp/src.c:7:13: error: conflicting types for ‘recv’
    7 | extern int  recv(int, void *, size_t, unsigned int);
      |             ^~~~
In file included from /usr/include/x86_64-linux-gnu/sys/socket.h:269,
                 from /data/marg/abhishek/CoMeT/benchmarks/parsec/parsec-2.1/pkgs/tools/cmake/obj/amd64-linux.gcc-sniper/CMakeFiles/CMakeTmp/src.c:6:
/usr/include/x86_64-linux-gnu/bits/socket2.h:34:1: note: previous definition of ‘recv’ was here
   34 | recv (int __fd, void *__buf, size_t __n, int __flags)
      | ^~~~
make[3]: Leaving directory '/data/marg/abhishek/CoMeT/benchmarks/parsec/parsec-2.1/pkgs/tools/cmake/obj/amd64-linux.gcc-sniper/CMakeFiles/CMakeTmp'
make[3]: *** [CMakeFiles/cmTryCompileExec.dir/build.make:56: CMakeFiles/cmTryCompileExec.dir/src.c.o] Error 1
make[2]: *** [Makefile:111: cmTryCompileExec/fast] Error 2
make[2]: Leaving directory '/data/marg/abhishek/CoMeT/benchmarks/parsec/parsec-2.1/pkgs/tools/cmake/obj/amd64-linux.gcc-sniper/CMakeFiles/CMakeTmp'

Source file was:
#define __unused1
#undef inline
#define __unused2

#include <sys/types.h>
#include <sys/socket.h>
extern int  recv(int, void *, size_t, unsigned int);
#define __unused5 1

int main() { 
                    int s=0;
                    void * buf=0;
                    size_t len=0;
                    unsigned int flags=0;
                    int res = recv(s, buf, len, flags) ; return 0; }
Performing C SOURCE FILE Test int recv(int, void *, int, int) (curl_cv_func_recv_test) failed with the following output:
Change Dir: /data/marg/abhishek/CoMeT/benchmarks/parsec/parsec-2.1/pkgs/tools/cmake/obj/amd64-linux.gcc-sniper/CMakeFiles/CMakeTmp

Run Build Command:/usr/bin/make "cmTryCompileExec/fast"
make[2]: Entering directory '/data/marg/abhishek/CoMeT/benchmarks/parsec/parsec-2.1/pkgs/tools/cmake/obj/amd64-linux.gcc-sniper/CMakeFiles/CMakeTmp'
/usr/bin/make -f CMakeFiles/cmTryCompileExec.dir/build.make CMakeFiles/cmTryCompileExec.dir/build
make[3]: Entering directory '/data/marg/abhishek/CoMeT/benchmarks/parsec/parsec-2.1/pkgs/tools/cmake/obj/amd64-linux.gcc-sniper/CMakeFiles/CMakeTmp'
/data/marg/abhishek/CoMeT/benchmarks/parsec/parsec-2.1/pkgs/tools/cmake/obj/amd64-linux.gcc-sniper/Bootstrap.cmk/cmake -E cmake_progress_report /data/marg/abhishek/CoMeT/benchmarks/parsec/parsec-2.1/pkgs/tools/cmake/obj/amd64-linux.gcc-sniper/CMakeFiles/CMakeTmp/CMakeFiles 1
Building C object CMakeFiles/cmTryCompileExec.dir/src.c.o
/usr/bin/gcc   -O3 -funroll-loops -fprefetch-loop-arrays -static-libgcc -Wl,--hash-style=both,--as-needed -DPARSEC_VERSION=2.1 -DENABLE_PARSEC_HOOKS -I/data/marg/abhishek/CoMeT/benchmarks/parsec/parsec-2.1/pkgs/libs/hooks/inst/amd64-linux.gcc-sniper/include -I/data/marg/abhishek/CoMeT/benchmarks/tools/hooks -I/data/marg/abhishek/CoMeT/include -DENABLE_PARMACS   -Dcurl_cv_func_recv_test   -o CMakeFiles/cmTryCompileExec.dir/src.c.o   -c /data/marg/abhishek/CoMeT/benchmarks/parsec/parsec-2.1/pkgs/tools/cmake/obj/amd64-linux.gcc-sniper/CMakeFiles/CMakeTmp/src.c
/data/marg/abhishek/CoMeT/benchmarks/parsec/parsec-2.1/pkgs/tools/cmake/obj/amd64-linux.gcc-sniper/CMakeFiles/CMakeTmp/src.c:7:13: error: conflicting types for ‘recv’
    7 | extern int  recv(int, void *, int, int);
      |             ^~~~
In file included from /usr/include/x86_64-linux-gnu/sys/socket.h:269,
                 from /data/marg/abhishek/CoMeT/benchmarks/parsec/parsec-2.1/pkgs/tools/cmake/obj/amd64-linux.gcc-sniper/CMakeFiles/CMakeTmp/src.c:6:
/usr/include/x86_64-linux-gnu/bits/socket2.h:34:1: note: previous definition of ‘recv’ was here
   34 | recv (int __fd, void *__buf, size_t __n, int __flags)
      | ^~~~
make[3]: Leaving directory '/data/marg/abhishek/CoMeT/benchmarks/parsec/parsec-2.1/pkgs/tools/cmake/obj/amd64-linux.gcc-sniper/CMakeFiles/CMakeTmp'
make[3]: *** [CMakeFiles/cmTryCompileExec.dir/build.make:56: CMakeFiles/cmTryCompileExec.dir/src.c.o] Error 1
make[2]: Leaving directory '/data/marg/abhishek/CoMeT/benchmarks/parsec/parsec-2.1/pkgs/tools/cmake/obj/amd64-linux.gcc-sniper/CMakeFiles/CMakeTmp'
make[2]: *** [Makefile:111: cmTryCompileExec/fast] Error 2

Source file was:
#define __unused1
#undef inline
#define __unused2

#include <sys/types.h>
#include <sys/socket.h>
extern int  recv(int, void *, int, int);
#define __unused5 1

int main() { 
                    int s=0;
                    void * buf=0;
                    int len=0;
                    int flags=0;
                    int res = recv(s, buf, len, flags) ; return 0; }
Performing C SOURCE FILE Test int recv(int, void *, int, unsigned int) (curl_cv_func_recv_test) failed with the following output:
Change Dir: /data/marg/abhishek/CoMeT/benchmarks/parsec/parsec-2.1/pkgs/tools/cmake/obj/amd64-linux.gcc-sniper/CMakeFiles/CMakeTmp

Run Build Command:/usr/bin/make "cmTryCompileExec/fast"
make[2]: Entering directory '/data/marg/abhishek/CoMeT/benchmarks/parsec/parsec-2.1/pkgs/tools/cmake/obj/amd64-linux.gcc-sniper/CMakeFiles/CMakeTmp'
/usr/bin/make -f CMakeFiles/cmTryCompileExec.dir/build.make CMakeFiles/cmTryCompileExec.dir/build
make[3]: Entering directory '/data/marg/abhishek/CoMeT/benchmarks/parsec/parsec-2.1/pkgs/tools/cmake/obj/amd64-linux.gcc-sniper/CMakeFiles/CMakeTmp'
/data/marg/abhishek/CoMeT/benchmarks/parsec/parsec-2.1/pkgs/tools/cmake/obj/amd64-linux.gcc-sniper/Bootstrap.cmk/cmake -E cmake_progress_report /data/marg/abhishek/CoMeT/benchmarks/parsec/parsec-2.1/pkgs/tools/cmake/obj/amd64-linux.gcc-sniper/CMakeFiles/CMakeTmp/CMakeFiles 1
Building C object CMakeFiles/cmTryCompileExec.dir/src.c.o
/usr/bin/gcc   -O3 -funroll-loops -fprefetch-loop-arrays -static-libgcc -Wl,--hash-style=both,--as-needed -DPARSEC_VERSION=2.1 -DENABLE_PARSEC_HOOKS -I/data/marg/abhishek/CoMeT/benchmarks/parsec/parsec-2.1/pkgs/libs/hooks/inst/amd64-linux.gcc-sniper/include -I/data/marg/abhishek/CoMeT/benchmarks/tools/hooks -I/data/marg/abhishek/CoMeT/include -DENABLE_PARMACS   -Dcurl_cv_func_recv_test   -o CMakeFiles/cmTryCompileExec.dir/src.c.o   -c /data/marg/abhishek/CoMeT/benchmarks/parsec/parsec-2.1/pkgs/tools/cmake/obj/amd64-linux.gcc-sniper/CMakeFiles/CMakeTmp/src.c
/data/marg/abhishek/CoMeT/benchmarks/parsec/parsec-2.1/pkgs/tools/cmake/obj/amd64-linux.gcc-sniper/CMakeFiles/CMakeTmp/src.c:7:13: error: conflicting types for ‘recv’
    7 | extern int  recv(int, void *, int, unsigned int);
      |             ^~~~
In file included from /usr/include/x86_64-linux-gnu/sys/socket.h:269,
                 from /data/marg/abhishek/CoMeT/benchmarks/parsec/parsec-2.1/pkgs/tools/cmake/obj/amd64-linux.gcc-sniper/CMakeFiles/CMakeTmp/src.c:6:
/usr/include/x86_64-linux-gnu/bits/socket2.h:34:1: note: previous definition of ‘recv’ was here
   34 | recv (int __fd, void *__buf, size_t __n, int __flags)
      | ^~~~
make[3]: Leaving directory '/data/marg/abhishek/CoMeT/benchmarks/parsec/parsec-2.1/pkgs/tools/cmake/obj/amd64-linux.gcc-sniper/CMakeFiles/CMakeTmp'
make[3]: *** [CMakeFiles/cmTryCompileExec.dir/build.make:56: CMakeFiles/cmTryCompileExec.dir/src.c.o] Error 1
make[2]: *** [Makefile:111: cmTryCompileExec/fast] Error 2
make[2]: Leaving directory '/data/marg/abhishek/CoMeT/benchmarks/parsec/parsec-2.1/pkgs/tools/cmake/obj/amd64-linux.gcc-sniper/CMakeFiles/CMakeTmp'

Source file was:
#define __unused1
#undef inline
#define __unused2

#include <sys/types.h>
#include <sys/socket.h>
extern int  recv(int, void *, int, unsigned int);
#define __unused5 1

int main() { 
                    int s=0;
                    void * buf=0;
                    int len=0;
                    unsigned int flags=0;
                    int res = recv(s, buf, len, flags) ; return 0; }
Performing C SOURCE FILE Test int recv(int, void *, socklen_t, int) (curl_cv_func_recv_test) failed with the following output:
Change Dir: /data/marg/abhishek/CoMeT/benchmarks/parsec/parsec-2.1/pkgs/tools/cmake/obj/amd64-linux.gcc-sniper/CMakeFiles/CMakeTmp

Run Build Command:/usr/bin/make "cmTryCompileExec/fast"
make[2]: Entering directory '/data/marg/abhishek/CoMeT/benchmarks/parsec/parsec-2.1/pkgs/tools/cmake/obj/amd64-linux.gcc-sniper/CMakeFiles/CMakeTmp'
/usr/bin/make -f CMakeFiles/cmTryCompileExec.dir/build.make CMakeFiles/cmTryCompileExec.dir/build
make[3]: Entering directory '/data/marg/abhishek/CoMeT/benchmarks/parsec/parsec-2.1/pkgs/tools/cmake/obj/amd64-linux.gcc-sniper/CMakeFiles/CMakeTmp'
/data/marg/abhishek/CoMeT/benchmarks/parsec/parsec-2.1/pkgs/tools/cmake/obj/amd64-linux.gcc-sniper/Bootstrap.cmk/cmake -E cmake_progress_report /data/marg/abhishek/CoMeT/benchmarks/parsec/parsec-2.1/pkgs/tools/cmake/obj/amd64-linux.gcc-sniper/CMakeFiles/CMakeTmp/CMakeFiles 1
Building C object CMakeFiles/cmTryCompileExec.dir/src.c.o
/usr/bin/gcc   -O3 -funroll-loops -fprefetch-loop-arrays -static-libgcc -Wl,--hash-style=both,--as-needed -DPARSEC_VERSION=2.1 -DENABLE_PARSEC_HOOKS -I/data/marg/abhishek/CoMeT/benchmarks/parsec/parsec-2.1/pkgs/libs/hooks/inst/amd64-linux.gcc-sniper/include -I/data/marg/abhishek/CoMeT/benchmarks/tools/hooks -I/data/marg/abhishek/CoMeT/include -DENABLE_PARMACS   -Dcurl_cv_func_recv_test   -o CMakeFiles/cmTryCompileExec.dir/src.c.o   -c /data/marg/abhishek/CoMeT/benchmarks/parsec/parsec-2.1/pkgs/tools/cmake/obj/amd64-linux.gcc-sniper/CMakeFiles/CMakeTmp/src.c
/data/marg/abhishek/CoMeT/benchmarks/parsec/parsec-2.1/pkgs/tools/cmake/obj/amd64-linux.gcc-sniper/CMakeFiles/CMakeTmp/src.c:7:13: error: conflicting types for ‘recv’
    7 | extern int  recv(int, void *, socklen_t, int);
      |             ^~~~
In file included from /usr/include/x86_64-linux-gnu/sys/socket.h:269,
                 from /data/marg/abhishek/CoMeT/benchmarks/parsec/parsec-2.1/pkgs/tools/cmake/obj/amd64-linux.gcc-sniper/CMakeFiles/CMakeTmp/src.c:6:
/usr/include/x86_64-linux-gnu/bits/socket2.h:34:1: note: previous definition of ‘recv’ was here
   34 | recv (int __fd, void *__buf, size_t __n, int __flags)
      | ^~~~
make[3]: *** [CMakeFiles/cmTryCompileExec.dir/build.make:56: CMakeFiles/cmTryCompileExec.dir/src.c.o] Error 1
make[3]: Leaving directory '/data/marg/abhishek/CoMeT/benchmarks/parsec/parsec-2.1/pkgs/tools/cmake/obj/amd64-linux.gcc-sniper/CMakeFiles/CMakeTmp'
make[2]: *** [Makefile:111: cmTryCompileExec/fast] Error 2
make[2]: Leaving directory '/data/marg/abhishek/CoMeT/benchmarks/parsec/parsec-2.1/pkgs/tools/cmake/obj/amd64-linux.gcc-sniper/CMakeFiles/CMakeTmp'

Source file was:
#define __unused1
#undef inline
#define __unused2

#include <sys/types.h>
#include <sys/socket.h>
extern int  recv(int, void *, socklen_t, int);
#define __unused5 1

int main() { 
                    int s=0;
                    void * buf=0;
                    socklen_t len=0;
                    int flags=0;
                    int res = recv(s, buf, len, flags) ; return 0; }
Performing C SOURCE FILE Test int recv(int, void *, socklen_t, unsigned int) (curl_cv_func_recv_test) failed with the following output:
Change Dir: /data/marg/abhishek/CoMeT/benchmarks/parsec/parsec-2.1/pkgs/tools/cmake/obj/amd64-linux.gcc-sniper/CMakeFiles/CMakeTmp

Run Build Command:/usr/bin/make "cmTryCompileExec/fast"
make[2]: Entering directory '/data/marg/abhishek/CoMeT/benchmarks/parsec/parsec-2.1/pkgs/tools/cmake/obj/amd64-linux.gcc-sniper/CMakeFiles/CMakeTmp'
/usr/bin/make -f CMakeFiles/cmTryCompileExec.dir/build.make CMakeFiles/cmTryCompileExec.dir/build
make[3]: Entering directory '/data/marg/abhishek/CoMeT/benchmarks/parsec/parsec-2.1/pkgs/tools/cmake/obj/amd64-linux.gcc-sniper/CMakeFiles/CMakeTmp'
/data/marg/abhishek/CoMeT/benchmarks/parsec/parsec-2.1/pkgs/tools/cmake/obj/amd64-linux.gcc-sniper/Bootstrap.cmk/cmake -E cmake_progress_report /data/marg/abhishek/CoMeT/benchmarks/parsec/parsec-2.1/pkgs/tools/cmake/obj/amd64-linux.gcc-sniper/CMakeFiles/CMakeTmp/CMakeFiles 1
Building C object CMakeFiles/cmTryCompileExec.dir/src.c.o
/usr/bin/gcc   -O3 -funroll-loops -fprefetch-loop-arrays -static-libgcc -Wl,--hash-style=both,--as-needed -DPARSEC_VERSION=2.1 -DENABLE_PARSEC_HOOKS -I/data/marg/abhishek/CoMeT/benchmarks/parsec/parsec-2.1/pkgs/libs/hooks/inst/amd64-linux.gcc-sniper/include -I/data/marg/abhishek/CoMeT/benchmarks/tools/hooks -I/data/marg/abhishek/CoMeT/include -DENABLE_PARMACS   -Dcurl_cv_func_recv_test   -o CMakeFiles/cmTryCompileExec.dir/src.c.o   -c /data/marg/abhishek/CoMeT/benchmarks/parsec/parsec-2.1/pkgs/tools/cmake/obj/amd64-linux.gcc-sniper/CMakeFiles/CMakeTmp/src.c
/data/marg/abhishek/CoMeT/benchmarks/parsec/parsec-2.1/pkgs/tools/cmake/obj/amd64-linux.gcc-sniper/CMakeFiles/CMakeTmp/src.c:7:13: error: conflicting types for ‘recv’
    7 | extern int  recv(int, void *, socklen_t, unsigned int);
      |             ^~~~
In file included from /usr/include/x86_64-linux-gnu/sys/socket.h:269,
                 from /data/marg/abhishek/CoMeT/benchmarks/parsec/parsec-2.1/pkgs/tools/cmake/obj/amd64-linux.gcc-sniper/CMakeFiles/CMakeTmp/src.c:6:
/usr/include/x86_64-linux-gnu/bits/socket2.h:34:1: note: previous definition of ‘recv’ was here
   34 | recv (int __fd, void *__buf, size_t __n, int __flags)
      | ^~~~
make[3]: Leaving directory '/data/marg/abhishek/CoMeT/benchmarks/parsec/parsec-2.1/pkgs/tools/cmake/obj/amd64-linux.gcc-sniper/CMakeFiles/CMakeTmp'
make[3]: *** [CMakeFiles/cmTryCompileExec.dir/build.make:56: CMakeFiles/cmTryCompileExec.dir/src.c.o] Error 1
make[2]: *** [Makefile:111: cmTryCompileExec/fast] Error 2
make[2]: Leaving directory '/data/marg/abhishek/CoMeT/benchmarks/parsec/parsec-2.1/pkgs/tools/cmake/obj/amd64-linux.gcc-sniper/CMakeFiles/CMakeTmp'

Source file was:
#define __unused1
#undef inline
#define __unused2

#include <sys/types.h>
#include <sys/socket.h>
extern int  recv(int, void *, socklen_t, unsigned int);
#define __unused5 1

int main() { 
                    int s=0;
                    void * buf=0;
                    socklen_t len=0;
                    unsigned int flags=0;
                    int res = recv(s, buf, len, flags) ; return 0; }
Performing C SOURCE FILE Test int recv(int, void *, unsigned int, int) (curl_cv_func_recv_test) failed with the following output:
Change Dir: /data/marg/abhishek/CoMeT/benchmarks/parsec/parsec-2.1/pkgs/tools/cmake/obj/amd64-linux.gcc-sniper/CMakeFiles/CMakeTmp

Run Build Command:/usr/bin/make "cmTryCompileExec/fast"
make[2]: Entering directory '/data/marg/abhishek/CoMeT/benchmarks/parsec/parsec-2.1/pkgs/tools/cmake/obj/amd64-linux.gcc-sniper/CMakeFiles/CMakeTmp'
/usr/bin/make -f CMakeFiles/cmTryCompileExec.dir/build.make CMakeFiles/cmTryCompileExec.dir/build
make[3]: Entering directory '/data/marg/abhishek/CoMeT/benchmarks/parsec/parsec-2.1/pkgs/tools/cmake/obj/amd64-linux.gcc-sniper/CMakeFiles/CMakeTmp'
/data/marg/abhishek/CoMeT/benchmarks/parsec/parsec-2.1/pkgs/tools/cmake/obj/amd64-linux.gcc-sniper/Bootstrap.cmk/cmake -E cmake_progress_report /data/marg/abhishek/CoMeT/benchmarks/parsec/parsec-2.1/pkgs/tools/cmake/obj/amd64-linux.gcc-sniper/CMakeFiles/CMakeTmp/CMakeFiles 1
Building C object CMakeFiles/cmTryCompileExec.dir/src.c.o
/usr/bin/gcc   -O3 -funroll-loops -fprefetch-loop-arrays -static-libgcc -Wl,--hash-style=both,--as-needed -DPARSEC_VERSION=2.1 -DENABLE_PARSEC_HOOKS -I/data/marg/abhishek/CoMeT/benchmarks/parsec/parsec-2.1/pkgs/libs/hooks/inst/amd64-linux.gcc-sniper/include -I/data/marg/abhishek/CoMeT/benchmarks/tools/hooks -I/data/marg/abhishek/CoMeT/include -DENABLE_PARMACS   -Dcurl_cv_func_recv_test   -o CMakeFiles/cmTryCompileExec.dir/src.c.o   -c /data/marg/abhishek/CoMeT/benchmarks/parsec/parsec-2.1/pkgs/tools/cmake/obj/amd64-linux.gcc-sniper/CMakeFiles/CMakeTmp/src.c
/data/marg/abhishek/CoMeT/benchmarks/parsec/parsec-2.1/pkgs/tools/cmake/obj/amd64-linux.gcc-sniper/CMakeFiles/CMakeTmp/src.c:7:13: error: conflicting types for ‘recv’
    7 | extern int  recv(int, void *, unsigned int, int);
      |             ^~~~
In file included from /usr/include/x86_64-linux-gnu/sys/socket.h:269,
                 from /data/marg/abhishek/CoMeT/benchmarks/parsec/parsec-2.1/pkgs/tools/cmake/obj/amd64-linux.gcc-sniper/CMakeFiles/CMakeTmp/src.c:6:
/usr/include/x86_64-linux-gnu/bits/socket2.h:34:1: note: previous definition of ‘recv’ was here
   34 | recv (int __fd, void *__buf, size_t __n, int __flags)
      | ^~~~
make[3]: Leaving directory '/data/marg/abhishek/CoMeT/benchmarks/parsec/parsec-2.1/pkgs/tools/cmake/obj/amd64-linux.gcc-sniper/CMakeFiles/CMakeTmp'
make[3]: *** [CMakeFiles/cmTryCompileExec.dir/build.make:56: CMakeFiles/cmTryCompileExec.dir/src.c.o] Error 1
make[2]: *** [Makefile:111: cmTryCompileExec/fast] Error 2
make[2]: Leaving directory '/data/marg/abhishek/CoMeT/benchmarks/parsec/parsec-2.1/pkgs/tools/cmake/obj/amd64-linux.gcc-sniper/CMakeFiles/CMakeTmp'

Source file was:
#define __unused1
#undef inline
#define __unused2

#include <sys/types.h>
#include <sys/socket.h>
extern int  recv(int, void *, unsigned int, int);
#define __unused5 1

int main() { 
                    int s=0;
                    void * buf=0;
                    unsigned int len=0;
                    int flags=0;
                    int res = recv(s, buf, len, flags) ; return 0; }
Performing C SOURCE FILE Test int recv(int, void *, unsigned int, unsigned int) (curl_cv_func_recv_test) failed with the following output:
Change Dir: /data/marg/abhishek/CoMeT/benchmarks/parsec/parsec-2.1/pkgs/tools/cmake/obj/amd64-linux.gcc-sniper/CMakeFiles/CMakeTmp

Run Build Command:/usr/bin/make "cmTryCompileExec/fast"
make[2]: Entering directory '/data/marg/abhishek/CoMeT/benchmarks/parsec/parsec-2.1/pkgs/tools/cmake/obj/amd64-linux.gcc-sniper/CMakeFiles/CMakeTmp'
/usr/bin/make -f CMakeFiles/cmTryCompileExec.dir/build.make CMakeFiles/cmTryCompileExec.dir/build
make[3]: Entering directory '/data/marg/abhishek/CoMeT/benchmarks/parsec/parsec-2.1/pkgs/tools/cmake/obj/amd64-linux.gcc-sniper/CMakeFiles/CMakeTmp'
/data/marg/abhishek/CoMeT/benchmarks/parsec/parsec-2.1/pkgs/tools/cmake/obj/amd64-linux.gcc-sniper/Bootstrap.cmk/cmake -E cmake_progress_report /data/marg/abhishek/CoMeT/benchmarks/parsec/parsec-2.1/pkgs/tools/cmake/obj/amd64-linux.gcc-sniper/CMakeFiles/CMakeTmp/CMakeFiles 1
Building C object CMakeFiles/cmTryCompileExec.dir/src.c.o
/usr/bin/gcc   -O3 -funroll-loops -fprefetch-loop-arrays -static-libgcc -Wl,--hash-style=both,--as-needed -DPARSEC_VERSION=2.1 -DENABLE_PARSEC_HOOKS -I/data/marg/abhishek/CoMeT/benchmarks/parsec/parsec-2.1/pkgs/libs/hooks/inst/amd64-linux.gcc-sniper/include -I/data/marg/abhishek/CoMeT/benchmarks/tools/hooks -I/data/marg/abhishek/CoMeT/include -DENABLE_PARMACS   -Dcurl_cv_func_recv_test   -o CMakeFiles/cmTryCompileExec.dir/src.c.o   -c /data/marg/abhishek/CoMeT/benchmarks/parsec/parsec-2.1/pkgs/tools/cmake/obj/amd64-linux.gcc-sniper/CMakeFiles/CMakeTmp/src.c
/data/marg/abhishek/CoMeT/benchmarks/parsec/parsec-2.1/pkgs/tools/cmake/obj/amd64-linux.gcc-sniper/CMakeFiles/CMakeTmp/src.c:7:13: error: conflicting types for ‘recv’
    7 | extern int  recv(int, void *, unsigned int, unsigned int);
      |             ^~~~
In file included from /usr/include/x86_64-linux-gnu/sys/socket.h:269,
                 from /data/marg/abhishek/CoMeT/benchmarks/parsec/parsec-2.1/pkgs/tools/cmake/obj/amd64-linux.gcc-sniper/CMakeFiles/CMakeTmp/src.c:6:
/usr/include/x86_64-linux-gnu/bits/socket2.h:34:1: note: previous definition of ‘recv’ was here
   34 | recv (int __fd, void *__buf, size_t __n, int __flags)
      | ^~~~
make[3]: *** [CMakeFiles/cmTryCompileExec.dir/build.make:56: CMakeFiles/cmTryCompileExec.dir/src.c.o] Error 1
make[3]: Leaving directory '/data/marg/abhishek/CoMeT/benchmarks/parsec/parsec-2.1/pkgs/tools/cmake/obj/amd64-linux.gcc-sniper/CMakeFiles/CMakeTmp'
make[2]: *** [Makefile:111: cmTryCompileExec/fast] Error 2
make[2]: Leaving directory '/data/marg/abhishek/CoMeT/benchmarks/parsec/parsec-2.1/pkgs/tools/cmake/obj/amd64-linux.gcc-sniper/CMakeFiles/CMakeTmp'

Source file was:
#define __unused1
#undef inline
#define __unused2

#include <sys/types.h>
#include <sys/socket.h>
extern int  recv(int, void *, unsigned int, unsigned int);
#define __unused5 1

int main() { 
                    int s=0;
                    void * buf=0;
                    unsigned int len=0;
                    unsigned int flags=0;
                    int res = recv(s, buf, len, flags) ; return 0; }
Performing C SOURCE FILE Test int recv(int, char *, size_t, int) (curl_cv_func_recv_test) failed with the following output:
Change Dir: /data/marg/abhishek/CoMeT/benchmarks/parsec/parsec-2.1/pkgs/tools/cmake/obj/amd64-linux.gcc-sniper/CMakeFiles/CMakeTmp

Run Build Command:/usr/bin/make "cmTryCompileExec/fast"
make[2]: Entering directory '/data/marg/abhishek/CoMeT/benchmarks/parsec/parsec-2.1/pkgs/tools/cmake/obj/amd64-linux.gcc-sniper/CMakeFiles/CMakeTmp'
/usr/bin/make -f CMakeFiles/cmTryCompileExec.dir/build.make CMakeFiles/cmTryCompileExec.dir/build
make[3]: Entering directory '/data/marg/abhishek/CoMeT/benchmarks/parsec/parsec-2.1/pkgs/tools/cmake/obj/amd64-linux.gcc-sniper/CMakeFiles/CMakeTmp'
/data/marg/abhishek/CoMeT/benchmarks/parsec/parsec-2.1/pkgs/tools/cmake/obj/amd64-linux.gcc-sniper/Bootstrap.cmk/cmake -E cmake_progress_report /data/marg/abhishek/CoMeT/benchmarks/parsec/parsec-2.1/pkgs/tools/cmake/obj/amd64-linux.gcc-sniper/CMakeFiles/CMakeTmp/CMakeFiles 1
Building C object CMakeFiles/cmTryCompileExec.dir/src.c.o
/usr/bin/gcc   -O3 -funroll-loops -fprefetch-loop-arrays -static-libgcc -Wl,--hash-style=both,--as-needed -DPARSEC_VERSION=2.1 -DENABLE_PARSEC_HOOKS -I/data/marg/abhishek/CoMeT/benchmarks/parsec/parsec-2.1/pkgs/libs/hooks/inst/amd64-linux.gcc-sniper/include -I/data/marg/abhishek/CoMeT/benchmarks/tools/hooks -I/data/marg/abhishek/CoMeT/include -DENABLE_PARMACS   -Dcurl_cv_func_recv_test   -o CMakeFiles/cmTryCompileExec.dir/src.c.o   -c /data/marg/abhishek/CoMeT/benchmarks/parsec/parsec-2.1/pkgs/tools/cmake/obj/amd64-linux.gcc-sniper/CMakeFiles/CMakeTmp/src.c
/data/marg/abhishek/CoMeT/benchmarks/parsec/parsec-2.1/pkgs/tools/cmake/obj/amd64-linux.gcc-sniper/CMakeFiles/CMakeTmp/src.c:7:13: error: conflicting types for ‘recv’
    7 | extern int  recv(int, char *, size_t, int);
      |             ^~~~
In file included from /usr/include/x86_64-linux-gnu/sys/socket.h:269,
                 from /data/marg/abhishek/CoMeT/benchmarks/parsec/parsec-2.1/pkgs/tools/cmake/obj/amd64-linux.gcc-sniper/CMakeFiles/CMakeTmp/src.c:6:
/usr/include/x86_64-linux-gnu/bits/socket2.h:34:1: note: previous definition of ‘recv’ was here
   34 | recv (int __fd, void *__buf, size_t __n, int __flags)
      | ^~~~
make[3]: Leaving directory '/data/marg/abhishek/CoMeT/benchmarks/parsec/parsec-2.1/pkgs/tools/cmake/obj/amd64-linux.gcc-sniper/CMakeFiles/CMakeTmp'
make[3]: *** [CMakeFiles/cmTryCompileExec.dir/build.make:56: CMakeFiles/cmTryCompileExec.dir/src.c.o] Error 1
make[2]: *** [Makefile:111: cmTryCompileExec/fast] Error 2
make[2]: Leaving directory '/data/marg/abhishek/CoMeT/benchmarks/parsec/parsec-2.1/pkgs/tools/cmake/obj/amd64-linux.gcc-sniper/CMakeFiles/CMakeTmp'

Source file was:
#define __unused1
#undef inline
#define __unused2

#include <sys/types.h>
#include <sys/socket.h>
extern int  recv(int, char *, size_t, int);
#define __unused5 1

int main() { 
                    int s=0;
                    char * buf=0;
                    size_t len=0;
                    int flags=0;
                    int res = recv(s, buf, len, flags) ; return 0; }
Performing C SOURCE FILE Test int recv(int, char *, size_t, unsigned int) (curl_cv_func_recv_test) failed with the following output:
Change Dir: /data/marg/abhishek/CoMeT/benchmarks/parsec/parsec-2.1/pkgs/tools/cmake/obj/amd64-linux.gcc-sniper/CMakeFiles/CMakeTmp

Run Build Command:/usr/bin/make "cmTryCompileExec/fast"
make[2]: Entering directory '/data/marg/abhishek/CoMeT/benchmarks/parsec/parsec-2.1/pkgs/tools/cmake/obj/amd64-linux.gcc-sniper/CMakeFiles/CMakeTmp'
/usr/bin/make -f CMakeFiles/cmTryCompileExec.dir/build.make CMakeFiles/cmTryCompileExec.dir/build
make[3]: Entering directory '/data/marg/abhishek/CoMeT/benchmarks/parsec/parsec-2.1/pkgs/tools/cmake/obj/amd64-linux.gcc-sniper/CMakeFiles/CMakeTmp'
/data/marg/abhishek/CoMeT/benchmarks/parsec/parsec-2.1/pkgs/tools/cmake/obj/amd64-linux.gcc-sniper/Bootstrap.cmk/cmake -E cmake_progress_report /data/marg/abhishek/CoMeT/benchmarks/parsec/parsec-2.1/pkgs/tools/cmake/obj/amd64-linux.gcc-sniper/CMakeFiles/CMakeTmp/CMakeFiles 1
Building C object CMakeFiles/cmTryCompileExec.dir/src.c.o
/usr/bin/gcc   -O3 -funroll-loops -fprefetch-loop-arrays -static-libgcc -Wl,--hash-style=both,--as-needed -DPARSEC_VERSION=2.1 -DENABLE_PARSEC_HOOKS -I/data/marg/abhishek/CoMeT/benchmarks/parsec/parsec-2.1/pkgs/libs/hooks/inst/amd64-linux.gcc-sniper/include -I/data/marg/abhishek/CoMeT/benchmarks/tools/hooks -I/data/marg/abhishek/CoMeT/include -DENABLE_PARMACS   -Dcurl_cv_func_recv_test   -o CMakeFiles/cmTryCompileExec.dir/src.c.o   -c /data/marg/abhishek/CoMeT/benchmarks/parsec/parsec-2.1/pkgs/tools/cmake/obj/amd64-linux.gcc-sniper/CMakeFiles/CMakeTmp/src.c
/data/marg/abhishek/CoMeT/benchmarks/parsec/parsec-2.1/pkgs/tools/cmake/obj/amd64-linux.gcc-sniper/CMakeFiles/CMakeTmp/src.c:7:13: error: conflicting types for ‘recv’
    7 | extern int  recv(int, char *, size_t, unsigned int);
      |             ^~~~
In file included from /usr/include/x86_64-linux-gnu/sys/socket.h:269,
                 from /data/marg/abhishek/CoMeT/benchmarks/parsec/parsec-2.1/pkgs/tools/cmake/obj/amd64-linux.gcc-sniper/CMakeFiles/CMakeTmp/src.c:6:
/usr/include/x86_64-linux-gnu/bits/socket2.h:34:1: note: previous definition of ‘recv’ was here
   34 | recv (int __fd, void *__buf, size_t __n, int __flags)
      | ^~~~
make[3]: Leaving directory '/data/marg/abhishek/CoMeT/benchmarks/parsec/parsec-2.1/pkgs/tools/cmake/obj/amd64-linux.gcc-sniper/CMakeFiles/CMakeTmp'
make[3]: *** [CMakeFiles/cmTryCompileExec.dir/build.make:56: CMakeFiles/cmTryCompileExec.dir/src.c.o] Error 1
make[2]: *** [Makefile:111: cmTryCompileExec/fast] Error 2
make[2]: Leaving directory '/data/marg/abhishek/CoMeT/benchmarks/parsec/parsec-2.1/pkgs/tools/cmake/obj/amd64-linux.gcc-sniper/CMakeFiles/CMakeTmp'

Source file was:
#define __unused1
#undef inline
#define __unused2

#include <sys/types.h>
#include <sys/socket.h>
extern int  recv(int, char *, size_t, unsigned int);
#define __unused5 1

int main() { 
                    int s=0;
                    char * buf=0;
                    size_t len=0;
                    unsigned int flags=0;
                    int res = recv(s, buf, len, flags) ; return 0; }
Performing C SOURCE FILE Test int recv(int, char *, int, int) (curl_cv_func_recv_test) failed with the following output:
Change Dir: /data/marg/abhishek/CoMeT/benchmarks/parsec/parsec-2.1/pkgs/tools/cmake/obj/amd64-linux.gcc-sniper/CMakeFiles/CMakeTmp

Run Build Command:/usr/bin/make "cmTryCompileExec/fast"
make[2]: Entering directory '/data/marg/abhishek/CoMeT/benchmarks/parsec/parsec-2.1/pkgs/tools/cmake/obj/amd64-linux.gcc-sniper/CMakeFiles/CMakeTmp'
/usr/bin/make -f CMakeFiles/cmTryCompileExec.dir/build.make CMakeFiles/cmTryCompileExec.dir/build
make[3]: Entering directory '/data/marg/abhishek/CoMeT/benchmarks/parsec/parsec-2.1/pkgs/tools/cmake/obj/amd64-linux.gcc-sniper/CMakeFiles/CMakeTmp'
/data/marg/abhishek/CoMeT/benchmarks/parsec/parsec-2.1/pkgs/tools/cmake/obj/amd64-linux.gcc-sniper/Bootstrap.cmk/cmake -E cmake_progress_report /data/marg/abhishek/CoMeT/benchmarks/parsec/parsec-2.1/pkgs/tools/cmake/obj/amd64-linux.gcc-sniper/CMakeFiles/CMakeTmp/CMakeFiles 1
Building C object CMakeFiles/cmTryCompileExec.dir/src.c.o
/usr/bin/gcc   -O3 -funroll-loops -fprefetch-loop-arrays -static-libgcc -Wl,--hash-style=both,--as-needed -DPARSEC_VERSION=2.1 -DENABLE_PARSEC_HOOKS -I/data/marg/abhishek/CoMeT/benchmarks/parsec/parsec-2.1/pkgs/libs/hooks/inst/amd64-linux.gcc-sniper/include -I/data/marg/abhishek/CoMeT/benchmarks/tools/hooks -I/data/marg/abhishek/CoMeT/include -DENABLE_PARMACS   -Dcurl_cv_func_recv_test   -o CMakeFiles/cmTryCompileExec.dir/src.c.o   -c /data/marg/abhishek/CoMeT/benchmarks/parsec/parsec-2.1/pkgs/tools/cmake/obj/amd64-linux.gcc-sniper/CMakeFiles/CMakeTmp/src.c
/data/marg/abhishek/CoMeT/benchmarks/parsec/parsec-2.1/pkgs/tools/cmake/obj/amd64-linux.gcc-sniper/CMakeFiles/CMakeTmp/src.c:7:13: error: conflicting types for ‘recv’
    7 | extern int  recv(int, char *, int, int);
      |             ^~~~
In file included from /usr/include/x86_64-linux-gnu/sys/socket.h:269,
                 from /data/marg/abhishek/CoMeT/benchmarks/parsec/parsec-2.1/pkgs/tools/cmake/obj/amd64-linux.gcc-sniper/CMakeFiles/CMakeTmp/src.c:6:
/usr/include/x86_64-linux-gnu/bits/socket2.h:34:1: note: previous definition of ‘recv’ was here
   34 | recv (int __fd, void *__buf, size_t __n, int __flags)
      | ^~~~
make[3]: Leaving directory '/data/marg/abhishek/CoMeT/benchmarks/parsec/parsec-2.1/pkgs/tools/cmake/obj/amd64-linux.gcc-sniper/CMakeFiles/CMakeTmp'
make[3]: *** [CMakeFiles/cmTryCompileExec.dir/build.make:56: CMakeFiles/cmTryCompileExec.dir/src.c.o] Error 1
make[2]: *** [Makefile:111: cmTryCompileExec/fast] Error 2
make[2]: Leaving directory '/data/marg/abhishek/CoMeT/benchmarks/parsec/parsec-2.1/pkgs/tools/cmake/obj/amd64-linux.gcc-sniper/CMakeFiles/CMakeTmp'

Source file was:
#define __unused1
#undef inline
#define __unused2

#include <sys/types.h>
#include <sys/socket.h>
extern int  recv(int, char *, int, int);
#define __unused5 1

int main() { 
                    int s=0;
                    char * buf=0;
                    int len=0;
                    int flags=0;
                    int res = recv(s, buf, len, flags) ; return 0; }
Performing C SOURCE FILE Test int recv(int, char *, int, unsigned int) (curl_cv_func_recv_test) failed with the following output:
Change Dir: /data/marg/abhishek/CoMeT/benchmarks/parsec/parsec-2.1/pkgs/tools/cmake/obj/amd64-linux.gcc-sniper/CMakeFiles/CMakeTmp

Run Build Command:/usr/bin/make "cmTryCompileExec/fast"
make[2]: Entering directory '/data/marg/abhishek/CoMeT/benchmarks/parsec/parsec-2.1/pkgs/tools/cmake/obj/amd64-linux.gcc-sniper/CMakeFiles/CMakeTmp'
/usr/bin/make -f CMakeFiles/cmTryCompileExec.dir/build.make CMakeFiles/cmTryCompileExec.dir/build
make[3]: Entering directory '/data/marg/abhishek/CoMeT/benchmarks/parsec/parsec-2.1/pkgs/tools/cmake/obj/amd64-linux.gcc-sniper/CMakeFiles/CMakeTmp'
/data/marg/abhishek/CoMeT/benchmarks/parsec/parsec-2.1/pkgs/tools/cmake/obj/amd64-linux.gcc-sniper/Bootstrap.cmk/cmake -E cmake_progress_report /data/marg/abhishek/CoMeT/benchmarks/parsec/parsec-2.1/pkgs/tools/cmake/obj/amd64-linux.gcc-sniper/CMakeFiles/CMakeTmp/CMakeFiles 1
Building C object CMakeFiles/cmTryCompileExec.dir/src.c.o
/usr/bin/gcc   -O3 -funroll-loops -fprefetch-loop-arrays -static-libgcc -Wl,--hash-style=both,--as-needed -DPARSEC_VERSION=2.1 -DENABLE_PARSEC_HOOKS -I/data/marg/abhishek/CoMeT/benchmarks/parsec/parsec-2.1/pkgs/libs/hooks/inst/amd64-linux.gcc-sniper/include -I/data/marg/abhishek/CoMeT/benchmarks/tools/hooks -I/data/marg/abhishek/CoMeT/include -DENABLE_PARMACS   -Dcurl_cv_func_recv_test   -o CMakeFiles/cmTryCompileExec.dir/src.c.o   -c /data/marg/abhishek/CoMeT/benchmarks/parsec/parsec-2.1/pkgs/tools/cmake/obj/amd64-linux.gcc-sniper/CMakeFiles/CMakeTmp/src.c
/data/marg/abhishek/CoMeT/benchmarks/parsec/parsec-2.1/pkgs/tools/cmake/obj/amd64-linux.gcc-sniper/CMakeFiles/CMakeTmp/src.c:7:13: error: conflicting types for ‘recv’
    7 | extern int  recv(int, char *, int, unsigned int);
      |             ^~~~
In file included from /usr/include/x86_64-linux-gnu/sys/socket.h:269,
                 from /data/marg/abhishek/CoMeT/benchmarks/parsec/parsec-2.1/pkgs/tools/cmake/obj/amd64-linux.gcc-sniper/CMakeFiles/CMakeTmp/src.c:6:
/usr/include/x86_64-linux-gnu/bits/socket2.h:34:1: note: previous definition of ‘recv’ was here
   34 | recv (int __fd, void *__buf, size_t __n, int __flags)
      | ^~~~
make[3]: Leaving directory '/data/marg/abhishek/CoMeT/benchmarks/parsec/parsec-2.1/pkgs/tools/cmake/obj/amd64-linux.gcc-sniper/CMakeFiles/CMakeTmp'
make[3]: *** [CMakeFiles/cmTryCompileExec.dir/build.make:56: CMakeFiles/cmTryCompileExec.dir/src.c.o] Error 1
make[2]: *** [Makefile:111: cmTryCompileExec/fast] Error 2
make[2]: Leaving directory '/data/marg/abhishek/CoMeT/benchmarks/parsec/parsec-2.1/pkgs/tools/cmake/obj/amd64-linux.gcc-sniper/CMakeFiles/CMakeTmp'

Source file was:
#define __unused1
#undef inline
#define __unused2

#include <sys/types.h>
#include <sys/socket.h>
extern int  recv(int, char *, int, unsigned int);
#define __unused5 1

int main() { 
                    int s=0;
                    char * buf=0;
                    int len=0;
                    unsigned int flags=0;
                    int res = recv(s, buf, len, flags) ; return 0; }
Performing C SOURCE FILE Test int recv(int, char *, socklen_t, int) (curl_cv_func_recv_test) failed with the following output:
Change Dir: /data/marg/abhishek/CoMeT/benchmarks/parsec/parsec-2.1/pkgs/tools/cmake/obj/amd64-linux.gcc-sniper/CMakeFiles/CMakeTmp

Run Build Command:/usr/bin/make "cmTryCompileExec/fast"
make[2]: Entering directory '/data/marg/abhishek/CoMeT/benchmarks/parsec/parsec-2.1/pkgs/tools/cmake/obj/amd64-linux.gcc-sniper/CMakeFiles/CMakeTmp'
/usr/bin/make -f CMakeFiles/cmTryCompileExec.dir/build.make CMakeFiles/cmTryCompileExec.dir/build
make[3]: Entering directory '/data/marg/abhishek/CoMeT/benchmarks/parsec/parsec-2.1/pkgs/tools/cmake/obj/amd64-linux.gcc-sniper/CMakeFiles/CMakeTmp'
/data/marg/abhishek/CoMeT/benchmarks/parsec/parsec-2.1/pkgs/tools/cmake/obj/amd64-linux.gcc-sniper/Bootstrap.cmk/cmake -E cmake_progress_report /data/marg/abhishek/CoMeT/benchmarks/parsec/parsec-2.1/pkgs/tools/cmake/obj/amd64-linux.gcc-sniper/CMakeFiles/CMakeTmp/CMakeFiles 1
Building C object CMakeFiles/cmTryCompileExec.dir/src.c.o
/usr/bin/gcc   -O3 -funroll-loops -fprefetch-loop-arrays -static-libgcc -Wl,--hash-style=both,--as-needed -DPARSEC_VERSION=2.1 -DENABLE_PARSEC_HOOKS -I/data/marg/abhishek/CoMeT/benchmarks/parsec/parsec-2.1/pkgs/libs/hooks/inst/amd64-linux.gcc-sniper/include -I/data/marg/abhishek/CoMeT/benchmarks/tools/hooks -I/data/marg/abhishek/CoMeT/include -DENABLE_PARMACS   -Dcurl_cv_func_recv_test   -o CMakeFiles/cmTryCompileExec.dir/src.c.o   -c /data/marg/abhishek/CoMeT/benchmarks/parsec/parsec-2.1/pkgs/tools/cmake/obj/amd64-linux.gcc-sniper/CMakeFiles/CMakeTmp/src.c
/data/marg/abhishek/CoMeT/benchmarks/parsec/parsec-2.1/pkgs/tools/cmake/obj/amd64-linux.gcc-sniper/CMakeFiles/CMakeTmp/src.c:7:13: error: conflicting types for ‘recv’
    7 | extern int  recv(int, char *, socklen_t, int);
      |             ^~~~
In file included from /usr/include/x86_64-linux-gnu/sys/socket.h:269,
                 from /data/marg/abhishek/CoMeT/benchmarks/parsec/parsec-2.1/pkgs/tools/cmake/obj/amd64-linux.gcc-sniper/CMakeFiles/CMakeTmp/src.c:6:
/usr/include/x86_64-linux-gnu/bits/socket2.h:34:1: note: previous definition of ‘recv’ was here
   34 | recv (int __fd, void *__buf, size_t __n, int __flags)
      | ^~~~
make[3]: *** [CMakeFiles/cmTryCompileExec.dir/build.make:56: CMakeFiles/cmTryCompileExec.dir/src.c.o] Error 1
make[3]: Leaving directory '/data/marg/abhishek/CoMeT/benchmarks/parsec/parsec-2.1/pkgs/tools/cmake/obj/amd64-linux.gcc-sniper/CMakeFiles/CMakeTmp'
make[2]: *** [Makefile:111: cmTryCompileExec/fast] Error 2
make[2]: Leaving directory '/data/marg/abhishek/CoMeT/benchmarks/parsec/parsec-2.1/pkgs/tools/cmake/obj/amd64-linux.gcc-sniper/CMakeFiles/CMakeTmp'

Source file was:
#define __unused1
#undef inline
#define __unused2

#include <sys/types.h>
#include <sys/socket.h>
extern int  recv(int, char *, socklen_t, int);
#define __unused5 1

int main() { 
                    int s=0;
                    char * buf=0;
                    socklen_t len=0;
                    int flags=0;
                    int res = recv(s, buf, len, flags) ; return 0; }
Performing C SOURCE FILE Test int recv(int, char *, socklen_t, unsigned int) (curl_cv_func_recv_test) failed with the following output:
Change Dir: /data/marg/abhishek/CoMeT/benchmarks/parsec/parsec-2.1/pkgs/tools/cmake/obj/amd64-linux.gcc-sniper/CMakeFiles/CMakeTmp

Run Build Command:/usr/bin/make "cmTryCompileExec/fast"
make[2]: Entering directory '/data/marg/abhishek/CoMeT/benchmarks/parsec/parsec-2.1/pkgs/tools/cmake/obj/amd64-linux.gcc-sniper/CMakeFiles/CMakeTmp'
/usr/bin/make -f CMakeFiles/cmTryCompileExec.dir/build.make CMakeFiles/cmTryCompileExec.dir/build
make[3]: Entering directory '/data/marg/abhishek/CoMeT/benchmarks/parsec/parsec-2.1/pkgs/tools/cmake/obj/amd64-linux.gcc-sniper/CMakeFiles/CMakeTmp'
/data/marg/abhishek/CoMeT/benchmarks/parsec/parsec-2.1/pkgs/tools/cmake/obj/amd64-linux.gcc-sniper/Bootstrap.cmk/cmake -E cmake_progress_report /data/marg/abhishek/CoMeT/benchmarks/parsec/parsec-2.1/pkgs/tools/cmake/obj/amd64-linux.gcc-sniper/CMakeFiles/CMakeTmp/CMakeFiles 1
Building C object CMakeFiles/cmTryCompileExec.dir/src.c.o
/usr/bin/gcc   -O3 -funroll-loops -fprefetch-loop-arrays -static-libgcc -Wl,--hash-style=both,--as-needed -DPARSEC_VERSION=2.1 -DENABLE_PARSEC_HOOKS -I/data/marg/abhishek/CoMeT/benchmarks/parsec/parsec-2.1/pkgs/libs/hooks/inst/amd64-linux.gcc-sniper/include -I/data/marg/abhishek/CoMeT/benchmarks/tools/hooks -I/data/marg/abhishek/CoMeT/include -DENABLE_PARMACS   -Dcurl_cv_func_recv_test   -o CMakeFiles/cmTryCompileExec.dir/src.c.o   -c /data/marg/abhishek/CoMeT/benchmarks/parsec/parsec-2.1/pkgs/tools/cmake/obj/amd64-linux.gcc-sniper/CMakeFiles/CMakeTmp/src.c
/data/marg/abhishek/CoMeT/benchmarks/parsec/parsec-2.1/pkgs/tools/cmake/obj/amd64-linux.gcc-sniper/CMakeFiles/CMakeTmp/src.c:7:13: error: conflicting types for ‘recv’
    7 | extern int  recv(int, char *, socklen_t, unsigned int);
      |             ^~~~
In file included from /usr/include/x86_64-linux-gnu/sys/socket.h:269,
                 from /data/marg/abhishek/CoMeT/benchmarks/parsec/parsec-2.1/pkgs/tools/cmake/obj/amd64-linux.gcc-sniper/CMakeFiles/CMakeTmp/src.c:6:
/usr/include/x86_64-linux-gnu/bits/socket2.h:34:1: note: previous definition of ‘recv’ was here
   34 | recv (int __fd, void *__buf, size_t __n, int __flags)
      | ^~~~
make[3]: Leaving directory '/data/marg/abhishek/CoMeT/benchmarks/parsec/parsec-2.1/pkgs/tools/cmake/obj/amd64-linux.gcc-sniper/CMakeFiles/CMakeTmp'
make[3]: *** [CMakeFiles/cmTryCompileExec.dir/build.make:56: CMakeFiles/cmTryCompileExec.dir/src.c.o] Error 1
make[2]: *** [Makefile:111: cmTryCompileExec/fast] Error 2
make[2]: Leaving directory '/data/marg/abhishek/CoMeT/benchmarks/parsec/parsec-2.1/pkgs/tools/cmake/obj/amd64-linux.gcc-sniper/CMakeFiles/CMakeTmp'

Source file was:
#define __unused1
#undef inline
#define __unused2

#include <sys/types.h>
#include <sys/socket.h>
extern int  recv(int, char *, socklen_t, unsigned int);
#define __unused5 1

int main() { 
                    int s=0;
                    char * buf=0;
                    socklen_t len=0;
                    unsigned int flags=0;
                    int res = recv(s, buf, len, flags) ; return 0; }
Performing C SOURCE FILE Test int recv(int, char *, unsigned int, int) (curl_cv_func_recv_test) failed with the following output:
Change Dir: /data/marg/abhishek/CoMeT/benchmarks/parsec/parsec-2.1/pkgs/tools/cmake/obj/amd64-linux.gcc-sniper/CMakeFiles/CMakeTmp

Run Build Command:/usr/bin/make "cmTryCompileExec/fast"
make[2]: Entering directory '/data/marg/abhishek/CoMeT/benchmarks/parsec/parsec-2.1/pkgs/tools/cmake/obj/amd64-linux.gcc-sniper/CMakeFiles/CMakeTmp'
/usr/bin/make -f CMakeFiles/cmTryCompileExec.dir/build.make CMakeFiles/cmTryCompileExec.dir/build
make[3]: Entering directory '/data/marg/abhishek/CoMeT/benchmarks/parsec/parsec-2.1/pkgs/tools/cmake/obj/amd64-linux.gcc-sniper/CMakeFiles/CMakeTmp'
/data/marg/abhishek/CoMeT/benchmarks/parsec/parsec-2.1/pkgs/tools/cmake/obj/amd64-linux.gcc-sniper/Bootstrap.cmk/cmake -E cmake_progress_report /data/marg/abhishek/CoMeT/benchmarks/parsec/parsec-2.1/pkgs/tools/cmake/obj/amd64-linux.gcc-sniper/CMakeFiles/CMakeTmp/CMakeFiles 1
Building C object CMakeFiles/cmTryCompileExec.dir/src.c.o
/usr/bin/gcc   -O3 -funroll-loops -fprefetch-loop-arrays -static-libgcc -Wl,--hash-style=both,--as-needed -DPARSEC_VERSION=2.1 -DENABLE_PARSEC_HOOKS -I/data/marg/abhishek/CoMeT/benchmarks/parsec/parsec-2.1/pkgs/libs/hooks/inst/amd64-linux.gcc-sniper/include -I/data/marg/abhishek/CoMeT/benchmarks/tools/hooks -I/data/marg/abhishek/CoMeT/include -DENABLE_PARMACS   -Dcurl_cv_func_recv_test   -o CMakeFiles/cmTryCompileExec.dir/src.c.o   -c /data/marg/abhishek/CoMeT/benchmarks/parsec/parsec-2.1/pkgs/tools/cmake/obj/amd64-linux.gcc-sniper/CMakeFiles/CMakeTmp/src.c
/data/marg/abhishek/CoMeT/benchmarks/parsec/parsec-2.1/pkgs/tools/cmake/obj/amd64-linux.gcc-sniper/CMakeFiles/CMakeTmp/src.c:7:13: error: conflicting types for ‘recv’
    7 | extern int  recv(int, char *, unsigned int, int);
      |             ^~~~
In file included from /usr/include/x86_64-linux-gnu/sys/socket.h:269,
                 from /data/marg/abhishek/CoMeT/benchmarks/parsec/parsec-2.1/pkgs/tools/cmake/obj/amd64-linux.gcc-sniper/CMakeFiles/CMakeTmp/src.c:6:
/usr/include/x86_64-linux-gnu/bits/socket2.h:34:1: note: previous definition of ‘recv’ was here
   34 | recv (int __fd, void *__buf, size_t __n, int __flags)
      | ^~~~
make[3]: Leaving directory '/data/marg/abhishek/CoMeT/benchmarks/parsec/parsec-2.1/pkgs/tools/cmake/obj/amd64-linux.gcc-sniper/CMakeFiles/CMakeTmp'
make[3]: *** [CMakeFiles/cmTryCompileExec.dir/build.make:56: CMakeFiles/cmTryCompileExec.dir/src.c.o] Error 1
make[2]: *** [Makefile:111: cmTryCompileExec/fast] Error 2
make[2]: Leaving directory '/data/marg/abhishek/CoMeT/benchmarks/parsec/parsec-2.1/pkgs/tools/cmake/obj/amd64-linux.gcc-sniper/CMakeFiles/CMakeTmp'

Source file was:
#define __unused1
#undef inline
#define __unused2

#include <sys/types.h>
#include <sys/socket.h>
extern int  recv(int, char *, unsigned int, int);
#define __unused5 1

int main() { 
                    int s=0;
                    char * buf=0;
                    unsigned int len=0;
                    int flags=0;
                    int res = recv(s, buf, len, flags) ; return 0; }
Performing C SOURCE FILE Test int recv(int, char *, unsigned int, unsigned int) (curl_cv_func_recv_test) failed with the following output:
Change Dir: /data/marg/abhishek/CoMeT/benchmarks/parsec/parsec-2.1/pkgs/tools/cmake/obj/amd64-linux.gcc-sniper/CMakeFiles/CMakeTmp

Run Build Command:/usr/bin/make "cmTryCompileExec/fast"
make[2]: Entering directory '/data/marg/abhishek/CoMeT/benchmarks/parsec/parsec-2.1/pkgs/tools/cmake/obj/amd64-linux.gcc-sniper/CMakeFiles/CMakeTmp'
/usr/bin/make -f CMakeFiles/cmTryCompileExec.dir/build.make CMakeFiles/cmTryCompileExec.dir/build
make[3]: Entering directory '/data/marg/abhishek/CoMeT/benchmarks/parsec/parsec-2.1/pkgs/tools/cmake/obj/amd64-linux.gcc-sniper/CMakeFiles/CMakeTmp'
/data/marg/abhishek/CoMeT/benchmarks/parsec/parsec-2.1/pkgs/tools/cmake/obj/amd64-linux.gcc-sniper/Bootstrap.cmk/cmake -E cmake_progress_report /data/marg/abhishek/CoMeT/benchmarks/parsec/parsec-2.1/pkgs/tools/cmake/obj/amd64-linux.gcc-sniper/CMakeFiles/CMakeTmp/CMakeFiles 1
Building C object CMakeFiles/cmTryCompileExec.dir/src.c.o
/usr/bin/gcc   -O3 -funroll-loops -fprefetch-loop-arrays -static-libgcc -Wl,--hash-style=both,--as-needed -DPARSEC_VERSION=2.1 -DENABLE_PARSEC_HOOKS -I/data/marg/abhishek/CoMeT/benchmarks/parsec/parsec-2.1/pkgs/libs/hooks/inst/amd64-linux.gcc-sniper/include -I/data/marg/abhishek/CoMeT/benchmarks/tools/hooks -I/data/marg/abhishek/CoMeT/include -DENABLE_PARMACS   -Dcurl_cv_func_recv_test   -o CMakeFiles/cmTryCompileExec.dir/src.c.o   -c /data/marg/abhishek/CoMeT/benchmarks/parsec/parsec-2.1/pkgs/tools/cmake/obj/amd64-linux.gcc-sniper/CMakeFiles/CMakeTmp/src.c
/data/marg/abhishek/CoMeT/benchmarks/parsec/parsec-2.1/pkgs/tools/cmake/obj/amd64-linux.gcc-sniper/CMakeFiles/CMakeTmp/src.c:7:13: error: conflicting types for ‘recv’
    7 | extern int  recv(int, char *, unsigned int, unsigned int);
      |             ^~~~
In file included from /usr/include/x86_64-linux-gnu/sys/socket.h:269,
                 from /data/marg/abhishek/CoMeT/benchmarks/parsec/parsec-2.1/pkgs/tools/cmake/obj/amd64-linux.gcc-sniper/CMakeFiles/CMakeTmp/src.c:6:
/usr/include/x86_64-linux-gnu/bits/socket2.h:34:1: note: previous definition of ‘recv’ was here
   34 | recv (int __fd, void *__buf, size_t __n, int __flags)
      | ^~~~
make[3]: *** [CMakeFiles/cmTryCompileExec.dir/build.make:56: CMakeFiles/cmTryCompileExec.dir/src.c.o] Error 1
make[3]: Leaving directory '/data/marg/abhishek/CoMeT/benchmarks/parsec/parsec-2.1/pkgs/tools/cmake/obj/amd64-linux.gcc-sniper/CMakeFiles/CMakeTmp'
make[2]: *** [Makefile:111: cmTryCompileExec/fast] Error 2
make[2]: Leaving directory '/data/marg/abhishek/CoMeT/benchmarks/parsec/parsec-2.1/pkgs/tools/cmake/obj/amd64-linux.gcc-sniper/CMakeFiles/CMakeTmp'

Source file was:
#define __unused1
#undef inline
#define __unused2

#include <sys/types.h>
#include <sys/socket.h>
extern int  recv(int, char *, unsigned int, unsigned int);
#define __unused5 1

int main() { 
                    int s=0;
                    char * buf=0;
                    unsigned int len=0;
                    unsigned int flags=0;
                    int res = recv(s, buf, len, flags) ; return 0; }
Performing C SOURCE FILE Test int recv(ssize_t, void *, size_t, int) (curl_cv_func_recv_test) failed with the following output:
Change Dir: /data/marg/abhishek/CoMeT/benchmarks/parsec/parsec-2.1/pkgs/tools/cmake/obj/amd64-linux.gcc-sniper/CMakeFiles/CMakeTmp

Run Build Command:/usr/bin/make "cmTryCompileExec/fast"
make[2]: Entering directory '/data/marg/abhishek/CoMeT/benchmarks/parsec/parsec-2.1/pkgs/tools/cmake/obj/amd64-linux.gcc-sniper/CMakeFiles/CMakeTmp'
/usr/bin/make -f CMakeFiles/cmTryCompileExec.dir/build.make CMakeFiles/cmTryCompileExec.dir/build
make[3]: Entering directory '/data/marg/abhishek/CoMeT/benchmarks/parsec/parsec-2.1/pkgs/tools/cmake/obj/amd64-linux.gcc-sniper/CMakeFiles/CMakeTmp'
/data/marg/abhishek/CoMeT/benchmarks/parsec/parsec-2.1/pkgs/tools/cmake/obj/amd64-linux.gcc-sniper/Bootstrap.cmk/cmake -E cmake_progress_report /data/marg/abhishek/CoMeT/benchmarks/parsec/parsec-2.1/pkgs/tools/cmake/obj/amd64-linux.gcc-sniper/CMakeFiles/CMakeTmp/CMakeFiles 1
Building C object CMakeFiles/cmTryCompileExec.dir/src.c.o
/usr/bin/gcc   -O3 -funroll-loops -fprefetch-loop-arrays -static-libgcc -Wl,--hash-style=both,--as-needed -DPARSEC_VERSION=2.1 -DENABLE_PARSEC_HOOKS -I/data/marg/abhishek/CoMeT/benchmarks/parsec/parsec-2.1/pkgs/libs/hooks/inst/amd64-linux.gcc-sniper/include -I/data/marg/abhishek/CoMeT/benchmarks/tools/hooks -I/data/marg/abhishek/CoMeT/include -DENABLE_PARMACS   -Dcurl_cv_func_recv_test   -o CMakeFiles/cmTryCompileExec.dir/src.c.o   -c /data/marg/abhishek/CoMeT/benchmarks/parsec/parsec-2.1/pkgs/tools/cmake/obj/amd64-linux.gcc-sniper/CMakeFiles/CMakeTmp/src.c
/data/marg/abhishek/CoMeT/benchmarks/parsec/parsec-2.1/pkgs/tools/cmake/obj/amd64-linux.gcc-sniper/CMakeFiles/CMakeTmp/src.c:7:13: error: conflicting types for ‘recv’
    7 | extern int  recv(ssize_t, void *, size_t, int);
      |             ^~~~
In file included from /usr/include/x86_64-linux-gnu/sys/socket.h:269,
                 from /data/marg/abhishek/CoMeT/benchmarks/parsec/parsec-2.1/pkgs/tools/cmake/obj/amd64-linux.gcc-sniper/CMakeFiles/CMakeTmp/src.c:6:
/usr/include/x86_64-linux-gnu/bits/socket2.h:34:1: note: previous definition of ‘recv’ was here
   34 | recv (int __fd, void *__buf, size_t __n, int __flags)
      | ^~~~
make[3]: Leaving directory '/data/marg/abhishek/CoMeT/benchmarks/parsec/parsec-2.1/pkgs/tools/cmake/obj/amd64-linux.gcc-sniper/CMakeFiles/CMakeTmp'
make[3]: *** [CMakeFiles/cmTryCompileExec.dir/build.make:56: CMakeFiles/cmTryCompileExec.dir/src.c.o] Error 1
make[2]: *** [Makefile:111: cmTryCompileExec/fast] Error 2
make[2]: Leaving directory '/data/marg/abhishek/CoMeT/benchmarks/parsec/parsec-2.1/pkgs/tools/cmake/obj/amd64-linux.gcc-sniper/CMakeFiles/CMakeTmp'

Source file was:
#define __unused1
#undef inline
#define __unused2

#include <sys/types.h>
#include <sys/socket.h>
extern int  recv(ssize_t, void *, size_t, int);
#define __unused5 1

int main() { 
                    ssize_t s=0;
                    void * buf=0;
                    size_t len=0;
                    int flags=0;
                    int res = recv(s, buf, len, flags) ; return 0; }
Performing C SOURCE FILE Test int recv(ssize_t, void *, size_t, unsigned int) (curl_cv_func_recv_test) failed with the following output:
Change Dir: /data/marg/abhishek/CoMeT/benchmarks/parsec/parsec-2.1/pkgs/tools/cmake/obj/amd64-linux.gcc-sniper/CMakeFiles/CMakeTmp

Run Build Command:/usr/bin/make "cmTryCompileExec/fast"
make[2]: Entering directory '/data/marg/abhishek/CoMeT/benchmarks/parsec/parsec-2.1/pkgs/tools/cmake/obj/amd64-linux.gcc-sniper/CMakeFiles/CMakeTmp'
/usr/bin/make -f CMakeFiles/cmTryCompileExec.dir/build.make CMakeFiles/cmTryCompileExec.dir/build
make[3]: Entering directory '/data/marg/abhishek/CoMeT/benchmarks/parsec/parsec-2.1/pkgs/tools/cmake/obj/amd64-linux.gcc-sniper/CMakeFiles/CMakeTmp'
/data/marg/abhishek/CoMeT/benchmarks/parsec/parsec-2.1/pkgs/tools/cmake/obj/amd64-linux.gcc-sniper/Bootstrap.cmk/cmake -E cmake_progress_report /data/marg/abhishek/CoMeT/benchmarks/parsec/parsec-2.1/pkgs/tools/cmake/obj/amd64-linux.gcc-sniper/CMakeFiles/CMakeTmp/CMakeFiles 1
Building C object CMakeFiles/cmTryCompileExec.dir/src.c.o
/usr/bin/gcc   -O3 -funroll-loops -fprefetch-loop-arrays -static-libgcc -Wl,--hash-style=both,--as-needed -DPARSEC_VERSION=2.1 -DENABLE_PARSEC_HOOKS -I/data/marg/abhishek/CoMeT/benchmarks/parsec/parsec-2.1/pkgs/libs/hooks/inst/amd64-linux.gcc-sniper/include -I/data/marg/abhishek/CoMeT/benchmarks/tools/hooks -I/data/marg/abhishek/CoMeT/include -DENABLE_PARMACS   -Dcurl_cv_func_recv_test   -o CMakeFiles/cmTryCompileExec.dir/src.c.o   -c /data/marg/abhishek/CoMeT/benchmarks/parsec/parsec-2.1/pkgs/tools/cmake/obj/amd64-linux.gcc-sniper/CMakeFiles/CMakeTmp/src.c
/data/marg/abhishek/CoMeT/benchmarks/parsec/parsec-2.1/pkgs/tools/cmake/obj/amd64-linux.gcc-sniper/CMakeFiles/CMakeTmp/src.c:7:13: error: conflicting types for ‘recv’
    7 | extern int  recv(ssize_t, void *, size_t, unsigned int);
      |             ^~~~
In file included from /usr/include/x86_64-linux-gnu/sys/socket.h:269,
                 from /data/marg/abhishek/CoMeT/benchmarks/parsec/parsec-2.1/pkgs/tools/cmake/obj/amd64-linux.gcc-sniper/CMakeFiles/CMakeTmp/src.c:6:
/usr/include/x86_64-linux-gnu/bits/socket2.h:34:1: note: previous definition of ‘recv’ was here
   34 | recv (int __fd, void *__buf, size_t __n, int __flags)
      | ^~~~
make[3]: Leaving directory '/data/marg/abhishek/CoMeT/benchmarks/parsec/parsec-2.1/pkgs/tools/cmake/obj/amd64-linux.gcc-sniper/CMakeFiles/CMakeTmp'
make[3]: *** [CMakeFiles/cmTryCompileExec.dir/build.make:56: CMakeFiles/cmTryCompileExec.dir/src.c.o] Error 1
make[2]: *** [Makefile:111: cmTryCompileExec/fast] Error 2
make[2]: Leaving directory '/data/marg/abhishek/CoMeT/benchmarks/parsec/parsec-2.1/pkgs/tools/cmake/obj/amd64-linux.gcc-sniper/CMakeFiles/CMakeTmp'

Source file was:
#define __unused1
#undef inline
#define __unused2

#include <sys/types.h>
#include <sys/socket.h>
extern int  recv(ssize_t, void *, size_t, unsigned int);
#define __unused5 1

int main() { 
                    ssize_t s=0;
                    void * buf=0;
                    size_t len=0;
                    unsigned int flags=0;
                    int res = recv(s, buf, len, flags) ; return 0; }
Performing C SOURCE FILE Test int recv(ssize_t, void *, int, int) (curl_cv_func_recv_test) failed with the following output:
Change Dir: /data/marg/abhishek/CoMeT/benchmarks/parsec/parsec-2.1/pkgs/tools/cmake/obj/amd64-linux.gcc-sniper/CMakeFiles/CMakeTmp

Run Build Command:/usr/bin/make "cmTryCompileExec/fast"
make[2]: Entering directory '/data/marg/abhishek/CoMeT/benchmarks/parsec/parsec-2.1/pkgs/tools/cmake/obj/amd64-linux.gcc-sniper/CMakeFiles/CMakeTmp'
/usr/bin/make -f CMakeFiles/cmTryCompileExec.dir/build.make CMakeFiles/cmTryCompileExec.dir/build
make[3]: Entering directory '/data/marg/abhishek/CoMeT/benchmarks/parsec/parsec-2.1/pkgs/tools/cmake/obj/amd64-linux.gcc-sniper/CMakeFiles/CMakeTmp'
/data/marg/abhishek/CoMeT/benchmarks/parsec/parsec-2.1/pkgs/tools/cmake/obj/amd64-linux.gcc-sniper/Bootstrap.cmk/cmake -E cmake_progress_report /data/marg/abhishek/CoMeT/benchmarks/parsec/parsec-2.1/pkgs/tools/cmake/obj/amd64-linux.gcc-sniper/CMakeFiles/CMakeTmp/CMakeFiles 1
Building C object CMakeFiles/cmTryCompileExec.dir/src.c.o
/usr/bin/gcc   -O3 -funroll-loops -fprefetch-loop-arrays -static-libgcc -Wl,--hash-style=both,--as-needed -DPARSEC_VERSION=2.1 -DENABLE_PARSEC_HOOKS -I/data/marg/abhishek/CoMeT/benchmarks/parsec/parsec-2.1/pkgs/libs/hooks/inst/amd64-linux.gcc-sniper/include -I/data/marg/abhishek/CoMeT/benchmarks/tools/hooks -I/data/marg/abhishek/CoMeT/include -DENABLE_PARMACS   -Dcurl_cv_func_recv_test   -o CMakeFiles/cmTryCompileExec.dir/src.c.o   -c /data/marg/abhishek/CoMeT/benchmarks/parsec/parsec-2.1/pkgs/tools/cmake/obj/amd64-linux.gcc-sniper/CMakeFiles/CMakeTmp/src.c
/data/marg/abhishek/CoMeT/benchmarks/parsec/parsec-2.1/pkgs/tools/cmake/obj/amd64-linux.gcc-sniper/CMakeFiles/CMakeTmp/src.c:7:13: error: conflicting types for ‘recv’
    7 | extern int  recv(ssize_t, void *, int, int);
      |             ^~~~
In file included from /usr/include/x86_64-linux-gnu/sys/socket.h:269,
                 from /data/marg/abhishek/CoMeT/benchmarks/parsec/parsec-2.1/pkgs/tools/cmake/obj/amd64-linux.gcc-sniper/CMakeFiles/CMakeTmp/src.c:6:
/usr/include/x86_64-linux-gnu/bits/socket2.h:34:1: note: previous definition of ‘recv’ was here
   34 | recv (int __fd, void *__buf, size_t __n, int __flags)
      | ^~~~
make[3]: Leaving directory '/data/marg/abhishek/CoMeT/benchmarks/parsec/parsec-2.1/pkgs/tools/cmake/obj/amd64-linux.gcc-sniper/CMakeFiles/CMakeTmp'
make[3]: *** [CMakeFiles/cmTryCompileExec.dir/build.make:56: CMakeFiles/cmTryCompileExec.dir/src.c.o] Error 1
make[2]: *** [Makefile:111: cmTryCompileExec/fast] Error 2
make[2]: Leaving directory '/data/marg/abhishek/CoMeT/benchmarks/parsec/parsec-2.1/pkgs/tools/cmake/obj/amd64-linux.gcc-sniper/CMakeFiles/CMakeTmp'

Source file was:
#define __unused1
#undef inline
#define __unused2

#include <sys/types.h>
#include <sys/socket.h>
extern int  recv(ssize_t, void *, int, int);
#define __unused5 1

int main() { 
                    ssize_t s=0;
                    void * buf=0;
                    int len=0;
                    int flags=0;
                    int res = recv(s, buf, len, flags) ; return 0; }
Performing C SOURCE FILE Test int recv(ssize_t, void *, int, unsigned int) (curl_cv_func_recv_test) failed with the following output:
Change Dir: /data/marg/abhishek/CoMeT/benchmarks/parsec/parsec-2.1/pkgs/tools/cmake/obj/amd64-linux.gcc-sniper/CMakeFiles/CMakeTmp

Run Build Command:/usr/bin/make "cmTryCompileExec/fast"
make[2]: Entering directory '/data/marg/abhishek/CoMeT/benchmarks/parsec/parsec-2.1/pkgs/tools/cmake/obj/amd64-linux.gcc-sniper/CMakeFiles/CMakeTmp'
/usr/bin/make -f CMakeFiles/cmTryCompileExec.dir/build.make CMakeFiles/cmTryCompileExec.dir/build
make[3]: Entering directory '/data/marg/abhishek/CoMeT/benchmarks/parsec/parsec-2.1/pkgs/tools/cmake/obj/amd64-linux.gcc-sniper/CMakeFiles/CMakeTmp'
/data/marg/abhishek/CoMeT/benchmarks/parsec/parsec-2.1/pkgs/tools/cmake/obj/amd64-linux.gcc-sniper/Bootstrap.cmk/cmake -E cmake_progress_report /data/marg/abhishek/CoMeT/benchmarks/parsec/parsec-2.1/pkgs/tools/cmake/obj/amd64-linux.gcc-sniper/CMakeFiles/CMakeTmp/CMakeFiles 1
Building C object CMakeFiles/cmTryCompileExec.dir/src.c.o
/usr/bin/gcc   -O3 -funroll-loops -fprefetch-loop-arrays -static-libgcc -Wl,--hash-style=both,--as-needed -DPARSEC_VERSION=2.1 -DENABLE_PARSEC_HOOKS -I/data/marg/abhishek/CoMeT/benchmarks/parsec/parsec-2.1/pkgs/libs/hooks/inst/amd64-linux.gcc-sniper/include -I/data/marg/abhishek/CoMeT/benchmarks/tools/hooks -I/data/marg/abhishek/CoMeT/include -DENABLE_PARMACS   -Dcurl_cv_func_recv_test   -o CMakeFiles/cmTryCompileExec.dir/src.c.o   -c /data/marg/abhishek/CoMeT/benchmarks/parsec/parsec-2.1/pkgs/tools/cmake/obj/amd64-linux.gcc-sniper/CMakeFiles/CMakeTmp/src.c
/data/marg/abhishek/CoMeT/benchmarks/parsec/parsec-2.1/pkgs/tools/cmake/obj/amd64-linux.gcc-sniper/CMakeFiles/CMakeTmp/src.c:7:13: error: conflicting types for ‘recv’
    7 | extern int  recv(ssize_t, void *, int, unsigned int);
      |             ^~~~
In file included from /usr/include/x86_64-linux-gnu/sys/socket.h:269,
                 from /data/marg/abhishek/CoMeT/benchmarks/parsec/parsec-2.1/pkgs/tools/cmake/obj/amd64-linux.gcc-sniper/CMakeFiles/CMakeTmp/src.c:6:
/usr/include/x86_64-linux-gnu/bits/socket2.h:34:1: note: previous definition of ‘recv’ was here
   34 | recv (int __fd, void *__buf, size_t __n, int __flags)
      | ^~~~
make[3]: *** [CMakeFiles/cmTryCompileExec.dir/build.make:56: CMakeFiles/cmTryCompileExec.dir/src.c.o] Error 1
make[3]: Leaving directory '/data/marg/abhishek/CoMeT/benchmarks/parsec/parsec-2.1/pkgs/tools/cmake/obj/amd64-linux.gcc-sniper/CMakeFiles/CMakeTmp'
make[2]: *** [Makefile:111: cmTryCompileExec/fast] Error 2
make[2]: Leaving directory '/data/marg/abhishek/CoMeT/benchmarks/parsec/parsec-2.1/pkgs/tools/cmake/obj/amd64-linux.gcc-sniper/CMakeFiles/CMakeTmp'

Source file was:
#define __unused1
#undef inline
#define __unused2

#include <sys/types.h>
#include <sys/socket.h>
extern int  recv(ssize_t, void *, int, unsigned int);
#define __unused5 1

int main() { 
                    ssize_t s=0;
                    void * buf=0;
                    int len=0;
                    unsigned int flags=0;
                    int res = recv(s, buf, len, flags) ; return 0; }
Performing C SOURCE FILE Test int recv(ssize_t, void *, socklen_t, int) (curl_cv_func_recv_test) failed with the following output:
Change Dir: /data/marg/abhishek/CoMeT/benchmarks/parsec/parsec-2.1/pkgs/tools/cmake/obj/amd64-linux.gcc-sniper/CMakeFiles/CMakeTmp

Run Build Command:/usr/bin/make "cmTryCompileExec/fast"
make[2]: Entering directory '/data/marg/abhishek/CoMeT/benchmarks/parsec/parsec-2.1/pkgs/tools/cmake/obj/amd64-linux.gcc-sniper/CMakeFiles/CMakeTmp'
/usr/bin/make -f CMakeFiles/cmTryCompileExec.dir/build.make CMakeFiles/cmTryCompileExec.dir/build
make[3]: Entering directory '/data/marg/abhishek/CoMeT/benchmarks/parsec/parsec-2.1/pkgs/tools/cmake/obj/amd64-linux.gcc-sniper/CMakeFiles/CMakeTmp'
/data/marg/abhishek/CoMeT/benchmarks/parsec/parsec-2.1/pkgs/tools/cmake/obj/amd64-linux.gcc-sniper/Bootstrap.cmk/cmake -E cmake_progress_report /data/marg/abhishek/CoMeT/benchmarks/parsec/parsec-2.1/pkgs/tools/cmake/obj/amd64-linux.gcc-sniper/CMakeFiles/CMakeTmp/CMakeFiles 1
Building C object CMakeFiles/cmTryCompileExec.dir/src.c.o
/usr/bin/gcc   -O3 -funroll-loops -fprefetch-loop-arrays -static-libgcc -Wl,--hash-style=both,--as-needed -DPARSEC_VERSION=2.1 -DENABLE_PARSEC_HOOKS -I/data/marg/abhishek/CoMeT/benchmarks/parsec/parsec-2.1/pkgs/libs/hooks/inst/amd64-linux.gcc-sniper/include -I/data/marg/abhishek/CoMeT/benchmarks/tools/hooks -I/data/marg/abhishek/CoMeT/include -DENABLE_PARMACS   -Dcurl_cv_func_recv_test   -o CMakeFiles/cmTryCompileExec.dir/src.c.o   -c /data/marg/abhishek/CoMeT/benchmarks/parsec/parsec-2.1/pkgs/tools/cmake/obj/amd64-linux.gcc-sniper/CMakeFiles/CMakeTmp/src.c
/data/marg/abhishek/CoMeT/benchmarks/parsec/parsec-2.1/pkgs/tools/cmake/obj/amd64-linux.gcc-sniper/CMakeFiles/CMakeTmp/src.c:7:13: error: conflicting types for ‘recv’
    7 | extern int  recv(ssize_t, void *, socklen_t, int);
      |             ^~~~
In file included from /usr/include/x86_64-linux-gnu/sys/socket.h:269,
                 from /data/marg/abhishek/CoMeT/benchmarks/parsec/parsec-2.1/pkgs/tools/cmake/obj/amd64-linux.gcc-sniper/CMakeFiles/CMakeTmp/src.c:6:
/usr/include/x86_64-linux-gnu/bits/socket2.h:34:1: note: previous definition of ‘recv’ was here
   34 | recv (int __fd, void *__buf, size_t __n, int __flags)
      | ^~~~
make[3]: Leaving directory '/data/marg/abhishek/CoMeT/benchmarks/parsec/parsec-2.1/pkgs/tools/cmake/obj/amd64-linux.gcc-sniper/CMakeFiles/CMakeTmp'
make[3]: *** [CMakeFiles/cmTryCompileExec.dir/build.make:56: CMakeFiles/cmTryCompileExec.dir/src.c.o] Error 1
make[2]: *** [Makefile:111: cmTryCompileExec/fast] Error 2
make[2]: Leaving directory '/data/marg/abhishek/CoMeT/benchmarks/parsec/parsec-2.1/pkgs/tools/cmake/obj/amd64-linux.gcc-sniper/CMakeFiles/CMakeTmp'

Source file was:
#define __unused1
#undef inline
#define __unused2

#include <sys/types.h>
#include <sys/socket.h>
extern int  recv(ssize_t, void *, socklen_t, int);
#define __unused5 1

int main() { 
                    ssize_t s=0;
                    void * buf=0;
                    socklen_t len=0;
                    int flags=0;
                    int res = recv(s, buf, len, flags) ; return 0; }
Performing C SOURCE FILE Test int recv(ssize_t, void *, socklen_t, unsigned int) (curl_cv_func_recv_test) failed with the following output:
Change Dir: /data/marg/abhishek/CoMeT/benchmarks/parsec/parsec-2.1/pkgs/tools/cmake/obj/amd64-linux.gcc-sniper/CMakeFiles/CMakeTmp

Run Build Command:/usr/bin/make "cmTryCompileExec/fast"
make[2]: Entering directory '/data/marg/abhishek/CoMeT/benchmarks/parsec/parsec-2.1/pkgs/tools/cmake/obj/amd64-linux.gcc-sniper/CMakeFiles/CMakeTmp'
/usr/bin/make -f CMakeFiles/cmTryCompileExec.dir/build.make CMakeFiles/cmTryCompileExec.dir/build
make[3]: Entering directory '/data/marg/abhishek/CoMeT/benchmarks/parsec/parsec-2.1/pkgs/tools/cmake/obj/amd64-linux.gcc-sniper/CMakeFiles/CMakeTmp'
/data/marg/abhishek/CoMeT/benchmarks/parsec/parsec-2.1/pkgs/tools/cmake/obj/amd64-linux.gcc-sniper/Bootstrap.cmk/cmake -E cmake_progress_report /data/marg/abhishek/CoMeT/benchmarks/parsec/parsec-2.1/pkgs/tools/cmake/obj/amd64-linux.gcc-sniper/CMakeFiles/CMakeTmp/CMakeFiles 1
Building C object CMakeFiles/cmTryCompileExec.dir/src.c.o
/usr/bin/gcc   -O3 -funroll-loops -fprefetch-loop-arrays -static-libgcc -Wl,--hash-style=both,--as-needed -DPARSEC_VERSION=2.1 -DENABLE_PARSEC_HOOKS -I/data/marg/abhishek/CoMeT/benchmarks/parsec/parsec-2.1/pkgs/libs/hooks/inst/amd64-linux.gcc-sniper/include -I/data/marg/abhishek/CoMeT/benchmarks/tools/hooks -I/data/marg/abhishek/CoMeT/include -DENABLE_PARMACS   -Dcurl_cv_func_recv_test   -o CMakeFiles/cmTryCompileExec.dir/src.c.o   -c /data/marg/abhishek/CoMeT/benchmarks/parsec/parsec-2.1/pkgs/tools/cmake/obj/amd64-linux.gcc-sniper/CMakeFiles/CMakeTmp/src.c
/data/marg/abhishek/CoMeT/benchmarks/parsec/parsec-2.1/pkgs/tools/cmake/obj/amd64-linux.gcc-sniper/CMakeFiles/CMakeTmp/src.c:7:13: error: conflicting types for ‘recv’
    7 | extern int  recv(ssize_t, void *, socklen_t, unsigned int);
      |             ^~~~
In file included from /usr/include/x86_64-linux-gnu/sys/socket.h:269,
                 from /data/marg/abhishek/CoMeT/benchmarks/parsec/parsec-2.1/pkgs/tools/cmake/obj/amd64-linux.gcc-sniper/CMakeFiles/CMakeTmp/src.c:6:
/usr/include/x86_64-linux-gnu/bits/socket2.h:34:1: note: previous definition of ‘recv’ was here
   34 | recv (int __fd, void *__buf, size_t __n, int __flags)
      | ^~~~
make[3]: Leaving directory '/data/marg/abhishek/CoMeT/benchmarks/parsec/parsec-2.1/pkgs/tools/cmake/obj/amd64-linux.gcc-sniper/CMakeFiles/CMakeTmp'
make[3]: *** [CMakeFiles/cmTryCompileExec.dir/build.make:56: CMakeFiles/cmTryCompileExec.dir/src.c.o] Error 1
make[2]: *** [Makefile:111: cmTryCompileExec/fast] Error 2
make[2]: Leaving directory '/data/marg/abhishek/CoMeT/benchmarks/parsec/parsec-2.1/pkgs/tools/cmake/obj/amd64-linux.gcc-sniper/CMakeFiles/CMakeTmp'

Source file was:
#define __unused1
#undef inline
#define __unused2

#include <sys/types.h>
#include <sys/socket.h>
extern int  recv(ssize_t, void *, socklen_t, unsigned int);
#define __unused5 1

int main() { 
                    ssize_t s=0;
                    void * buf=0;
                    socklen_t len=0;
                    unsigned int flags=0;
                    int res = recv(s, buf, len, flags) ; return 0; }
Performing C SOURCE FILE Test int recv(ssize_t, void *, unsigned int, int) (curl_cv_func_recv_test) failed with the following output:
Change Dir: /data/marg/abhishek/CoMeT/benchmarks/parsec/parsec-2.1/pkgs/tools/cmake/obj/amd64-linux.gcc-sniper/CMakeFiles/CMakeTmp

Run Build Command:/usr/bin/make "cmTryCompileExec/fast"
make[2]: Entering directory '/data/marg/abhishek/CoMeT/benchmarks/parsec/parsec-2.1/pkgs/tools/cmake/obj/amd64-linux.gcc-sniper/CMakeFiles/CMakeTmp'
/usr/bin/make -f CMakeFiles/cmTryCompileExec.dir/build.make CMakeFiles/cmTryCompileExec.dir/build
make[3]: Entering directory '/data/marg/abhishek/CoMeT/benchmarks/parsec/parsec-2.1/pkgs/tools/cmake/obj/amd64-linux.gcc-sniper/CMakeFiles/CMakeTmp'
/data/marg/abhishek/CoMeT/benchmarks/parsec/parsec-2.1/pkgs/tools/cmake/obj/amd64-linux.gcc-sniper/Bootstrap.cmk/cmake -E cmake_progress_report /data/marg/abhishek/CoMeT/benchmarks/parsec/parsec-2.1/pkgs/tools/cmake/obj/amd64-linux.gcc-sniper/CMakeFiles/CMakeTmp/CMakeFiles 1
Building C object CMakeFiles/cmTryCompileExec.dir/src.c.o
/usr/bin/gcc   -O3 -funroll-loops -fprefetch-loop-arrays -static-libgcc -Wl,--hash-style=both,--as-needed -DPARSEC_VERSION=2.1 -DENABLE_PARSEC_HOOKS -I/data/marg/abhishek/CoMeT/benchmarks/parsec/parsec-2.1/pkgs/libs/hooks/inst/amd64-linux.gcc-sniper/include -I/data/marg/abhishek/CoMeT/benchmarks/tools/hooks -I/data/marg/abhishek/CoMeT/include -DENABLE_PARMACS   -Dcurl_cv_func_recv_test   -o CMakeFiles/cmTryCompileExec.dir/src.c.o   -c /data/marg/abhishek/CoMeT/benchmarks/parsec/parsec-2.1/pkgs/tools/cmake/obj/amd64-linux.gcc-sniper/CMakeFiles/CMakeTmp/src.c
/data/marg/abhishek/CoMeT/benchmarks/parsec/parsec-2.1/pkgs/tools/cmake/obj/amd64-linux.gcc-sniper/CMakeFiles/CMakeTmp/src.c:7:13: error: conflicting types for ‘recv’
    7 | extern int  recv(ssize_t, void *, unsigned int, int);
      |             ^~~~
In file included from /usr/include/x86_64-linux-gnu/sys/socket.h:269,
                 from /data/marg/abhishek/CoMeT/benchmarks/parsec/parsec-2.1/pkgs/tools/cmake/obj/amd64-linux.gcc-sniper/CMakeFiles/CMakeTmp/src.c:6:
/usr/include/x86_64-linux-gnu/bits/socket2.h:34:1: note: previous definition of ‘recv’ was here
   34 | recv (int __fd, void *__buf, size_t __n, int __flags)
      | ^~~~
make[3]: Leaving directory '/data/marg/abhishek/CoMeT/benchmarks/parsec/parsec-2.1/pkgs/tools/cmake/obj/amd64-linux.gcc-sniper/CMakeFiles/CMakeTmp'
make[3]: *** [CMakeFiles/cmTryCompileExec.dir/build.make:56: CMakeFiles/cmTryCompileExec.dir/src.c.o] Error 1
make[2]: *** [Makefile:111: cmTryCompileExec/fast] Error 2
make[2]: Leaving directory '/data/marg/abhishek/CoMeT/benchmarks/parsec/parsec-2.1/pkgs/tools/cmake/obj/amd64-linux.gcc-sniper/CMakeFiles/CMakeTmp'

Source file was:
#define __unused1
#undef inline
#define __unused2

#include <sys/types.h>
#include <sys/socket.h>
extern int  recv(ssize_t, void *, unsigned int, int);
#define __unused5 1

int main() { 
                    ssize_t s=0;
                    void * buf=0;
                    unsigned int len=0;
                    int flags=0;
                    int res = recv(s, buf, len, flags) ; return 0; }
Performing C SOURCE FILE Test int recv(ssize_t, void *, unsigned int, unsigned int) (curl_cv_func_recv_test) failed with the following output:
Change Dir: /data/marg/abhishek/CoMeT/benchmarks/parsec/parsec-2.1/pkgs/tools/cmake/obj/amd64-linux.gcc-sniper/CMakeFiles/CMakeTmp

Run Build Command:/usr/bin/make "cmTryCompileExec/fast"
make[2]: Entering directory '/data/marg/abhishek/CoMeT/benchmarks/parsec/parsec-2.1/pkgs/tools/cmake/obj/amd64-linux.gcc-sniper/CMakeFiles/CMakeTmp'
/usr/bin/make -f CMakeFiles/cmTryCompileExec.dir/build.make CMakeFiles/cmTryCompileExec.dir/build
make[3]: Entering directory '/data/marg/abhishek/CoMeT/benchmarks/parsec/parsec-2.1/pkgs/tools/cmake/obj/amd64-linux.gcc-sniper/CMakeFiles/CMakeTmp'
/data/marg/abhishek/CoMeT/benchmarks/parsec/parsec-2.1/pkgs/tools/cmake/obj/amd64-linux.gcc-sniper/Bootstrap.cmk/cmake -E cmake_progress_report /data/marg/abhishek/CoMeT/benchmarks/parsec/parsec-2.1/pkgs/tools/cmake/obj/amd64-linux.gcc-sniper/CMakeFiles/CMakeTmp/CMakeFiles 1
Building C object CMakeFiles/cmTryCompileExec.dir/src.c.o
/usr/bin/gcc   -O3 -funroll-loops -fprefetch-loop-arrays -static-libgcc -Wl,--hash-style=both,--as-needed -DPARSEC_VERSION=2.1 -DENABLE_PARSEC_HOOKS -I/data/marg/abhishek/CoMeT/benchmarks/parsec/parsec-2.1/pkgs/libs/hooks/inst/amd64-linux.gcc-sniper/include -I/data/marg/abhishek/CoMeT/benchmarks/tools/hooks -I/data/marg/abhishek/CoMeT/include -DENABLE_PARMACS   -Dcurl_cv_func_recv_test   -o CMakeFiles/cmTryCompileExec.dir/src.c.o   -c /data/marg/abhishek/CoMeT/benchmarks/parsec/parsec-2.1/pkgs/tools/cmake/obj/amd64-linux.gcc-sniper/CMakeFiles/CMakeTmp/src.c
/data/marg/abhishek/CoMeT/benchmarks/parsec/parsec-2.1/pkgs/tools/cmake/obj/amd64-linux.gcc-sniper/CMakeFiles/CMakeTmp/src.c:7:13: error: conflicting types for ‘recv’
    7 | extern int  recv(ssize_t, void *, unsigned int, unsigned int);
      |             ^~~~
In file included from /usr/include/x86_64-linux-gnu/sys/socket.h:269,
                 from /data/marg/abhishek/CoMeT/benchmarks/parsec/parsec-2.1/pkgs/tools/cmake/obj/amd64-linux.gcc-sniper/CMakeFiles/CMakeTmp/src.c:6:
/usr/include/x86_64-linux-gnu/bits/socket2.h:34:1: note: previous definition of ‘recv’ was here
   34 | recv (int __fd, void *__buf, size_t __n, int __flags)
      | ^~~~
make[3]: Leaving directory '/data/marg/abhishek/CoMeT/benchmarks/parsec/parsec-2.1/pkgs/tools/cmake/obj/amd64-linux.gcc-sniper/CMakeFiles/CMakeTmp'
make[3]: *** [CMakeFiles/cmTryCompileExec.dir/build.make:56: CMakeFiles/cmTryCompileExec.dir/src.c.o] Error 1
make[2]: *** [Makefile:111: cmTryCompileExec/fast] Error 2
make[2]: Leaving directory '/data/marg/abhishek/CoMeT/benchmarks/parsec/parsec-2.1/pkgs/tools/cmake/obj/amd64-linux.gcc-sniper/CMakeFiles/CMakeTmp'

Source file was:
#define __unused1
#undef inline
#define __unused2

#include <sys/types.h>
#include <sys/socket.h>
extern int  recv(ssize_t, void *, unsigned int, unsigned int);
#define __unused5 1

int main() { 
                    ssize_t s=0;
                    void * buf=0;
                    unsigned int len=0;
                    unsigned int flags=0;
                    int res = recv(s, buf, len, flags) ; return 0; }
Performing C SOURCE FILE Test int recv(ssize_t, char *, size_t, int) (curl_cv_func_recv_test) failed with the following output:
Change Dir: /data/marg/abhishek/CoMeT/benchmarks/parsec/parsec-2.1/pkgs/tools/cmake/obj/amd64-linux.gcc-sniper/CMakeFiles/CMakeTmp

Run Build Command:/usr/bin/make "cmTryCompileExec/fast"
make[2]: Entering directory '/data/marg/abhishek/CoMeT/benchmarks/parsec/parsec-2.1/pkgs/tools/cmake/obj/amd64-linux.gcc-sniper/CMakeFiles/CMakeTmp'
/usr/bin/make -f CMakeFiles/cmTryCompileExec.dir/build.make CMakeFiles/cmTryCompileExec.dir/build
make[3]: Entering directory '/data/marg/abhishek/CoMeT/benchmarks/parsec/parsec-2.1/pkgs/tools/cmake/obj/amd64-linux.gcc-sniper/CMakeFiles/CMakeTmp'
/data/marg/abhishek/CoMeT/benchmarks/parsec/parsec-2.1/pkgs/tools/cmake/obj/amd64-linux.gcc-sniper/Bootstrap.cmk/cmake -E cmake_progress_report /data/marg/abhishek/CoMeT/benchmarks/parsec/parsec-2.1/pkgs/tools/cmake/obj/amd64-linux.gcc-sniper/CMakeFiles/CMakeTmp/CMakeFiles 1
Building C object CMakeFiles/cmTryCompileExec.dir/src.c.o
/usr/bin/gcc   -O3 -funroll-loops -fprefetch-loop-arrays -static-libgcc -Wl,--hash-style=both,--as-needed -DPARSEC_VERSION=2.1 -DENABLE_PARSEC_HOOKS -I/data/marg/abhishek/CoMeT/benchmarks/parsec/parsec-2.1/pkgs/libs/hooks/inst/amd64-linux.gcc-sniper/include -I/data/marg/abhishek/CoMeT/benchmarks/tools/hooks -I/data/marg/abhishek/CoMeT/include -DENABLE_PARMACS   -Dcurl_cv_func_recv_test   -o CMakeFiles/cmTryCompileExec.dir/src.c.o   -c /data/marg/abhishek/CoMeT/benchmarks/parsec/parsec-2.1/pkgs/tools/cmake/obj/amd64-linux.gcc-sniper/CMakeFiles/CMakeTmp/src.c
/data/marg/abhishek/CoMeT/benchmarks/parsec/parsec-2.1/pkgs/tools/cmake/obj/amd64-linux.gcc-sniper/CMakeFiles/CMakeTmp/src.c:7:13: error: conflicting types for ‘recv’
    7 | extern int  recv(ssize_t, char *, size_t, int);
      |             ^~~~
In file included from /usr/include/x86_64-linux-gnu/sys/socket.h:269,
                 from /data/marg/abhishek/CoMeT/benchmarks/parsec/parsec-2.1/pkgs/tools/cmake/obj/amd64-linux.gcc-sniper/CMakeFiles/CMakeTmp/src.c:6:
/usr/include/x86_64-linux-gnu/bits/socket2.h:34:1: note: previous definition of ‘recv’ was here
   34 | recv (int __fd, void *__buf, size_t __n, int __flags)
      | ^~~~
make[3]: Leaving directory '/data/marg/abhishek/CoMeT/benchmarks/parsec/parsec-2.1/pkgs/tools/cmake/obj/amd64-linux.gcc-sniper/CMakeFiles/CMakeTmp'
make[3]: *** [CMakeFiles/cmTryCompileExec.dir/build.make:56: CMakeFiles/cmTryCompileExec.dir/src.c.o] Error 1
make[2]: *** [Makefile:111: cmTryCompileExec/fast] Error 2
make[2]: Leaving directory '/data/marg/abhishek/CoMeT/benchmarks/parsec/parsec-2.1/pkgs/tools/cmake/obj/amd64-linux.gcc-sniper/CMakeFiles/CMakeTmp'

Source file was:
#define __unused1
#undef inline
#define __unused2

#include <sys/types.h>
#include <sys/socket.h>
extern int  recv(ssize_t, char *, size_t, int);
#define __unused5 1

int main() { 
                    ssize_t s=0;
                    char * buf=0;
                    size_t len=0;
                    int flags=0;
                    int res = recv(s, buf, len, flags) ; return 0; }
Performing C SOURCE FILE Test int recv(ssize_t, char *, size_t, unsigned int) (curl_cv_func_recv_test) failed with the following output:
Change Dir: /data/marg/abhishek/CoMeT/benchmarks/parsec/parsec-2.1/pkgs/tools/cmake/obj/amd64-linux.gcc-sniper/CMakeFiles/CMakeTmp

Run Build Command:/usr/bin/make "cmTryCompileExec/fast"
make[2]: Entering directory '/data/marg/abhishek/CoMeT/benchmarks/parsec/parsec-2.1/pkgs/tools/cmake/obj/amd64-linux.gcc-sniper/CMakeFiles/CMakeTmp'
/usr/bin/make -f CMakeFiles/cmTryCompileExec.dir/build.make CMakeFiles/cmTryCompileExec.dir/build
make[3]: Entering directory '/data/marg/abhishek/CoMeT/benchmarks/parsec/parsec-2.1/pkgs/tools/cmake/obj/amd64-linux.gcc-sniper/CMakeFiles/CMakeTmp'
/data/marg/abhishek/CoMeT/benchmarks/parsec/parsec-2.1/pkgs/tools/cmake/obj/amd64-linux.gcc-sniper/Bootstrap.cmk/cmake -E cmake_progress_report /data/marg/abhishek/CoMeT/benchmarks/parsec/parsec-2.1/pkgs/tools/cmake/obj/amd64-linux.gcc-sniper/CMakeFiles/CMakeTmp/CMakeFiles 1
Building C object CMakeFiles/cmTryCompileExec.dir/src.c.o
/usr/bin/gcc   -O3 -funroll-loops -fprefetch-loop-arrays -static-libgcc -Wl,--hash-style=both,--as-needed -DPARSEC_VERSION=2.1 -DENABLE_PARSEC_HOOKS -I/data/marg/abhishek/CoMeT/benchmarks/parsec/parsec-2.1/pkgs/libs/hooks/inst/amd64-linux.gcc-sniper/include -I/data/marg/abhishek/CoMeT/benchmarks/tools/hooks -I/data/marg/abhishek/CoMeT/include -DENABLE_PARMACS   -Dcurl_cv_func_recv_test   -o CMakeFiles/cmTryCompileExec.dir/src.c.o   -c /data/marg/abhishek/CoMeT/benchmarks/parsec/parsec-2.1/pkgs/tools/cmake/obj/amd64-linux.gcc-sniper/CMakeFiles/CMakeTmp/src.c
/data/marg/abhishek/CoMeT/benchmarks/parsec/parsec-2.1/pkgs/tools/cmake/obj/amd64-linux.gcc-sniper/CMakeFiles/CMakeTmp/src.c:7:13: error: conflicting types for ‘recv’
    7 | extern int  recv(ssize_t, char *, size_t, unsigned int);
      |             ^~~~
In file included from /usr/include/x86_64-linux-gnu/sys/socket.h:269,
                 from /data/marg/abhishek/CoMeT/benchmarks/parsec/parsec-2.1/pkgs/tools/cmake/obj/amd64-linux.gcc-sniper/CMakeFiles/CMakeTmp/src.c:6:
/usr/include/x86_64-linux-gnu/bits/socket2.h:34:1: note: previous definition of ‘recv’ was here
   34 | recv (int __fd, void *__buf, size_t __n, int __flags)
      | ^~~~
make[3]: Leaving directory '/data/marg/abhishek/CoMeT/benchmarks/parsec/parsec-2.1/pkgs/tools/cmake/obj/amd64-linux.gcc-sniper/CMakeFiles/CMakeTmp'
make[3]: *** [CMakeFiles/cmTryCompileExec.dir/build.make:56: CMakeFiles/cmTryCompileExec.dir/src.c.o] Error 1
make[2]: *** [Makefile:111: cmTryCompileExec/fast] Error 2
make[2]: Leaving directory '/data/marg/abhishek/CoMeT/benchmarks/parsec/parsec-2.1/pkgs/tools/cmake/obj/amd64-linux.gcc-sniper/CMakeFiles/CMakeTmp'

Source file was:
#define __unused1
#undef inline
#define __unused2

#include <sys/types.h>
#include <sys/socket.h>
extern int  recv(ssize_t, char *, size_t, unsigned int);
#define __unused5 1

int main() { 
                    ssize_t s=0;
                    char * buf=0;
                    size_t len=0;
                    unsigned int flags=0;
                    int res = recv(s, buf, len, flags) ; return 0; }
Performing C SOURCE FILE Test int recv(ssize_t, char *, int, int) (curl_cv_func_recv_test) failed with the following output:
Change Dir: /data/marg/abhishek/CoMeT/benchmarks/parsec/parsec-2.1/pkgs/tools/cmake/obj/amd64-linux.gcc-sniper/CMakeFiles/CMakeTmp

Run Build Command:/usr/bin/make "cmTryCompileExec/fast"
make[2]: Entering directory '/data/marg/abhishek/CoMeT/benchmarks/parsec/parsec-2.1/pkgs/tools/cmake/obj/amd64-linux.gcc-sniper/CMakeFiles/CMakeTmp'
/usr/bin/make -f CMakeFiles/cmTryCompileExec.dir/build.make CMakeFiles/cmTryCompileExec.dir/build
make[3]: Entering directory '/data/marg/abhishek/CoMeT/benchmarks/parsec/parsec-2.1/pkgs/tools/cmake/obj/amd64-linux.gcc-sniper/CMakeFiles/CMakeTmp'
/data/marg/abhishek/CoMeT/benchmarks/parsec/parsec-2.1/pkgs/tools/cmake/obj/amd64-linux.gcc-sniper/Bootstrap.cmk/cmake -E cmake_progress_report /data/marg/abhishek/CoMeT/benchmarks/parsec/parsec-2.1/pkgs/tools/cmake/obj/amd64-linux.gcc-sniper/CMakeFiles/CMakeTmp/CMakeFiles 1
Building C object CMakeFiles/cmTryCompileExec.dir/src.c.o
/usr/bin/gcc   -O3 -funroll-loops -fprefetch-loop-arrays -static-libgcc -Wl,--hash-style=both,--as-needed -DPARSEC_VERSION=2.1 -DENABLE_PARSEC_HOOKS -I/data/marg/abhishek/CoMeT/benchmarks/parsec/parsec-2.1/pkgs/libs/hooks/inst/amd64-linux.gcc-sniper/include -I/data/marg/abhishek/CoMeT/benchmarks/tools/hooks -I/data/marg/abhishek/CoMeT/include -DENABLE_PARMACS   -Dcurl_cv_func_recv_test   -o CMakeFiles/cmTryCompileExec.dir/src.c.o   -c /data/marg/abhishek/CoMeT/benchmarks/parsec/parsec-2.1/pkgs/tools/cmake/obj/amd64-linux.gcc-sniper/CMakeFiles/CMakeTmp/src.c
/data/marg/abhishek/CoMeT/benchmarks/parsec/parsec-2.1/pkgs/tools/cmake/obj/amd64-linux.gcc-sniper/CMakeFiles/CMakeTmp/src.c:7:13: error: conflicting types for ‘recv’
    7 | extern int  recv(ssize_t, char *, int, int);
      |             ^~~~
In file included from /usr/include/x86_64-linux-gnu/sys/socket.h:269,
                 from /data/marg/abhishek/CoMeT/benchmarks/parsec/parsec-2.1/pkgs/tools/cmake/obj/amd64-linux.gcc-sniper/CMakeFiles/CMakeTmp/src.c:6:
/usr/include/x86_64-linux-gnu/bits/socket2.h:34:1: note: previous definition of ‘recv’ was here
   34 | recv (int __fd, void *__buf, size_t __n, int __flags)
      | ^~~~
make[3]: Leaving directory '/data/marg/abhishek/CoMeT/benchmarks/parsec/parsec-2.1/pkgs/tools/cmake/obj/amd64-linux.gcc-sniper/CMakeFiles/CMakeTmp'
make[3]: *** [CMakeFiles/cmTryCompileExec.dir/build.make:56: CMakeFiles/cmTryCompileExec.dir/src.c.o] Error 1
make[2]: *** [Makefile:111: cmTryCompileExec/fast] Error 2
make[2]: Leaving directory '/data/marg/abhishek/CoMeT/benchmarks/parsec/parsec-2.1/pkgs/tools/cmake/obj/amd64-linux.gcc-sniper/CMakeFiles/CMakeTmp'

Source file was:
#define __unused1
#undef inline
#define __unused2

#include <sys/types.h>
#include <sys/socket.h>
extern int  recv(ssize_t, char *, int, int);
#define __unused5 1

int main() { 
                    ssize_t s=0;
                    char * buf=0;
                    int len=0;
                    int flags=0;
                    int res = recv(s, buf, len, flags) ; return 0; }
Performing C SOURCE FILE Test int recv(ssize_t, char *, int, unsigned int) (curl_cv_func_recv_test) failed with the following output:
Change Dir: /data/marg/abhishek/CoMeT/benchmarks/parsec/parsec-2.1/pkgs/tools/cmake/obj/amd64-linux.gcc-sniper/CMakeFiles/CMakeTmp

Run Build Command:/usr/bin/make "cmTryCompileExec/fast"
make[2]: Entering directory '/data/marg/abhishek/CoMeT/benchmarks/parsec/parsec-2.1/pkgs/tools/cmake/obj/amd64-linux.gcc-sniper/CMakeFiles/CMakeTmp'
/usr/bin/make -f CMakeFiles/cmTryCompileExec.dir/build.make CMakeFiles/cmTryCompileExec.dir/build
make[3]: Entering directory '/data/marg/abhishek/CoMeT/benchmarks/parsec/parsec-2.1/pkgs/tools/cmake/obj/amd64-linux.gcc-sniper/CMakeFiles/CMakeTmp'
/data/marg/abhishek/CoMeT/benchmarks/parsec/parsec-2.1/pkgs/tools/cmake/obj/amd64-linux.gcc-sniper/Bootstrap.cmk/cmake -E cmake_progress_report /data/marg/abhishek/CoMeT/benchmarks/parsec/parsec-2.1/pkgs/tools/cmake/obj/amd64-linux.gcc-sniper/CMakeFiles/CMakeTmp/CMakeFiles 1
Building C object CMakeFiles/cmTryCompileExec.dir/src.c.o
/usr/bin/gcc   -O3 -funroll-loops -fprefetch-loop-arrays -static-libgcc -Wl,--hash-style=both,--as-needed -DPARSEC_VERSION=2.1 -DENABLE_PARSEC_HOOKS -I/data/marg/abhishek/CoMeT/benchmarks/parsec/parsec-2.1/pkgs/libs/hooks/inst/amd64-linux.gcc-sniper/include -I/data/marg/abhishek/CoMeT/benchmarks/tools/hooks -I/data/marg/abhishek/CoMeT/include -DENABLE_PARMACS   -Dcurl_cv_func_recv_test   -o CMakeFiles/cmTryCompileExec.dir/src.c.o   -c /data/marg/abhishek/CoMeT/benchmarks/parsec/parsec-2.1/pkgs/tools/cmake/obj/amd64-linux.gcc-sniper/CMakeFiles/CMakeTmp/src.c
/data/marg/abhishek/CoMeT/benchmarks/parsec/parsec-2.1/pkgs/tools/cmake/obj/amd64-linux.gcc-sniper/CMakeFiles/CMakeTmp/src.c:7:13: error: conflicting types for ‘recv’
    7 | extern int  recv(ssize_t, char *, int, unsigned int);
      |             ^~~~
In file included from /usr/include/x86_64-linux-gnu/sys/socket.h:269,
                 from /data/marg/abhishek/CoMeT/benchmarks/parsec/parsec-2.1/pkgs/tools/cmake/obj/amd64-linux.gcc-sniper/CMakeFiles/CMakeTmp/src.c:6:
/usr/include/x86_64-linux-gnu/bits/socket2.h:34:1: note: previous definition of ‘recv’ was here
   34 | recv (int __fd, void *__buf, size_t __n, int __flags)
      | ^~~~
make[3]: Leaving directory '/data/marg/abhishek/CoMeT/benchmarks/parsec/parsec-2.1/pkgs/tools/cmake/obj/amd64-linux.gcc-sniper/CMakeFiles/CMakeTmp'
make[3]: *** [CMakeFiles/cmTryCompileExec.dir/build.make:56: CMakeFiles/cmTryCompileExec.dir/src.c.o] Error 1
make[2]: *** [Makefile:111: cmTryCompileExec/fast] Error 2
make[2]: Leaving directory '/data/marg/abhishek/CoMeT/benchmarks/parsec/parsec-2.1/pkgs/tools/cmake/obj/amd64-linux.gcc-sniper/CMakeFiles/CMakeTmp'

Source file was:
#define __unused1
#undef inline
#define __unused2

#include <sys/types.h>
#include <sys/socket.h>
extern int  recv(ssize_t, char *, int, unsigned int);
#define __unused5 1

int main() { 
                    ssize_t s=0;
                    char * buf=0;
                    int len=0;
                    unsigned int flags=0;
                    int res = recv(s, buf, len, flags) ; return 0; }
Performing C SOURCE FILE Test int recv(ssize_t, char *, socklen_t, int) (curl_cv_func_recv_test) failed with the following output:
Change Dir: /data/marg/abhishek/CoMeT/benchmarks/parsec/parsec-2.1/pkgs/tools/cmake/obj/amd64-linux.gcc-sniper/CMakeFiles/CMakeTmp

Run Build Command:/usr/bin/make "cmTryCompileExec/fast"
make[2]: Entering directory '/data/marg/abhishek/CoMeT/benchmarks/parsec/parsec-2.1/pkgs/tools/cmake/obj/amd64-linux.gcc-sniper/CMakeFiles/CMakeTmp'
/usr/bin/make -f CMakeFiles/cmTryCompileExec.dir/build.make CMakeFiles/cmTryCompileExec.dir/build
make[3]: Entering directory '/data/marg/abhishek/CoMeT/benchmarks/parsec/parsec-2.1/pkgs/tools/cmake/obj/amd64-linux.gcc-sniper/CMakeFiles/CMakeTmp'
/data/marg/abhishek/CoMeT/benchmarks/parsec/parsec-2.1/pkgs/tools/cmake/obj/amd64-linux.gcc-sniper/Bootstrap.cmk/cmake -E cmake_progress_report /data/marg/abhishek/CoMeT/benchmarks/parsec/parsec-2.1/pkgs/tools/cmake/obj/amd64-linux.gcc-sniper/CMakeFiles/CMakeTmp/CMakeFiles 1
Building C object CMakeFiles/cmTryCompileExec.dir/src.c.o
/usr/bin/gcc   -O3 -funroll-loops -fprefetch-loop-arrays -static-libgcc -Wl,--hash-style=both,--as-needed -DPARSEC_VERSION=2.1 -DENABLE_PARSEC_HOOKS -I/data/marg/abhishek/CoMeT/benchmarks/parsec/parsec-2.1/pkgs/libs/hooks/inst/amd64-linux.gcc-sniper/include -I/data/marg/abhishek/CoMeT/benchmarks/tools/hooks -I/data/marg/abhishek/CoMeT/include -DENABLE_PARMACS   -Dcurl_cv_func_recv_test   -o CMakeFiles/cmTryCompileExec.dir/src.c.o   -c /data/marg/abhishek/CoMeT/benchmarks/parsec/parsec-2.1/pkgs/tools/cmake/obj/amd64-linux.gcc-sniper/CMakeFiles/CMakeTmp/src.c
/data/marg/abhishek/CoMeT/benchmarks/parsec/parsec-2.1/pkgs/tools/cmake/obj/amd64-linux.gcc-sniper/CMakeFiles/CMakeTmp/src.c:7:13: error: conflicting types for ‘recv’
    7 | extern int  recv(ssize_t, char *, socklen_t, int);
      |             ^~~~
In file included from /usr/include/x86_64-linux-gnu/sys/socket.h:269,
                 from /data/marg/abhishek/CoMeT/benchmarks/parsec/parsec-2.1/pkgs/tools/cmake/obj/amd64-linux.gcc-sniper/CMakeFiles/CMakeTmp/src.c:6:
/usr/include/x86_64-linux-gnu/bits/socket2.h:34:1: note: previous definition of ‘recv’ was here
   34 | recv (int __fd, void *__buf, size_t __n, int __flags)
      | ^~~~
make[3]: Leaving directory '/data/marg/abhishek/CoMeT/benchmarks/parsec/parsec-2.1/pkgs/tools/cmake/obj/amd64-linux.gcc-sniper/CMakeFiles/CMakeTmp'
make[3]: *** [CMakeFiles/cmTryCompileExec.dir/build.make:56: CMakeFiles/cmTryCompileExec.dir/src.c.o] Error 1
make[2]: *** [Makefile:111: cmTryCompileExec/fast] Error 2
make[2]: Leaving directory '/data/marg/abhishek/CoMeT/benchmarks/parsec/parsec-2.1/pkgs/tools/cmake/obj/amd64-linux.gcc-sniper/CMakeFiles/CMakeTmp'

Source file was:
#define __unused1
#undef inline
#define __unused2

#include <sys/types.h>
#include <sys/socket.h>
extern int  recv(ssize_t, char *, socklen_t, int);
#define __unused5 1

int main() { 
                    ssize_t s=0;
                    char * buf=0;
                    socklen_t len=0;
                    int flags=0;
                    int res = recv(s, buf, len, flags) ; return 0; }
Performing C SOURCE FILE Test int recv(ssize_t, char *, socklen_t, unsigned int) (curl_cv_func_recv_test) failed with the following output:
Change Dir: /data/marg/abhishek/CoMeT/benchmarks/parsec/parsec-2.1/pkgs/tools/cmake/obj/amd64-linux.gcc-sniper/CMakeFiles/CMakeTmp

Run Build Command:/usr/bin/make "cmTryCompileExec/fast"
make[2]: Entering directory '/data/marg/abhishek/CoMeT/benchmarks/parsec/parsec-2.1/pkgs/tools/cmake/obj/amd64-linux.gcc-sniper/CMakeFiles/CMakeTmp'
/usr/bin/make -f CMakeFiles/cmTryCompileExec.dir/build.make CMakeFiles/cmTryCompileExec.dir/build
make[3]: Entering directory '/data/marg/abhishek/CoMeT/benchmarks/parsec/parsec-2.1/pkgs/tools/cmake/obj/amd64-linux.gcc-sniper/CMakeFiles/CMakeTmp'
/data/marg/abhishek/CoMeT/benchmarks/parsec/parsec-2.1/pkgs/tools/cmake/obj/amd64-linux.gcc-sniper/Bootstrap.cmk/cmake -E cmake_progress_report /data/marg/abhishek/CoMeT/benchmarks/parsec/parsec-2.1/pkgs/tools/cmake/obj/amd64-linux.gcc-sniper/CMakeFiles/CMakeTmp/CMakeFiles 1
Building C object CMakeFiles/cmTryCompileExec.dir/src.c.o
/usr/bin/gcc   -O3 -funroll-loops -fprefetch-loop-arrays -static-libgcc -Wl,--hash-style=both,--as-needed -DPARSEC_VERSION=2.1 -DENABLE_PARSEC_HOOKS -I/data/marg/abhishek/CoMeT/benchmarks/parsec/parsec-2.1/pkgs/libs/hooks/inst/amd64-linux.gcc-sniper/include -I/data/marg/abhishek/CoMeT/benchmarks/tools/hooks -I/data/marg/abhishek/CoMeT/include -DENABLE_PARMACS   -Dcurl_cv_func_recv_test   -o CMakeFiles/cmTryCompileExec.dir/src.c.o   -c /data/marg/abhishek/CoMeT/benchmarks/parsec/parsec-2.1/pkgs/tools/cmake/obj/amd64-linux.gcc-sniper/CMakeFiles/CMakeTmp/src.c
/data/marg/abhishek/CoMeT/benchmarks/parsec/parsec-2.1/pkgs/tools/cmake/obj/amd64-linux.gcc-sniper/CMakeFiles/CMakeTmp/src.c:7:13: error: conflicting types for ‘recv’
    7 | extern int  recv(ssize_t, char *, socklen_t, unsigned int);
      |             ^~~~
In file included from /usr/include/x86_64-linux-gnu/sys/socket.h:269,
                 from /data/marg/abhishek/CoMeT/benchmarks/parsec/parsec-2.1/pkgs/tools/cmake/obj/amd64-linux.gcc-sniper/CMakeFiles/CMakeTmp/src.c:6:
/usr/include/x86_64-linux-gnu/bits/socket2.h:34:1: note: previous definition of ‘recv’ was here
   34 | recv (int __fd, void *__buf, size_t __n, int __flags)
      | ^~~~
make[3]: Leaving directory '/data/marg/abhishek/CoMeT/benchmarks/parsec/parsec-2.1/pkgs/tools/cmake/obj/amd64-linux.gcc-sniper/CMakeFiles/CMakeTmp'
make[3]: *** [CMakeFiles/cmTryCompileExec.dir/build.make:56: CMakeFiles/cmTryCompileExec.dir/src.c.o] Error 1
make[2]: *** [Makefile:111: cmTryCompileExec/fast] Error 2
make[2]: Leaving directory '/data/marg/abhishek/CoMeT/benchmarks/parsec/parsec-2.1/pkgs/tools/cmake/obj/amd64-linux.gcc-sniper/CMakeFiles/CMakeTmp'

Source file was:
#define __unused1
#undef inline
#define __unused2

#include <sys/types.h>
#include <sys/socket.h>
extern int  recv(ssize_t, char *, socklen_t, unsigned int);
#define __unused5 1

int main() { 
                    ssize_t s=0;
                    char * buf=0;
                    socklen_t len=0;
                    unsigned int flags=0;
                    int res = recv(s, buf, len, flags) ; return 0; }
Performing C SOURCE FILE Test int recv(ssize_t, char *, unsigned int, int) (curl_cv_func_recv_test) failed with the following output:
Change Dir: /data/marg/abhishek/CoMeT/benchmarks/parsec/parsec-2.1/pkgs/tools/cmake/obj/amd64-linux.gcc-sniper/CMakeFiles/CMakeTmp

Run Build Command:/usr/bin/make "cmTryCompileExec/fast"
make[2]: Entering directory '/data/marg/abhishek/CoMeT/benchmarks/parsec/parsec-2.1/pkgs/tools/cmake/obj/amd64-linux.gcc-sniper/CMakeFiles/CMakeTmp'
/usr/bin/make -f CMakeFiles/cmTryCompileExec.dir/build.make CMakeFiles/cmTryCompileExec.dir/build
make[3]: Entering directory '/data/marg/abhishek/CoMeT/benchmarks/parsec/parsec-2.1/pkgs/tools/cmake/obj/amd64-linux.gcc-sniper/CMakeFiles/CMakeTmp'
/data/marg/abhishek/CoMeT/benchmarks/parsec/parsec-2.1/pkgs/tools/cmake/obj/amd64-linux.gcc-sniper/Bootstrap.cmk/cmake -E cmake_progress_report /data/marg/abhishek/CoMeT/benchmarks/parsec/parsec-2.1/pkgs/tools/cmake/obj/amd64-linux.gcc-sniper/CMakeFiles/CMakeTmp/CMakeFiles 1
Building C object CMakeFiles/cmTryCompileExec.dir/src.c.o
/usr/bin/gcc   -O3 -funroll-loops -fprefetch-loop-arrays -static-libgcc -Wl,--hash-style=both,--as-needed -DPARSEC_VERSION=2.1 -DENABLE_PARSEC_HOOKS -I/data/marg/abhishek/CoMeT/benchmarks/parsec/parsec-2.1/pkgs/libs/hooks/inst/amd64-linux.gcc-sniper/include -I/data/marg/abhishek/CoMeT/benchmarks/tools/hooks -I/data/marg/abhishek/CoMeT/include -DENABLE_PARMACS   -Dcurl_cv_func_recv_test   -o CMakeFiles/cmTryCompileExec.dir/src.c.o   -c /data/marg/abhishek/CoMeT/benchmarks/parsec/parsec-2.1/pkgs/tools/cmake/obj/amd64-linux.gcc-sniper/CMakeFiles/CMakeTmp/src.c
/data/marg/abhishek/CoMeT/benchmarks/parsec/parsec-2.1/pkgs/tools/cmake/obj/amd64-linux.gcc-sniper/CMakeFiles/CMakeTmp/src.c:7:13: error: conflicting types for ‘recv’
    7 | extern int  recv(ssize_t, char *, unsigned int, int);
      |             ^~~~
In file included from /usr/include/x86_64-linux-gnu/sys/socket.h:269,
                 from /data/marg/abhishek/CoMeT/benchmarks/parsec/parsec-2.1/pkgs/tools/cmake/obj/amd64-linux.gcc-sniper/CMakeFiles/CMakeTmp/src.c:6:
/usr/include/x86_64-linux-gnu/bits/socket2.h:34:1: note: previous definition of ‘recv’ was here
   34 | recv (int __fd, void *__buf, size_t __n, int __flags)
      | ^~~~
make[3]: *** [CMakeFiles/cmTryCompileExec.dir/build.make:56: CMakeFiles/cmTryCompileExec.dir/src.c.o] Error 1
make[3]: Leaving directory '/data/marg/abhishek/CoMeT/benchmarks/parsec/parsec-2.1/pkgs/tools/cmake/obj/amd64-linux.gcc-sniper/CMakeFiles/CMakeTmp'
make[2]: *** [Makefile:111: cmTryCompileExec/fast] Error 2
make[2]: Leaving directory '/data/marg/abhishek/CoMeT/benchmarks/parsec/parsec-2.1/pkgs/tools/cmake/obj/amd64-linux.gcc-sniper/CMakeFiles/CMakeTmp'

Source file was:
#define __unused1
#undef inline
#define __unused2

#include <sys/types.h>
#include <sys/socket.h>
extern int  recv(ssize_t, char *, unsigned int, int);
#define __unused5 1

int main() { 
                    ssize_t s=0;
                    char * buf=0;
                    unsigned int len=0;
                    int flags=0;
                    int res = recv(s, buf, len, flags) ; return 0; }
Performing C SOURCE FILE Test int recv(ssize_t, char *, unsigned int, unsigned int) (curl_cv_func_recv_test) failed with the following output:
Change Dir: /data/marg/abhishek/CoMeT/benchmarks/parsec/parsec-2.1/pkgs/tools/cmake/obj/amd64-linux.gcc-sniper/CMakeFiles/CMakeTmp

Run Build Command:/usr/bin/make "cmTryCompileExec/fast"
make[2]: Entering directory '/data/marg/abhishek/CoMeT/benchmarks/parsec/parsec-2.1/pkgs/tools/cmake/obj/amd64-linux.gcc-sniper/CMakeFiles/CMakeTmp'
/usr/bin/make -f CMakeFiles/cmTryCompileExec.dir/build.make CMakeFiles/cmTryCompileExec.dir/build
make[3]: Entering directory '/data/marg/abhishek/CoMeT/benchmarks/parsec/parsec-2.1/pkgs/tools/cmake/obj/amd64-linux.gcc-sniper/CMakeFiles/CMakeTmp'
/data/marg/abhishek/CoMeT/benchmarks/parsec/parsec-2.1/pkgs/tools/cmake/obj/amd64-linux.gcc-sniper/Bootstrap.cmk/cmake -E cmake_progress_report /data/marg/abhishek/CoMeT/benchmarks/parsec/parsec-2.1/pkgs/tools/cmake/obj/amd64-linux.gcc-sniper/CMakeFiles/CMakeTmp/CMakeFiles 1
Building C object CMakeFiles/cmTryCompileExec.dir/src.c.o
/usr/bin/gcc   -O3 -funroll-loops -fprefetch-loop-arrays -static-libgcc -Wl,--hash-style=both,--as-needed -DPARSEC_VERSION=2.1 -DENABLE_PARSEC_HOOKS -I/data/marg/abhishek/CoMeT/benchmarks/parsec/parsec-2.1/pkgs/libs/hooks/inst/amd64-linux.gcc-sniper/include -I/data/marg/abhishek/CoMeT/benchmarks/tools/hooks -I/data/marg/abhishek/CoMeT/include -DENABLE_PARMACS   -Dcurl_cv_func_recv_test   -o CMakeFiles/cmTryCompileExec.dir/src.c.o   -c /data/marg/abhishek/CoMeT/benchmarks/parsec/parsec-2.1/pkgs/tools/cmake/obj/amd64-linux.gcc-sniper/CMakeFiles/CMakeTmp/src.c
/data/marg/abhishek/CoMeT/benchmarks/parsec/parsec-2.1/pkgs/tools/cmake/obj/amd64-linux.gcc-sniper/CMakeFiles/CMakeTmp/src.c:7:13: error: conflicting types for ‘recv’
    7 | extern int  recv(ssize_t, char *, unsigned int, unsigned int);
      |             ^~~~
In file included from /usr/include/x86_64-linux-gnu/sys/socket.h:269,
                 from /data/marg/abhishek/CoMeT/benchmarks/parsec/parsec-2.1/pkgs/tools/cmake/obj/amd64-linux.gcc-sniper/CMakeFiles/CMakeTmp/src.c:6:
/usr/include/x86_64-linux-gnu/bits/socket2.h:34:1: note: previous definition of ‘recv’ was here
   34 | recv (int __fd, void *__buf, size_t __n, int __flags)
      | ^~~~
make[3]: Leaving directory '/data/marg/abhishek/CoMeT/benchmarks/parsec/parsec-2.1/pkgs/tools/cmake/obj/amd64-linux.gcc-sniper/CMakeFiles/CMakeTmp'
make[3]: *** [CMakeFiles/cmTryCompileExec.dir/build.make:56: CMakeFiles/cmTryCompileExec.dir/src.c.o] Error 1
make[2]: *** [Makefile:111: cmTryCompileExec/fast] Error 2
make[2]: Leaving directory '/data/marg/abhishek/CoMeT/benchmarks/parsec/parsec-2.1/pkgs/tools/cmake/obj/amd64-linux.gcc-sniper/CMakeFiles/CMakeTmp'

Source file was:
#define __unused1
#undef inline
#define __unused2

#include <sys/types.h>
#include <sys/socket.h>
extern int  recv(ssize_t, char *, unsigned int, unsigned int);
#define __unused5 1

int main() { 
                    ssize_t s=0;
                    char * buf=0;
                    unsigned int len=0;
                    unsigned int flags=0;
                    int res = recv(s, buf, len, flags) ; return 0; }
Performing C SOURCE FILE Test int recv(SOCKET, void *, size_t, int) (curl_cv_func_recv_test) failed with the following output:
Change Dir: /data/marg/abhishek/CoMeT/benchmarks/parsec/parsec-2.1/pkgs/tools/cmake/obj/amd64-linux.gcc-sniper/CMakeFiles/CMakeTmp

Run Build Command:/usr/bin/make "cmTryCompileExec/fast"
make[2]: Entering directory '/data/marg/abhishek/CoMeT/benchmarks/parsec/parsec-2.1/pkgs/tools/cmake/obj/amd64-linux.gcc-sniper/CMakeFiles/CMakeTmp'
/usr/bin/make -f CMakeFiles/cmTryCompileExec.dir/build.make CMakeFiles/cmTryCompileExec.dir/build
make[3]: Entering directory '/data/marg/abhishek/CoMeT/benchmarks/parsec/parsec-2.1/pkgs/tools/cmake/obj/amd64-linux.gcc-sniper/CMakeFiles/CMakeTmp'
/data/marg/abhishek/CoMeT/benchmarks/parsec/parsec-2.1/pkgs/tools/cmake/obj/amd64-linux.gcc-sniper/Bootstrap.cmk/cmake -E cmake_progress_report /data/marg/abhishek/CoMeT/benchmarks/parsec/parsec-2.1/pkgs/tools/cmake/obj/amd64-linux.gcc-sniper/CMakeFiles/CMakeTmp/CMakeFiles 1
Building C object CMakeFiles/cmTryCompileExec.dir/src.c.o
/usr/bin/gcc   -O3 -funroll-loops -fprefetch-loop-arrays -static-libgcc -Wl,--hash-style=both,--as-needed -DPARSEC_VERSION=2.1 -DENABLE_PARSEC_HOOKS -I/data/marg/abhishek/CoMeT/benchmarks/parsec/parsec-2.1/pkgs/libs/hooks/inst/amd64-linux.gcc-sniper/include -I/data/marg/abhishek/CoMeT/benchmarks/tools/hooks -I/data/marg/abhishek/CoMeT/include -DENABLE_PARMACS   -Dcurl_cv_func_recv_test   -o CMakeFiles/cmTryCompileExec.dir/src.c.o   -c /data/marg/abhishek/CoMeT/benchmarks/parsec/parsec-2.1/pkgs/tools/cmake/obj/amd64-linux.gcc-sniper/CMakeFiles/CMakeTmp/src.c
/data/marg/abhishek/CoMeT/benchmarks/parsec/parsec-2.1/pkgs/tools/cmake/obj/amd64-linux.gcc-sniper/CMakeFiles/CMakeTmp/src.c:7:25: error: expected ‘)’ before ‘void’
    7 | extern int  recv(SOCKET, void *, size_t, int);
      |                         ^~~~~
      |                         )
/data/marg/abhishek/CoMeT/benchmarks/parsec/parsec-2.1/pkgs/tools/cmake/obj/amd64-linux.gcc-sniper/CMakeFiles/CMakeTmp/src.c: In function ‘main’:
/data/marg/abhishek/CoMeT/benchmarks/parsec/parsec-2.1/pkgs/tools/cmake/obj/amd64-linux.gcc-sniper/CMakeFiles/CMakeTmp/src.c:11:21: error: unknown type name ‘SOCKET’
   11 |                     SOCKET s=0;
      |                     ^~~~~~
make[3]: Leaving directory '/data/marg/abhishek/CoMeT/benchmarks/parsec/parsec-2.1/pkgs/tools/cmake/obj/amd64-linux.gcc-sniper/CMakeFiles/CMakeTmp'
make[3]: *** [CMakeFiles/cmTryCompileExec.dir/build.make:56: CMakeFiles/cmTryCompileExec.dir/src.c.o] Error 1
make[2]: *** [Makefile:111: cmTryCompileExec/fast] Error 2
make[2]: Leaving directory '/data/marg/abhishek/CoMeT/benchmarks/parsec/parsec-2.1/pkgs/tools/cmake/obj/amd64-linux.gcc-sniper/CMakeFiles/CMakeTmp'

Source file was:
#define __unused1
#undef inline
#define __unused2

#include <sys/types.h>
#include <sys/socket.h>
extern int  recv(SOCKET, void *, size_t, int);
#define __unused5 1

int main() { 
                    SOCKET s=0;
                    void * buf=0;
                    size_t len=0;
                    int flags=0;
                    int res = recv(s, buf, len, flags) ; return 0; }
Performing C SOURCE FILE Test int recv(SOCKET, void *, size_t, unsigned int) (curl_cv_func_recv_test) failed with the following output:
Change Dir: /data/marg/abhishek/CoMeT/benchmarks/parsec/parsec-2.1/pkgs/tools/cmake/obj/amd64-linux.gcc-sniper/CMakeFiles/CMakeTmp

Run Build Command:/usr/bin/make "cmTryCompileExec/fast"
make[2]: Entering directory '/data/marg/abhishek/CoMeT/benchmarks/parsec/parsec-2.1/pkgs/tools/cmake/obj/amd64-linux.gcc-sniper/CMakeFiles/CMakeTmp'
/usr/bin/make -f CMakeFiles/cmTryCompileExec.dir/build.make CMakeFiles/cmTryCompileExec.dir/build
make[3]: Entering directory '/data/marg/abhishek/CoMeT/benchmarks/parsec/parsec-2.1/pkgs/tools/cmake/obj/amd64-linux.gcc-sniper/CMakeFiles/CMakeTmp'
/data/marg/abhishek/CoMeT/benchmarks/parsec/parsec-2.1/pkgs/tools/cmake/obj/amd64-linux.gcc-sniper/Bootstrap.cmk/cmake -E cmake_progress_report /data/marg/abhishek/CoMeT/benchmarks/parsec/parsec-2.1/pkgs/tools/cmake/obj/amd64-linux.gcc-sniper/CMakeFiles/CMakeTmp/CMakeFiles 1
Building C object CMakeFiles/cmTryCompileExec.dir/src.c.o
/usr/bin/gcc   -O3 -funroll-loops -fprefetch-loop-arrays -static-libgcc -Wl,--hash-style=both,--as-needed -DPARSEC_VERSION=2.1 -DENABLE_PARSEC_HOOKS -I/data/marg/abhishek/CoMeT/benchmarks/parsec/parsec-2.1/pkgs/libs/hooks/inst/amd64-linux.gcc-sniper/include -I/data/marg/abhishek/CoMeT/benchmarks/tools/hooks -I/data/marg/abhishek/CoMeT/include -DENABLE_PARMACS   -Dcurl_cv_func_recv_test   -o CMakeFiles/cmTryCompileExec.dir/src.c.o   -c /data/marg/abhishek/CoMeT/benchmarks/parsec/parsec-2.1/pkgs/tools/cmake/obj/amd64-linux.gcc-sniper/CMakeFiles/CMakeTmp/src.c
/data/marg/abhishek/CoMeT/benchmarks/parsec/parsec-2.1/pkgs/tools/cmake/obj/amd64-linux.gcc-sniper/CMakeFiles/CMakeTmp/src.c:7:25: error: expected ‘)’ before ‘void’
    7 | extern int  recv(SOCKET, void *, size_t, unsigned int);
      |                         ^~~~~
      |                         )
/data/marg/abhishek/CoMeT/benchmarks/parsec/parsec-2.1/pkgs/tools/cmake/obj/amd64-linux.gcc-sniper/CMakeFiles/CMakeTmp/src.c: In function ‘main’:
/data/marg/abhishek/CoMeT/benchmarks/parsec/parsec-2.1/pkgs/tools/cmake/obj/amd64-linux.gcc-sniper/CMakeFiles/CMakeTmp/src.c:11:21: error: unknown type name ‘SOCKET’
   11 |                     SOCKET s=0;
      |                     ^~~~~~
make[3]: Leaving directory '/data/marg/abhishek/CoMeT/benchmarks/parsec/parsec-2.1/pkgs/tools/cmake/obj/amd64-linux.gcc-sniper/CMakeFiles/CMakeTmp'
make[3]: *** [CMakeFiles/cmTryCompileExec.dir/build.make:56: CMakeFiles/cmTryCompileExec.dir/src.c.o] Error 1
make[2]: *** [Makefile:111: cmTryCompileExec/fast] Error 2
make[2]: Leaving directory '/data/marg/abhishek/CoMeT/benchmarks/parsec/parsec-2.1/pkgs/tools/cmake/obj/amd64-linux.gcc-sniper/CMakeFiles/CMakeTmp'

Source file was:
#define __unused1
#undef inline
#define __unused2

#include <sys/types.h>
#include <sys/socket.h>
extern int  recv(SOCKET, void *, size_t, unsigned int);
#define __unused5 1

int main() { 
                    SOCKET s=0;
                    void * buf=0;
                    size_t len=0;
                    unsigned int flags=0;
                    int res = recv(s, buf, len, flags) ; return 0; }
Performing C SOURCE FILE Test int recv(SOCKET, void *, int, int) (curl_cv_func_recv_test) failed with the following output:
Change Dir: /data/marg/abhishek/CoMeT/benchmarks/parsec/parsec-2.1/pkgs/tools/cmake/obj/amd64-linux.gcc-sniper/CMakeFiles/CMakeTmp

Run Build Command:/usr/bin/make "cmTryCompileExec/fast"
make[2]: Entering directory '/data/marg/abhishek/CoMeT/benchmarks/parsec/parsec-2.1/pkgs/tools/cmake/obj/amd64-linux.gcc-sniper/CMakeFiles/CMakeTmp'
/usr/bin/make -f CMakeFiles/cmTryCompileExec.dir/build.make CMakeFiles/cmTryCompileExec.dir/build
make[3]: Entering directory '/data/marg/abhishek/CoMeT/benchmarks/parsec/parsec-2.1/pkgs/tools/cmake/obj/amd64-linux.gcc-sniper/CMakeFiles/CMakeTmp'
/data/marg/abhishek/CoMeT/benchmarks/parsec/parsec-2.1/pkgs/tools/cmake/obj/amd64-linux.gcc-sniper/Bootstrap.cmk/cmake -E cmake_progress_report /data/marg/abhishek/CoMeT/benchmarks/parsec/parsec-2.1/pkgs/tools/cmake/obj/amd64-linux.gcc-sniper/CMakeFiles/CMakeTmp/CMakeFiles 1
Building C object CMakeFiles/cmTryCompileExec.dir/src.c.o
/usr/bin/gcc   -O3 -funroll-loops -fprefetch-loop-arrays -static-libgcc -Wl,--hash-style=both,--as-needed -DPARSEC_VERSION=2.1 -DENABLE_PARSEC_HOOKS -I/data/marg/abhishek/CoMeT/benchmarks/parsec/parsec-2.1/pkgs/libs/hooks/inst/amd64-linux.gcc-sniper/include -I/data/marg/abhishek/CoMeT/benchmarks/tools/hooks -I/data/marg/abhishek/CoMeT/include -DENABLE_PARMACS   -Dcurl_cv_func_recv_test   -o CMakeFiles/cmTryCompileExec.dir/src.c.o   -c /data/marg/abhishek/CoMeT/benchmarks/parsec/parsec-2.1/pkgs/tools/cmake/obj/amd64-linux.gcc-sniper/CMakeFiles/CMakeTmp/src.c
/data/marg/abhishek/CoMeT/benchmarks/parsec/parsec-2.1/pkgs/tools/cmake/obj/amd64-linux.gcc-sniper/CMakeFiles/CMakeTmp/src.c:7:25: error: expected ‘)’ before ‘void’
    7 | extern int  recv(SOCKET, void *, int, int);
      |                         ^~~~~
      |                         )
/data/marg/abhishek/CoMeT/benchmarks/parsec/parsec-2.1/pkgs/tools/cmake/obj/amd64-linux.gcc-sniper/CMakeFiles/CMakeTmp/src.c: In function ‘main’:
/data/marg/abhishek/CoMeT/benchmarks/parsec/parsec-2.1/pkgs/tools/cmake/obj/amd64-linux.gcc-sniper/CMakeFiles/CMakeTmp/src.c:11:21: error: unknown type name ‘SOCKET’
   11 |                     SOCKET s=0;
      |                     ^~~~~~
make[3]: Leaving directory '/data/marg/abhishek/CoMeT/benchmarks/parsec/parsec-2.1/pkgs/tools/cmake/obj/amd64-linux.gcc-sniper/CMakeFiles/CMakeTmp'
make[3]: *** [CMakeFiles/cmTryCompileExec.dir/build.make:56: CMakeFiles/cmTryCompileExec.dir/src.c.o] Error 1
make[2]: *** [Makefile:111: cmTryCompileExec/fast] Error 2
make[2]: Leaving directory '/data/marg/abhishek/CoMeT/benchmarks/parsec/parsec-2.1/pkgs/tools/cmake/obj/amd64-linux.gcc-sniper/CMakeFiles/CMakeTmp'

Source file was:
#define __unused1
#undef inline
#define __unused2

#include <sys/types.h>
#include <sys/socket.h>
extern int  recv(SOCKET, void *, int, int);
#define __unused5 1

int main() { 
                    SOCKET s=0;
                    void * buf=0;
                    int len=0;
                    int flags=0;
                    int res = recv(s, buf, len, flags) ; return 0; }
Performing C SOURCE FILE Test int recv(SOCKET, void *, int, unsigned int) (curl_cv_func_recv_test) failed with the following output:
Change Dir: /data/marg/abhishek/CoMeT/benchmarks/parsec/parsec-2.1/pkgs/tools/cmake/obj/amd64-linux.gcc-sniper/CMakeFiles/CMakeTmp

Run Build Command:/usr/bin/make "cmTryCompileExec/fast"
make[2]: Entering directory '/data/marg/abhishek/CoMeT/benchmarks/parsec/parsec-2.1/pkgs/tools/cmake/obj/amd64-linux.gcc-sniper/CMakeFiles/CMakeTmp'
/usr/bin/make -f CMakeFiles/cmTryCompileExec.dir/build.make CMakeFiles/cmTryCompileExec.dir/build
make[3]: Entering directory '/data/marg/abhishek/CoMeT/benchmarks/parsec/parsec-2.1/pkgs/tools/cmake/obj/amd64-linux.gcc-sniper/CMakeFiles/CMakeTmp'
/data/marg/abhishek/CoMeT/benchmarks/parsec/parsec-2.1/pkgs/tools/cmake/obj/amd64-linux.gcc-sniper/Bootstrap.cmk/cmake -E cmake_progress_report /data/marg/abhishek/CoMeT/benchmarks/parsec/parsec-2.1/pkgs/tools/cmake/obj/amd64-linux.gcc-sniper/CMakeFiles/CMakeTmp/CMakeFiles 1
Building C object CMakeFiles/cmTryCompileExec.dir/src.c.o
/usr/bin/gcc   -O3 -funroll-loops -fprefetch-loop-arrays -static-libgcc -Wl,--hash-style=both,--as-needed -DPARSEC_VERSION=2.1 -DENABLE_PARSEC_HOOKS -I/data/marg/abhishek/CoMeT/benchmarks/parsec/parsec-2.1/pkgs/libs/hooks/inst/amd64-linux.gcc-sniper/include -I/data/marg/abhishek/CoMeT/benchmarks/tools/hooks -I/data/marg/abhishek/CoMeT/include -DENABLE_PARMACS   -Dcurl_cv_func_recv_test   -o CMakeFiles/cmTryCompileExec.dir/src.c.o   -c /data/marg/abhishek/CoMeT/benchmarks/parsec/parsec-2.1/pkgs/tools/cmake/obj/amd64-linux.gcc-sniper/CMakeFiles/CMakeTmp/src.c
/data/marg/abhishek/CoMeT/benchmarks/parsec/parsec-2.1/pkgs/tools/cmake/obj/amd64-linux.gcc-sniper/CMakeFiles/CMakeTmp/src.c:7:25: error: expected ‘)’ before ‘void’
    7 | extern int  recv(SOCKET, void *, int, unsigned int);
      |                         ^~~~~
      |                         )
/data/marg/abhishek/CoMeT/benchmarks/parsec/parsec-2.1/pkgs/tools/cmake/obj/amd64-linux.gcc-sniper/CMakeFiles/CMakeTmp/src.c: In function ‘main’:
/data/marg/abhishek/CoMeT/benchmarks/parsec/parsec-2.1/pkgs/tools/cmake/obj/amd64-linux.gcc-sniper/CMakeFiles/CMakeTmp/src.c:11:21: error: unknown type name ‘SOCKET’
   11 |                     SOCKET s=0;
      |                     ^~~~~~
make[3]: Leaving directory '/data/marg/abhishek/CoMeT/benchmarks/parsec/parsec-2.1/pkgs/tools/cmake/obj/amd64-linux.gcc-sniper/CMakeFiles/CMakeTmp'
make[3]: *** [CMakeFiles/cmTryCompileExec.dir/build.make:56: CMakeFiles/cmTryCompileExec.dir/src.c.o] Error 1
make[2]: *** [Makefile:111: cmTryCompileExec/fast] Error 2
make[2]: Leaving directory '/data/marg/abhishek/CoMeT/benchmarks/parsec/parsec-2.1/pkgs/tools/cmake/obj/amd64-linux.gcc-sniper/CMakeFiles/CMakeTmp'

Source file was:
#define __unused1
#undef inline
#define __unused2

#include <sys/types.h>
#include <sys/socket.h>
extern int  recv(SOCKET, void *, int, unsigned int);
#define __unused5 1

int main() { 
                    SOCKET s=0;
                    void * buf=0;
                    int len=0;
                    unsigned int flags=0;
                    int res = recv(s, buf, len, flags) ; return 0; }
Performing C SOURCE FILE Test int recv(SOCKET, void *, socklen_t, int) (curl_cv_func_recv_test) failed with the following output:
Change Dir: /data/marg/abhishek/CoMeT/benchmarks/parsec/parsec-2.1/pkgs/tools/cmake/obj/amd64-linux.gcc-sniper/CMakeFiles/CMakeTmp

Run Build Command:/usr/bin/make "cmTryCompileExec/fast"
make[2]: Entering directory '/data/marg/abhishek/CoMeT/benchmarks/parsec/parsec-2.1/pkgs/tools/cmake/obj/amd64-linux.gcc-sniper/CMakeFiles/CMakeTmp'
/usr/bin/make -f CMakeFiles/cmTryCompileExec.dir/build.make CMakeFiles/cmTryCompileExec.dir/build
make[3]: Entering directory '/data/marg/abhishek/CoMeT/benchmarks/parsec/parsec-2.1/pkgs/tools/cmake/obj/amd64-linux.gcc-sniper/CMakeFiles/CMakeTmp'
/data/marg/abhishek/CoMeT/benchmarks/parsec/parsec-2.1/pkgs/tools/cmake/obj/amd64-linux.gcc-sniper/Bootstrap.cmk/cmake -E cmake_progress_report /data/marg/abhishek/CoMeT/benchmarks/parsec/parsec-2.1/pkgs/tools/cmake/obj/amd64-linux.gcc-sniper/CMakeFiles/CMakeTmp/CMakeFiles 1
Building C object CMakeFiles/cmTryCompileExec.dir/src.c.o
/usr/bin/gcc   -O3 -funroll-loops -fprefetch-loop-arrays -static-libgcc -Wl,--hash-style=both,--as-needed -DPARSEC_VERSION=2.1 -DENABLE_PARSEC_HOOKS -I/data/marg/abhishek/CoMeT/benchmarks/parsec/parsec-2.1/pkgs/libs/hooks/inst/amd64-linux.gcc-sniper/include -I/data/marg/abhishek/CoMeT/benchmarks/tools/hooks -I/data/marg/abhishek/CoMeT/include -DENABLE_PARMACS   -Dcurl_cv_func_recv_test   -o CMakeFiles/cmTryCompileExec.dir/src.c.o   -c /data/marg/abhishek/CoMeT/benchmarks/parsec/parsec-2.1/pkgs/tools/cmake/obj/amd64-linux.gcc-sniper/CMakeFiles/CMakeTmp/src.c
/data/marg/abhishek/CoMeT/benchmarks/parsec/parsec-2.1/pkgs/tools/cmake/obj/amd64-linux.gcc-sniper/CMakeFiles/CMakeTmp/src.c:7:25: error: expected ‘)’ before ‘void’
    7 | extern int  recv(SOCKET, void *, socklen_t, int);
      |                         ^~~~~
      |                         )
/data/marg/abhishek/CoMeT/benchmarks/parsec/parsec-2.1/pkgs/tools/cmake/obj/amd64-linux.gcc-sniper/CMakeFiles/CMakeTmp/src.c: In function ‘main’:
/data/marg/abhishek/CoMeT/benchmarks/parsec/parsec-2.1/pkgs/tools/cmake/obj/amd64-linux.gcc-sniper/CMakeFiles/CMakeTmp/src.c:11:21: error: unknown type name ‘SOCKET’
   11 |                     SOCKET s=0;
      |                     ^~~~~~
make[3]: Leaving directory '/data/marg/abhishek/CoMeT/benchmarks/parsec/parsec-2.1/pkgs/tools/cmake/obj/amd64-linux.gcc-sniper/CMakeFiles/CMakeTmp'
make[3]: *** [CMakeFiles/cmTryCompileExec.dir/build.make:56: CMakeFiles/cmTryCompileExec.dir/src.c.o] Error 1
make[2]: *** [Makefile:111: cmTryCompileExec/fast] Error 2
make[2]: Leaving directory '/data/marg/abhishek/CoMeT/benchmarks/parsec/parsec-2.1/pkgs/tools/cmake/obj/amd64-linux.gcc-sniper/CMakeFiles/CMakeTmp'

Source file was:
#define __unused1
#undef inline
#define __unused2

#include <sys/types.h>
#include <sys/socket.h>
extern int  recv(SOCKET, void *, socklen_t, int);
#define __unused5 1

int main() { 
                    SOCKET s=0;
                    void * buf=0;
                    socklen_t len=0;
                    int flags=0;
                    int res = recv(s, buf, len, flags) ; return 0; }
Performing C SOURCE FILE Test int recv(SOCKET, void *, socklen_t, unsigned int) (curl_cv_func_recv_test) failed with the following output:
Change Dir: /data/marg/abhishek/CoMeT/benchmarks/parsec/parsec-2.1/pkgs/tools/cmake/obj/amd64-linux.gcc-sniper/CMakeFiles/CMakeTmp

Run Build Command:/usr/bin/make "cmTryCompileExec/fast"
make[2]: Entering directory '/data/marg/abhishek/CoMeT/benchmarks/parsec/parsec-2.1/pkgs/tools/cmake/obj/amd64-linux.gcc-sniper/CMakeFiles/CMakeTmp'
/usr/bin/make -f CMakeFiles/cmTryCompileExec.dir/build.make CMakeFiles/cmTryCompileExec.dir/build
make[3]: Entering directory '/data/marg/abhishek/CoMeT/benchmarks/parsec/parsec-2.1/pkgs/tools/cmake/obj/amd64-linux.gcc-sniper/CMakeFiles/CMakeTmp'
/data/marg/abhishek/CoMeT/benchmarks/parsec/parsec-2.1/pkgs/tools/cmake/obj/amd64-linux.gcc-sniper/Bootstrap.cmk/cmake -E cmake_progress_report /data/marg/abhishek/CoMeT/benchmarks/parsec/parsec-2.1/pkgs/tools/cmake/obj/amd64-linux.gcc-sniper/CMakeFiles/CMakeTmp/CMakeFiles 1
Building C object CMakeFiles/cmTryCompileExec.dir/src.c.o
/usr/bin/gcc   -O3 -funroll-loops -fprefetch-loop-arrays -static-libgcc -Wl,--hash-style=both,--as-needed -DPARSEC_VERSION=2.1 -DENABLE_PARSEC_HOOKS -I/data/marg/abhishek/CoMeT/benchmarks/parsec/parsec-2.1/pkgs/libs/hooks/inst/amd64-linux.gcc-sniper/include -I/data/marg/abhishek/CoMeT/benchmarks/tools/hooks -I/data/marg/abhishek/CoMeT/include -DENABLE_PARMACS   -Dcurl_cv_func_recv_test   -o CMakeFiles/cmTryCompileExec.dir/src.c.o   -c /data/marg/abhishek/CoMeT/benchmarks/parsec/parsec-2.1/pkgs/tools/cmake/obj/amd64-linux.gcc-sniper/CMakeFiles/CMakeTmp/src.c
/data/marg/abhishek/CoMeT/benchmarks/parsec/parsec-2.1/pkgs/tools/cmake/obj/amd64-linux.gcc-sniper/CMakeFiles/CMakeTmp/src.c:7:25: error: expected ‘)’ before ‘void’
    7 | extern int  recv(SOCKET, void *, socklen_t, unsigned int);
      |                         ^~~~~
      |                         )
/data/marg/abhishek/CoMeT/benchmarks/parsec/parsec-2.1/pkgs/tools/cmake/obj/amd64-linux.gcc-sniper/CMakeFiles/CMakeTmp/src.c: In function ‘main’:
/data/marg/abhishek/CoMeT/benchmarks/parsec/parsec-2.1/pkgs/tools/cmake/obj/amd64-linux.gcc-sniper/CMakeFiles/CMakeTmp/src.c:11:21: error: unknown type name ‘SOCKET’
   11 |                     SOCKET s=0;
      |                     ^~~~~~
make[3]: *** [CMakeFiles/cmTryCompileExec.dir/build.make:56: CMakeFiles/cmTryCompileExec.dir/src.c.o] Error 1
make[3]: Leaving directory '/data/marg/abhishek/CoMeT/benchmarks/parsec/parsec-2.1/pkgs/tools/cmake/obj/amd64-linux.gcc-sniper/CMakeFiles/CMakeTmp'
make[2]: *** [Makefile:111: cmTryCompileExec/fast] Error 2
make[2]: Leaving directory '/data/marg/abhishek/CoMeT/benchmarks/parsec/parsec-2.1/pkgs/tools/cmake/obj/amd64-linux.gcc-sniper/CMakeFiles/CMakeTmp'

Source file was:
#define __unused1
#undef inline
#define __unused2

#include <sys/types.h>
#include <sys/socket.h>
extern int  recv(SOCKET, void *, socklen_t, unsigned int);
#define __unused5 1

int main() { 
                    SOCKET s=0;
                    void * buf=0;
                    socklen_t len=0;
                    unsigned int flags=0;
                    int res = recv(s, buf, len, flags) ; return 0; }
Performing C SOURCE FILE Test int recv(SOCKET, void *, unsigned int, int) (curl_cv_func_recv_test) failed with the following output:
Change Dir: /data/marg/abhishek/CoMeT/benchmarks/parsec/parsec-2.1/pkgs/tools/cmake/obj/amd64-linux.gcc-sniper/CMakeFiles/CMakeTmp

Run Build Command:/usr/bin/make "cmTryCompileExec/fast"
make[2]: Entering directory '/data/marg/abhishek/CoMeT/benchmarks/parsec/parsec-2.1/pkgs/tools/cmake/obj/amd64-linux.gcc-sniper/CMakeFiles/CMakeTmp'
/usr/bin/make -f CMakeFiles/cmTryCompileExec.dir/build.make CMakeFiles/cmTryCompileExec.dir/build
make[3]: Entering directory '/data/marg/abhishek/CoMeT/benchmarks/parsec/parsec-2.1/pkgs/tools/cmake/obj/amd64-linux.gcc-sniper/CMakeFiles/CMakeTmp'
/data/marg/abhishek/CoMeT/benchmarks/parsec/parsec-2.1/pkgs/tools/cmake/obj/amd64-linux.gcc-sniper/Bootstrap.cmk/cmake -E cmake_progress_report /data/marg/abhishek/CoMeT/benchmarks/parsec/parsec-2.1/pkgs/tools/cmake/obj/amd64-linux.gcc-sniper/CMakeFiles/CMakeTmp/CMakeFiles 1
Building C object CMakeFiles/cmTryCompileExec.dir/src.c.o
/usr/bin/gcc   -O3 -funroll-loops -fprefetch-loop-arrays -static-libgcc -Wl,--hash-style=both,--as-needed -DPARSEC_VERSION=2.1 -DENABLE_PARSEC_HOOKS -I/data/marg/abhishek/CoMeT/benchmarks/parsec/parsec-2.1/pkgs/libs/hooks/inst/amd64-linux.gcc-sniper/include -I/data/marg/abhishek/CoMeT/benchmarks/tools/hooks -I/data/marg/abhishek/CoMeT/include -DENABLE_PARMACS   -Dcurl_cv_func_recv_test   -o CMakeFiles/cmTryCompileExec.dir/src.c.o   -c /data/marg/abhishek/CoMeT/benchmarks/parsec/parsec-2.1/pkgs/tools/cmake/obj/amd64-linux.gcc-sniper/CMakeFiles/CMakeTmp/src.c
/data/marg/abhishek/CoMeT/benchmarks/parsec/parsec-2.1/pkgs/tools/cmake/obj/amd64-linux.gcc-sniper/CMakeFiles/CMakeTmp/src.c:7:25: error: expected ‘)’ before ‘void’
    7 | extern int  recv(SOCKET, void *, unsigned int, int);
      |                         ^~~~~
      |                         )
/data/marg/abhishek/CoMeT/benchmarks/parsec/parsec-2.1/pkgs/tools/cmake/obj/amd64-linux.gcc-sniper/CMakeFiles/CMakeTmp/src.c: In function ‘main’:
/data/marg/abhishek/CoMeT/benchmarks/parsec/parsec-2.1/pkgs/tools/cmake/obj/amd64-linux.gcc-sniper/CMakeFiles/CMakeTmp/src.c:11:21: error: unknown type name ‘SOCKET’
   11 |                     SOCKET s=0;
      |                     ^~~~~~
make[3]: *** [CMakeFiles/cmTryCompileExec.dir/build.make:56: CMakeFiles/cmTryCompileExec.dir/src.c.o] Error 1
make[3]: Leaving directory '/data/marg/abhishek/CoMeT/benchmarks/parsec/parsec-2.1/pkgs/tools/cmake/obj/amd64-linux.gcc-sniper/CMakeFiles/CMakeTmp'
make[2]: *** [Makefile:111: cmTryCompileExec/fast] Error 2
make[2]: Leaving directory '/data/marg/abhishek/CoMeT/benchmarks/parsec/parsec-2.1/pkgs/tools/cmake/obj/amd64-linux.gcc-sniper/CMakeFiles/CMakeTmp'

Source file was:
#define __unused1
#undef inline
#define __unused2

#include <sys/types.h>
#include <sys/socket.h>
extern int  recv(SOCKET, void *, unsigned int, int);
#define __unused5 1

int main() { 
                    SOCKET s=0;
                    void * buf=0;
                    unsigned int len=0;
                    int flags=0;
                    int res = recv(s, buf, len, flags) ; return 0; }
Performing C SOURCE FILE Test int recv(SOCKET, void *, unsigned int, unsigned int) (curl_cv_func_recv_test) failed with the following output:
Change Dir: /data/marg/abhishek/CoMeT/benchmarks/parsec/parsec-2.1/pkgs/tools/cmake/obj/amd64-linux.gcc-sniper/CMakeFiles/CMakeTmp

Run Build Command:/usr/bin/make "cmTryCompileExec/fast"
make[2]: Entering directory '/data/marg/abhishek/CoMeT/benchmarks/parsec/parsec-2.1/pkgs/tools/cmake/obj/amd64-linux.gcc-sniper/CMakeFiles/CMakeTmp'
/usr/bin/make -f CMakeFiles/cmTryCompileExec.dir/build.make CMakeFiles/cmTryCompileExec.dir/build
make[3]: Entering directory '/data/marg/abhishek/CoMeT/benchmarks/parsec/parsec-2.1/pkgs/tools/cmake/obj/amd64-linux.gcc-sniper/CMakeFiles/CMakeTmp'
/data/marg/abhishek/CoMeT/benchmarks/parsec/parsec-2.1/pkgs/tools/cmake/obj/amd64-linux.gcc-sniper/Bootstrap.cmk/cmake -E cmake_progress_report /data/marg/abhishek/CoMeT/benchmarks/parsec/parsec-2.1/pkgs/tools/cmake/obj/amd64-linux.gcc-sniper/CMakeFiles/CMakeTmp/CMakeFiles 1
Building C object CMakeFiles/cmTryCompileExec.dir/src.c.o
/usr/bin/gcc   -O3 -funroll-loops -fprefetch-loop-arrays -static-libgcc -Wl,--hash-style=both,--as-needed -DPARSEC_VERSION=2.1 -DENABLE_PARSEC_HOOKS -I/data/marg/abhishek/CoMeT/benchmarks/parsec/parsec-2.1/pkgs/libs/hooks/inst/amd64-linux.gcc-sniper/include -I/data/marg/abhishek/CoMeT/benchmarks/tools/hooks -I/data/marg/abhishek/CoMeT/include -DENABLE_PARMACS   -Dcurl_cv_func_recv_test   -o CMakeFiles/cmTryCompileExec.dir/src.c.o   -c /data/marg/abhishek/CoMeT/benchmarks/parsec/parsec-2.1/pkgs/tools/cmake/obj/amd64-linux.gcc-sniper/CMakeFiles/CMakeTmp/src.c
/data/marg/abhishek/CoMeT/benchmarks/parsec/parsec-2.1/pkgs/tools/cmake/obj/amd64-linux.gcc-sniper/CMakeFiles/CMakeTmp/src.c:7:25: error: expected ‘)’ before ‘void’
    7 | extern int  recv(SOCKET, void *, unsigned int, unsigned int);
      |                         ^~~~~
      |                         )
/data/marg/abhishek/CoMeT/benchmarks/parsec/parsec-2.1/pkgs/tools/cmake/obj/amd64-linux.gcc-sniper/CMakeFiles/CMakeTmp/src.c: In function ‘main’:
/data/marg/abhishek/CoMeT/benchmarks/parsec/parsec-2.1/pkgs/tools/cmake/obj/amd64-linux.gcc-sniper/CMakeFiles/CMakeTmp/src.c:11:21: error: unknown type name ‘SOCKET’
   11 |                     SOCKET s=0;
      |                     ^~~~~~
make[3]: *** [CMakeFiles/cmTryCompileExec.dir/build.make:56: CMakeFiles/cmTryCompileExec.dir/src.c.o] Error 1
make[3]: Leaving directory '/data/marg/abhishek/CoMeT/benchmarks/parsec/parsec-2.1/pkgs/tools/cmake/obj/amd64-linux.gcc-sniper/CMakeFiles/CMakeTmp'
make[2]: *** [Makefile:111: cmTryCompileExec/fast] Error 2
make[2]: Leaving directory '/data/marg/abhishek/CoMeT/benchmarks/parsec/parsec-2.1/pkgs/tools/cmake/obj/amd64-linux.gcc-sniper/CMakeFiles/CMakeTmp'

Source file was:
#define __unused1
#undef inline
#define __unused2

#include <sys/types.h>
#include <sys/socket.h>
extern int  recv(SOCKET, void *, unsigned int, unsigned int);
#define __unused5 1

int main() { 
                    SOCKET s=0;
                    void * buf=0;
                    unsigned int len=0;
                    unsigned int flags=0;
                    int res = recv(s, buf, len, flags) ; return 0; }
Performing C SOURCE FILE Test int recv(SOCKET, char *, size_t, int) (curl_cv_func_recv_test) failed with the following output:
Change Dir: /data/marg/abhishek/CoMeT/benchmarks/parsec/parsec-2.1/pkgs/tools/cmake/obj/amd64-linux.gcc-sniper/CMakeFiles/CMakeTmp

Run Build Command:/usr/bin/make "cmTryCompileExec/fast"
make[2]: Entering directory '/data/marg/abhishek/CoMeT/benchmarks/parsec/parsec-2.1/pkgs/tools/cmake/obj/amd64-linux.gcc-sniper/CMakeFiles/CMakeTmp'
/usr/bin/make -f CMakeFiles/cmTryCompileExec.dir/build.make CMakeFiles/cmTryCompileExec.dir/build
make[3]: Entering directory '/data/marg/abhishek/CoMeT/benchmarks/parsec/parsec-2.1/pkgs/tools/cmake/obj/amd64-linux.gcc-sniper/CMakeFiles/CMakeTmp'
/data/marg/abhishek/CoMeT/benchmarks/parsec/parsec-2.1/pkgs/tools/cmake/obj/amd64-linux.gcc-sniper/Bootstrap.cmk/cmake -E cmake_progress_report /data/marg/abhishek/CoMeT/benchmarks/parsec/parsec-2.1/pkgs/tools/cmake/obj/amd64-linux.gcc-sniper/CMakeFiles/CMakeTmp/CMakeFiles 1
Building C object CMakeFiles/cmTryCompileExec.dir/src.c.o
/usr/bin/gcc   -O3 -funroll-loops -fprefetch-loop-arrays -static-libgcc -Wl,--hash-style=both,--as-needed -DPARSEC_VERSION=2.1 -DENABLE_PARSEC_HOOKS -I/data/marg/abhishek/CoMeT/benchmarks/parsec/parsec-2.1/pkgs/libs/hooks/inst/amd64-linux.gcc-sniper/include -I/data/marg/abhishek/CoMeT/benchmarks/tools/hooks -I/data/marg/abhishek/CoMeT/include -DENABLE_PARMACS   -Dcurl_cv_func_recv_test   -o CMakeFiles/cmTryCompileExec.dir/src.c.o   -c /data/marg/abhishek/CoMeT/benchmarks/parsec/parsec-2.1/pkgs/tools/cmake/obj/amd64-linux.gcc-sniper/CMakeFiles/CMakeTmp/src.c
/data/marg/abhishek/CoMeT/benchmarks/parsec/parsec-2.1/pkgs/tools/cmake/obj/amd64-linux.gcc-sniper/CMakeFiles/CMakeTmp/src.c:7:25: error: expected ‘)’ before ‘char’
    7 | extern int  recv(SOCKET, char *, size_t, int);
      |                         ^~~~~
      |                         )
/data/marg/abhishek/CoMeT/benchmarks/parsec/parsec-2.1/pkgs/tools/cmake/obj/amd64-linux.gcc-sniper/CMakeFiles/CMakeTmp/src.c: In function ‘main’:
/data/marg/abhishek/CoMeT/benchmarks/parsec/parsec-2.1/pkgs/tools/cmake/obj/amd64-linux.gcc-sniper/CMakeFiles/CMakeTmp/src.c:11:21: error: unknown type name ‘SOCKET’
   11 |                     SOCKET s=0;
      |                     ^~~~~~
make[3]: Leaving directory '/data/marg/abhishek/CoMeT/benchmarks/parsec/parsec-2.1/pkgs/tools/cmake/obj/amd64-linux.gcc-sniper/CMakeFiles/CMakeTmp'
make[3]: *** [CMakeFiles/cmTryCompileExec.dir/build.make:56: CMakeFiles/cmTryCompileExec.dir/src.c.o] Error 1
make[2]: *** [Makefile:111: cmTryCompileExec/fast] Error 2
make[2]: Leaving directory '/data/marg/abhishek/CoMeT/benchmarks/parsec/parsec-2.1/pkgs/tools/cmake/obj/amd64-linux.gcc-sniper/CMakeFiles/CMakeTmp'

Source file was:
#define __unused1
#undef inline
#define __unused2

#include <sys/types.h>
#include <sys/socket.h>
extern int  recv(SOCKET, char *, size_t, int);
#define __unused5 1

int main() { 
                    SOCKET s=0;
                    char * buf=0;
                    size_t len=0;
                    int flags=0;
                    int res = recv(s, buf, len, flags) ; return 0; }
Performing C SOURCE FILE Test int recv(SOCKET, char *, size_t, unsigned int) (curl_cv_func_recv_test) failed with the following output:
Change Dir: /data/marg/abhishek/CoMeT/benchmarks/parsec/parsec-2.1/pkgs/tools/cmake/obj/amd64-linux.gcc-sniper/CMakeFiles/CMakeTmp

Run Build Command:/usr/bin/make "cmTryCompileExec/fast"
make[2]: Entering directory '/data/marg/abhishek/CoMeT/benchmarks/parsec/parsec-2.1/pkgs/tools/cmake/obj/amd64-linux.gcc-sniper/CMakeFiles/CMakeTmp'
/usr/bin/make -f CMakeFiles/cmTryCompileExec.dir/build.make CMakeFiles/cmTryCompileExec.dir/build
make[3]: Entering directory '/data/marg/abhishek/CoMeT/benchmarks/parsec/parsec-2.1/pkgs/tools/cmake/obj/amd64-linux.gcc-sniper/CMakeFiles/CMakeTmp'
/data/marg/abhishek/CoMeT/benchmarks/parsec/parsec-2.1/pkgs/tools/cmake/obj/amd64-linux.gcc-sniper/Bootstrap.cmk/cmake -E cmake_progress_report /data/marg/abhishek/CoMeT/benchmarks/parsec/parsec-2.1/pkgs/tools/cmake/obj/amd64-linux.gcc-sniper/CMakeFiles/CMakeTmp/CMakeFiles 1
Building C object CMakeFiles/cmTryCompileExec.dir/src.c.o
/usr/bin/gcc   -O3 -funroll-loops -fprefetch-loop-arrays -static-libgcc -Wl,--hash-style=both,--as-needed -DPARSEC_VERSION=2.1 -DENABLE_PARSEC_HOOKS -I/data/marg/abhishek/CoMeT/benchmarks/parsec/parsec-2.1/pkgs/libs/hooks/inst/amd64-linux.gcc-sniper/include -I/data/marg/abhishek/CoMeT/benchmarks/tools/hooks -I/data/marg/abhishek/CoMeT/include -DENABLE_PARMACS   -Dcurl_cv_func_recv_test   -o CMakeFiles/cmTryCompileExec.dir/src.c.o   -c /data/marg/abhishek/CoMeT/benchmarks/parsec/parsec-2.1/pkgs/tools/cmake/obj/amd64-linux.gcc-sniper/CMakeFiles/CMakeTmp/src.c
/data/marg/abhishek/CoMeT/benchmarks/parsec/parsec-2.1/pkgs/tools/cmake/obj/amd64-linux.gcc-sniper/CMakeFiles/CMakeTmp/src.c:7:25: error: expected ‘)’ before ‘char’
    7 | extern int  recv(SOCKET, char *, size_t, unsigned int);
      |                         ^~~~~
      |                         )
/data/marg/abhishek/CoMeT/benchmarks/parsec/parsec-2.1/pkgs/tools/cmake/obj/amd64-linux.gcc-sniper/CMakeFiles/CMakeTmp/src.c: In function ‘main’:
/data/marg/abhishek/CoMeT/benchmarks/parsec/parsec-2.1/pkgs/tools/cmake/obj/amd64-linux.gcc-sniper/CMakeFiles/CMakeTmp/src.c:11:21: error: unknown type name ‘SOCKET’
   11 |                     SOCKET s=0;
      |                     ^~~~~~
make[3]: Leaving directory '/data/marg/abhishek/CoMeT/benchmarks/parsec/parsec-2.1/pkgs/tools/cmake/obj/amd64-linux.gcc-sniper/CMakeFiles/CMakeTmp'
make[3]: *** [CMakeFiles/cmTryCompileExec.dir/build.make:56: CMakeFiles/cmTryCompileExec.dir/src.c.o] Error 1
make[2]: *** [Makefile:111: cmTryCompileExec/fast] Error 2
make[2]: Leaving directory '/data/marg/abhishek/CoMeT/benchmarks/parsec/parsec-2.1/pkgs/tools/cmake/obj/amd64-linux.gcc-sniper/CMakeFiles/CMakeTmp'

Source file was:
#define __unused1
#undef inline
#define __unused2

#include <sys/types.h>
#include <sys/socket.h>
extern int  recv(SOCKET, char *, size_t, unsigned int);
#define __unused5 1

int main() { 
                    SOCKET s=0;
                    char * buf=0;
                    size_t len=0;
                    unsigned int flags=0;
                    int res = recv(s, buf, len, flags) ; return 0; }
Performing C SOURCE FILE Test int recv(SOCKET, char *, int, int) (curl_cv_func_recv_test) failed with the following output:
Change Dir: /data/marg/abhishek/CoMeT/benchmarks/parsec/parsec-2.1/pkgs/tools/cmake/obj/amd64-linux.gcc-sniper/CMakeFiles/CMakeTmp

Run Build Command:/usr/bin/make "cmTryCompileExec/fast"
make[2]: Entering directory '/data/marg/abhishek/CoMeT/benchmarks/parsec/parsec-2.1/pkgs/tools/cmake/obj/amd64-linux.gcc-sniper/CMakeFiles/CMakeTmp'
/usr/bin/make -f CMakeFiles/cmTryCompileExec.dir/build.make CMakeFiles/cmTryCompileExec.dir/build
make[3]: Entering directory '/data/marg/abhishek/CoMeT/benchmarks/parsec/parsec-2.1/pkgs/tools/cmake/obj/amd64-linux.gcc-sniper/CMakeFiles/CMakeTmp'
/data/marg/abhishek/CoMeT/benchmarks/parsec/parsec-2.1/pkgs/tools/cmake/obj/amd64-linux.gcc-sniper/Bootstrap.cmk/cmake -E cmake_progress_report /data/marg/abhishek/CoMeT/benchmarks/parsec/parsec-2.1/pkgs/tools/cmake/obj/amd64-linux.gcc-sniper/CMakeFiles/CMakeTmp/CMakeFiles 1
Building C object CMakeFiles/cmTryCompileExec.dir/src.c.o
/usr/bin/gcc   -O3 -funroll-loops -fprefetch-loop-arrays -static-libgcc -Wl,--hash-style=both,--as-needed -DPARSEC_VERSION=2.1 -DENABLE_PARSEC_HOOKS -I/data/marg/abhishek/CoMeT/benchmarks/parsec/parsec-2.1/pkgs/libs/hooks/inst/amd64-linux.gcc-sniper/include -I/data/marg/abhishek/CoMeT/benchmarks/tools/hooks -I/data/marg/abhishek/CoMeT/include -DENABLE_PARMACS   -Dcurl_cv_func_recv_test   -o CMakeFiles/cmTryCompileExec.dir/src.c.o   -c /data/marg/abhishek/CoMeT/benchmarks/parsec/parsec-2.1/pkgs/tools/cmake/obj/amd64-linux.gcc-sniper/CMakeFiles/CMakeTmp/src.c
/data/marg/abhishek/CoMeT/benchmarks/parsec/parsec-2.1/pkgs/tools/cmake/obj/amd64-linux.gcc-sniper/CMakeFiles/CMakeTmp/src.c:7:25: error: expected ‘)’ before ‘char’
    7 | extern int  recv(SOCKET, char *, int, int);
      |                         ^~~~~
      |                         )
/data/marg/abhishek/CoMeT/benchmarks/parsec/parsec-2.1/pkgs/tools/cmake/obj/amd64-linux.gcc-sniper/CMakeFiles/CMakeTmp/src.c: In function ‘main’:
/data/marg/abhishek/CoMeT/benchmarks/parsec/parsec-2.1/pkgs/tools/cmake/obj/amd64-linux.gcc-sniper/CMakeFiles/CMakeTmp/src.c:11:21: error: unknown type name ‘SOCKET’
   11 |                     SOCKET s=0;
      |                     ^~~~~~
make[3]: Leaving directory '/data/marg/abhishek/CoMeT/benchmarks/parsec/parsec-2.1/pkgs/tools/cmake/obj/amd64-linux.gcc-sniper/CMakeFiles/CMakeTmp'
make[3]: *** [CMakeFiles/cmTryCompileExec.dir/build.make:56: CMakeFiles/cmTryCompileExec.dir/src.c.o] Error 1
make[2]: *** [Makefile:111: cmTryCompileExec/fast] Error 2
make[2]: Leaving directory '/data/marg/abhishek/CoMeT/benchmarks/parsec/parsec-2.1/pkgs/tools/cmake/obj/amd64-linux.gcc-sniper/CMakeFiles/CMakeTmp'

Source file was:
#define __unused1
#undef inline
#define __unused2

#include <sys/types.h>
#include <sys/socket.h>
extern int  recv(SOCKET, char *, int, int);
#define __unused5 1

int main() { 
                    SOCKET s=0;
                    char * buf=0;
                    int len=0;
                    int flags=0;
                    int res = recv(s, buf, len, flags) ; return 0; }
Performing C SOURCE FILE Test int recv(SOCKET, char *, int, unsigned int) (curl_cv_func_recv_test) failed with the following output:
Change Dir: /data/marg/abhishek/CoMeT/benchmarks/parsec/parsec-2.1/pkgs/tools/cmake/obj/amd64-linux.gcc-sniper/CMakeFiles/CMakeTmp

Run Build Command:/usr/bin/make "cmTryCompileExec/fast"
make[2]: Entering directory '/data/marg/abhishek/CoMeT/benchmarks/parsec/parsec-2.1/pkgs/tools/cmake/obj/amd64-linux.gcc-sniper/CMakeFiles/CMakeTmp'
/usr/bin/make -f CMakeFiles/cmTryCompileExec.dir/build.make CMakeFiles/cmTryCompileExec.dir/build
make[3]: Entering directory '/data/marg/abhishek/CoMeT/benchmarks/parsec/parsec-2.1/pkgs/tools/cmake/obj/amd64-linux.gcc-sniper/CMakeFiles/CMakeTmp'
/data/marg/abhishek/CoMeT/benchmarks/parsec/parsec-2.1/pkgs/tools/cmake/obj/amd64-linux.gcc-sniper/Bootstrap.cmk/cmake -E cmake_progress_report /data/marg/abhishek/CoMeT/benchmarks/parsec/parsec-2.1/pkgs/tools/cmake/obj/amd64-linux.gcc-sniper/CMakeFiles/CMakeTmp/CMakeFiles 1
Building C object CMakeFiles/cmTryCompileExec.dir/src.c.o
/usr/bin/gcc   -O3 -funroll-loops -fprefetch-loop-arrays -static-libgcc -Wl,--hash-style=both,--as-needed -DPARSEC_VERSION=2.1 -DENABLE_PARSEC_HOOKS -I/data/marg/abhishek/CoMeT/benchmarks/parsec/parsec-2.1/pkgs/libs/hooks/inst/amd64-linux.gcc-sniper/include -I/data/marg/abhishek/CoMeT/benchmarks/tools/hooks -I/data/marg/abhishek/CoMeT/include -DENABLE_PARMACS   -Dcurl_cv_func_recv_test   -o CMakeFiles/cmTryCompileExec.dir/src.c.o   -c /data/marg/abhishek/CoMeT/benchmarks/parsec/parsec-2.1/pkgs/tools/cmake/obj/amd64-linux.gcc-sniper/CMakeFiles/CMakeTmp/src.c
/data/marg/abhishek/CoMeT/benchmarks/parsec/parsec-2.1/pkgs/tools/cmake/obj/amd64-linux.gcc-sniper/CMakeFiles/CMakeTmp/src.c:7:25: error: expected ‘)’ before ‘char’
    7 | extern int  recv(SOCKET, char *, int, unsigned int);
      |                         ^~~~~
      |                         )
/data/marg/abhishek/CoMeT/benchmarks/parsec/parsec-2.1/pkgs/tools/cmake/obj/amd64-linux.gcc-sniper/CMakeFiles/CMakeTmp/src.c: In function ‘main’:
/data/marg/abhishek/CoMeT/benchmarks/parsec/parsec-2.1/pkgs/tools/cmake/obj/amd64-linux.gcc-sniper/CMakeFiles/CMakeTmp/src.c:11:21: error: unknown type name ‘SOCKET’
   11 |                     SOCKET s=0;
      |                     ^~~~~~
make[3]: Leaving directory '/data/marg/abhishek/CoMeT/benchmarks/parsec/parsec-2.1/pkgs/tools/cmake/obj/amd64-linux.gcc-sniper/CMakeFiles/CMakeTmp'
make[3]: *** [CMakeFiles/cmTryCompileExec.dir/build.make:56: CMakeFiles/cmTryCompileExec.dir/src.c.o] Error 1
make[2]: *** [Makefile:111: cmTryCompileExec/fast] Error 2
make[2]: Leaving directory '/data/marg/abhishek/CoMeT/benchmarks/parsec/parsec-2.1/pkgs/tools/cmake/obj/amd64-linux.gcc-sniper/CMakeFiles/CMakeTmp'

Source file was:
#define __unused1
#undef inline
#define __unused2

#include <sys/types.h>
#include <sys/socket.h>
extern int  recv(SOCKET, char *, int, unsigned int);
#define __unused5 1

int main() { 
                    SOCKET s=0;
                    char * buf=0;
                    int len=0;
                    unsigned int flags=0;
                    int res = recv(s, buf, len, flags) ; return 0; }
Performing C SOURCE FILE Test int recv(SOCKET, char *, socklen_t, int) (curl_cv_func_recv_test) failed with the following output:
Change Dir: /data/marg/abhishek/CoMeT/benchmarks/parsec/parsec-2.1/pkgs/tools/cmake/obj/amd64-linux.gcc-sniper/CMakeFiles/CMakeTmp

Run Build Command:/usr/bin/make "cmTryCompileExec/fast"
make[2]: Entering directory '/data/marg/abhishek/CoMeT/benchmarks/parsec/parsec-2.1/pkgs/tools/cmake/obj/amd64-linux.gcc-sniper/CMakeFiles/CMakeTmp'
/usr/bin/make -f CMakeFiles/cmTryCompileExec.dir/build.make CMakeFiles/cmTryCompileExec.dir/build
make[3]: Entering directory '/data/marg/abhishek/CoMeT/benchmarks/parsec/parsec-2.1/pkgs/tools/cmake/obj/amd64-linux.gcc-sniper/CMakeFiles/CMakeTmp'
/data/marg/abhishek/CoMeT/benchmarks/parsec/parsec-2.1/pkgs/tools/cmake/obj/amd64-linux.gcc-sniper/Bootstrap.cmk/cmake -E cmake_progress_report /data/marg/abhishek/CoMeT/benchmarks/parsec/parsec-2.1/pkgs/tools/cmake/obj/amd64-linux.gcc-sniper/CMakeFiles/CMakeTmp/CMakeFiles 1
Building C object CMakeFiles/cmTryCompileExec.dir/src.c.o
/usr/bin/gcc   -O3 -funroll-loops -fprefetch-loop-arrays -static-libgcc -Wl,--hash-style=both,--as-needed -DPARSEC_VERSION=2.1 -DENABLE_PARSEC_HOOKS -I/data/marg/abhishek/CoMeT/benchmarks/parsec/parsec-2.1/pkgs/libs/hooks/inst/amd64-linux.gcc-sniper/include -I/data/marg/abhishek/CoMeT/benchmarks/tools/hooks -I/data/marg/abhishek/CoMeT/include -DENABLE_PARMACS   -Dcurl_cv_func_recv_test   -o CMakeFiles/cmTryCompileExec.dir/src.c.o   -c /data/marg/abhishek/CoMeT/benchmarks/parsec/parsec-2.1/pkgs/tools/cmake/obj/amd64-linux.gcc-sniper/CMakeFiles/CMakeTmp/src.c
/data/marg/abhishek/CoMeT/benchmarks/parsec/parsec-2.1/pkgs/tools/cmake/obj/amd64-linux.gcc-sniper/CMakeFiles/CMakeTmp/src.c:7:25: error: expected ‘)’ before ‘char’
    7 | extern int  recv(SOCKET, char *, socklen_t, int);
      |                         ^~~~~
      |                         )
/data/marg/abhishek/CoMeT/benchmarks/parsec/parsec-2.1/pkgs/tools/cmake/obj/amd64-linux.gcc-sniper/CMakeFiles/CMakeTmp/src.c: In function ‘main’:
/data/marg/abhishek/CoMeT/benchmarks/parsec/parsec-2.1/pkgs/tools/cmake/obj/amd64-linux.gcc-sniper/CMakeFiles/CMakeTmp/src.c:11:21: error: unknown type name ‘SOCKET’
   11 |                     SOCKET s=0;
      |                     ^~~~~~
make[3]: Leaving directory '/data/marg/abhishek/CoMeT/benchmarks/parsec/parsec-2.1/pkgs/tools/cmake/obj/amd64-linux.gcc-sniper/CMakeFiles/CMakeTmp'
make[3]: *** [CMakeFiles/cmTryCompileExec.dir/build.make:56: CMakeFiles/cmTryCompileExec.dir/src.c.o] Error 1
make[2]: *** [Makefile:111: cmTryCompileExec/fast] Error 2
make[2]: Leaving directory '/data/marg/abhishek/CoMeT/benchmarks/parsec/parsec-2.1/pkgs/tools/cmake/obj/amd64-linux.gcc-sniper/CMakeFiles/CMakeTmp'

Source file was:
#define __unused1
#undef inline
#define __unused2

#include <sys/types.h>
#include <sys/socket.h>
extern int  recv(SOCKET, char *, socklen_t, int);
#define __unused5 1

int main() { 
                    SOCKET s=0;
                    char * buf=0;
                    socklen_t len=0;
                    int flags=0;
                    int res = recv(s, buf, len, flags) ; return 0; }
Performing C SOURCE FILE Test int recv(SOCKET, char *, socklen_t, unsigned int) (curl_cv_func_recv_test) failed with the following output:
Change Dir: /data/marg/abhishek/CoMeT/benchmarks/parsec/parsec-2.1/pkgs/tools/cmake/obj/amd64-linux.gcc-sniper/CMakeFiles/CMakeTmp

Run Build Command:/usr/bin/make "cmTryCompileExec/fast"
make[2]: Entering directory '/data/marg/abhishek/CoMeT/benchmarks/parsec/parsec-2.1/pkgs/tools/cmake/obj/amd64-linux.gcc-sniper/CMakeFiles/CMakeTmp'
/usr/bin/make -f CMakeFiles/cmTryCompileExec.dir/build.make CMakeFiles/cmTryCompileExec.dir/build
make[3]: Entering directory '/data/marg/abhishek/CoMeT/benchmarks/parsec/parsec-2.1/pkgs/tools/cmake/obj/amd64-linux.gcc-sniper/CMakeFiles/CMakeTmp'
/data/marg/abhishek/CoMeT/benchmarks/parsec/parsec-2.1/pkgs/tools/cmake/obj/amd64-linux.gcc-sniper/Bootstrap.cmk/cmake -E cmake_progress_report /data/marg/abhishek/CoMeT/benchmarks/parsec/parsec-2.1/pkgs/tools/cmake/obj/amd64-linux.gcc-sniper/CMakeFiles/CMakeTmp/CMakeFiles 1
Building C object CMakeFiles/cmTryCompileExec.dir/src.c.o
/usr/bin/gcc   -O3 -funroll-loops -fprefetch-loop-arrays -static-libgcc -Wl,--hash-style=both,--as-needed -DPARSEC_VERSION=2.1 -DENABLE_PARSEC_HOOKS -I/data/marg/abhishek/CoMeT/benchmarks/parsec/parsec-2.1/pkgs/libs/hooks/inst/amd64-linux.gcc-sniper/include -I/data/marg/abhishek/CoMeT/benchmarks/tools/hooks -I/data/marg/abhishek/CoMeT/include -DENABLE_PARMACS   -Dcurl_cv_func_recv_test   -o CMakeFiles/cmTryCompileExec.dir/src.c.o   -c /data/marg/abhishek/CoMeT/benchmarks/parsec/parsec-2.1/pkgs/tools/cmake/obj/amd64-linux.gcc-sniper/CMakeFiles/CMakeTmp/src.c
/data/marg/abhishek/CoMeT/benchmarks/parsec/parsec-2.1/pkgs/tools/cmake/obj/amd64-linux.gcc-sniper/CMakeFiles/CMakeTmp/src.c:7:25: error: expected ‘)’ before ‘char’
    7 | extern int  recv(SOCKET, char *, socklen_t, unsigned int);
      |                         ^~~~~
      |                         )
/data/marg/abhishek/CoMeT/benchmarks/parsec/parsec-2.1/pkgs/tools/cmake/obj/amd64-linux.gcc-sniper/CMakeFiles/CMakeTmp/src.c: In function ‘main’:
/data/marg/abhishek/CoMeT/benchmarks/parsec/parsec-2.1/pkgs/tools/cmake/obj/amd64-linux.gcc-sniper/CMakeFiles/CMakeTmp/src.c:11:21: error: unknown type name ‘SOCKET’
   11 |                     SOCKET s=0;
      |                     ^~~~~~
make[3]: *** [CMakeFiles/cmTryCompileExec.dir/build.make:56: CMakeFiles/cmTryCompileExec.dir/src.c.o] Error 1
make[3]: Leaving directory '/data/marg/abhishek/CoMeT/benchmarks/parsec/parsec-2.1/pkgs/tools/cmake/obj/amd64-linux.gcc-sniper/CMakeFiles/CMakeTmp'
make[2]: *** [Makefile:111: cmTryCompileExec/fast] Error 2
make[2]: Leaving directory '/data/marg/abhishek/CoMeT/benchmarks/parsec/parsec-2.1/pkgs/tools/cmake/obj/amd64-linux.gcc-sniper/CMakeFiles/CMakeTmp'

Source file was:
#define __unused1
#undef inline
#define __unused2

#include <sys/types.h>
#include <sys/socket.h>
extern int  recv(SOCKET, char *, socklen_t, unsigned int);
#define __unused5 1

int main() { 
                    SOCKET s=0;
                    char * buf=0;
                    socklen_t len=0;
                    unsigned int flags=0;
                    int res = recv(s, buf, len, flags) ; return 0; }
Performing C SOURCE FILE Test int recv(SOCKET, char *, unsigned int, int) (curl_cv_func_recv_test) failed with the following output:
Change Dir: /data/marg/abhishek/CoMeT/benchmarks/parsec/parsec-2.1/pkgs/tools/cmake/obj/amd64-linux.gcc-sniper/CMakeFiles/CMakeTmp

Run Build Command:/usr/bin/make "cmTryCompileExec/fast"
make[2]: Entering directory '/data/marg/abhishek/CoMeT/benchmarks/parsec/parsec-2.1/pkgs/tools/cmake/obj/amd64-linux.gcc-sniper/CMakeFiles/CMakeTmp'
/usr/bin/make -f CMakeFiles/cmTryCompileExec.dir/build.make CMakeFiles/cmTryCompileExec.dir/build
make[3]: Entering directory '/data/marg/abhishek/CoMeT/benchmarks/parsec/parsec-2.1/pkgs/tools/cmake/obj/amd64-linux.gcc-sniper/CMakeFiles/CMakeTmp'
/data/marg/abhishek/CoMeT/benchmarks/parsec/parsec-2.1/pkgs/tools/cmake/obj/amd64-linux.gcc-sniper/Bootstrap.cmk/cmake -E cmake_progress_report /data/marg/abhishek/CoMeT/benchmarks/parsec/parsec-2.1/pkgs/tools/cmake/obj/amd64-linux.gcc-sniper/CMakeFiles/CMakeTmp/CMakeFiles 1
Building C object CMakeFiles/cmTryCompileExec.dir/src.c.o
/usr/bin/gcc   -O3 -funroll-loops -fprefetch-loop-arrays -static-libgcc -Wl,--hash-style=both,--as-needed -DPARSEC_VERSION=2.1 -DENABLE_PARSEC_HOOKS -I/data/marg/abhishek/CoMeT/benchmarks/parsec/parsec-2.1/pkgs/libs/hooks/inst/amd64-linux.gcc-sniper/include -I/data/marg/abhishek/CoMeT/benchmarks/tools/hooks -I/data/marg/abhishek/CoMeT/include -DENABLE_PARMACS   -Dcurl_cv_func_recv_test   -o CMakeFiles/cmTryCompileExec.dir/src.c.o   -c /data/marg/abhishek/CoMeT/benchmarks/parsec/parsec-2.1/pkgs/tools/cmake/obj/amd64-linux.gcc-sniper/CMakeFiles/CMakeTmp/src.c
/data/marg/abhishek/CoMeT/benchmarks/parsec/parsec-2.1/pkgs/tools/cmake/obj/amd64-linux.gcc-sniper/CMakeFiles/CMakeTmp/src.c:7:25: error: expected ‘)’ before ‘char’
    7 | extern int  recv(SOCKET, char *, unsigned int, int);
      |                         ^~~~~
      |                         )
/data/marg/abhishek/CoMeT/benchmarks/parsec/parsec-2.1/pkgs/tools/cmake/obj/amd64-linux.gcc-sniper/CMakeFiles/CMakeTmp/src.c: In function ‘main’:
/data/marg/abhishek/CoMeT/benchmarks/parsec/parsec-2.1/pkgs/tools/cmake/obj/amd64-linux.gcc-sniper/CMakeFiles/CMakeTmp/src.c:11:21: error: unknown type name ‘SOCKET’
   11 |                     SOCKET s=0;
      |                     ^~~~~~
make[3]: Leaving directory '/data/marg/abhishek/CoMeT/benchmarks/parsec/parsec-2.1/pkgs/tools/cmake/obj/amd64-linux.gcc-sniper/CMakeFiles/CMakeTmp'
make[3]: *** [CMakeFiles/cmTryCompileExec.dir/build.make:56: CMakeFiles/cmTryCompileExec.dir/src.c.o] Error 1
make[2]: *** [Makefile:111: cmTryCompileExec/fast] Error 2
make[2]: Leaving directory '/data/marg/abhishek/CoMeT/benchmarks/parsec/parsec-2.1/pkgs/tools/cmake/obj/amd64-linux.gcc-sniper/CMakeFiles/CMakeTmp'

Source file was:
#define __unused1
#undef inline
#define __unused2

#include <sys/types.h>
#include <sys/socket.h>
extern int  recv(SOCKET, char *, unsigned int, int);
#define __unused5 1

int main() { 
                    SOCKET s=0;
                    char * buf=0;
                    unsigned int len=0;
                    int flags=0;
                    int res = recv(s, buf, len, flags) ; return 0; }
Performing C SOURCE FILE Test int recv(SOCKET, char *, unsigned int, unsigned int) (curl_cv_func_recv_test) failed with the following output:
Change Dir: /data/marg/abhishek/CoMeT/benchmarks/parsec/parsec-2.1/pkgs/tools/cmake/obj/amd64-linux.gcc-sniper/CMakeFiles/CMakeTmp

Run Build Command:/usr/bin/make "cmTryCompileExec/fast"
make[2]: Entering directory '/data/marg/abhishek/CoMeT/benchmarks/parsec/parsec-2.1/pkgs/tools/cmake/obj/amd64-linux.gcc-sniper/CMakeFiles/CMakeTmp'
/usr/bin/make -f CMakeFiles/cmTryCompileExec.dir/build.make CMakeFiles/cmTryCompileExec.dir/build
make[3]: Entering directory '/data/marg/abhishek/CoMeT/benchmarks/parsec/parsec-2.1/pkgs/tools/cmake/obj/amd64-linux.gcc-sniper/CMakeFiles/CMakeTmp'
/data/marg/abhishek/CoMeT/benchmarks/parsec/parsec-2.1/pkgs/tools/cmake/obj/amd64-linux.gcc-sniper/Bootstrap.cmk/cmake -E cmake_progress_report /data/marg/abhishek/CoMeT/benchmarks/parsec/parsec-2.1/pkgs/tools/cmake/obj/amd64-linux.gcc-sniper/CMakeFiles/CMakeTmp/CMakeFiles 1
Building C object CMakeFiles/cmTryCompileExec.dir/src.c.o
/usr/bin/gcc   -O3 -funroll-loops -fprefetch-loop-arrays -static-libgcc -Wl,--hash-style=both,--as-needed -DPARSEC_VERSION=2.1 -DENABLE_PARSEC_HOOKS -I/data/marg/abhishek/CoMeT/benchmarks/parsec/parsec-2.1/pkgs/libs/hooks/inst/amd64-linux.gcc-sniper/include -I/data/marg/abhishek/CoMeT/benchmarks/tools/hooks -I/data/marg/abhishek/CoMeT/include -DENABLE_PARMACS   -Dcurl_cv_func_recv_test   -o CMakeFiles/cmTryCompileExec.dir/src.c.o   -c /data/marg/abhishek/CoMeT/benchmarks/parsec/parsec-2.1/pkgs/tools/cmake/obj/amd64-linux.gcc-sniper/CMakeFiles/CMakeTmp/src.c
/data/marg/abhishek/CoMeT/benchmarks/parsec/parsec-2.1/pkgs/tools/cmake/obj/amd64-linux.gcc-sniper/CMakeFiles/CMakeTmp/src.c:7:25: error: expected ‘)’ before ‘char’
    7 | extern int  recv(SOCKET, char *, unsigned int, unsigned int);
      |                         ^~~~~
      |                         )
/data/marg/abhishek/CoMeT/benchmarks/parsec/parsec-2.1/pkgs/tools/cmake/obj/amd64-linux.gcc-sniper/CMakeFiles/CMakeTmp/src.c: In function ‘main’:
/data/marg/abhishek/CoMeT/benchmarks/parsec/parsec-2.1/pkgs/tools/cmake/obj/amd64-linux.gcc-sniper/CMakeFiles/CMakeTmp/src.c:11:21: error: unknown type name ‘SOCKET’
   11 |                     SOCKET s=0;
      |                     ^~~~~~
make[3]: Leaving directory '/data/marg/abhishek/CoMeT/benchmarks/parsec/parsec-2.1/pkgs/tools/cmake/obj/amd64-linux.gcc-sniper/CMakeFiles/CMakeTmp'
make[3]: *** [CMakeFiles/cmTryCompileExec.dir/build.make:56: CMakeFiles/cmTryCompileExec.dir/src.c.o] Error 1
make[2]: *** [Makefile:111: cmTryCompileExec/fast] Error 2
make[2]: Leaving directory '/data/marg/abhishek/CoMeT/benchmarks/parsec/parsec-2.1/pkgs/tools/cmake/obj/amd64-linux.gcc-sniper/CMakeFiles/CMakeTmp'

Source file was:
#define __unused1
#undef inline
#define __unused2

#include <sys/types.h>
#include <sys/socket.h>
extern int  recv(SOCKET, char *, unsigned int, unsigned int);
#define __unused5 1

int main() { 
                    SOCKET s=0;
                    char * buf=0;
                    unsigned int len=0;
                    unsigned int flags=0;
                    int res = recv(s, buf, len, flags) ; return 0; }
Performing C SOURCE FILE Test int send(int, const void *, size_t, int) (curl_cv_func_send_test) failed with the following output:
Change Dir: /data/marg/abhishek/CoMeT/benchmarks/parsec/parsec-2.1/pkgs/tools/cmake/obj/amd64-linux.gcc-sniper/CMakeFiles/CMakeTmp

Run Build Command:/usr/bin/make "cmTryCompileExec/fast"
make[2]: Entering directory '/data/marg/abhishek/CoMeT/benchmarks/parsec/parsec-2.1/pkgs/tools/cmake/obj/amd64-linux.gcc-sniper/CMakeFiles/CMakeTmp'
/usr/bin/make -f CMakeFiles/cmTryCompileExec.dir/build.make CMakeFiles/cmTryCompileExec.dir/build
make[3]: Entering directory '/data/marg/abhishek/CoMeT/benchmarks/parsec/parsec-2.1/pkgs/tools/cmake/obj/amd64-linux.gcc-sniper/CMakeFiles/CMakeTmp'
/data/marg/abhishek/CoMeT/benchmarks/parsec/parsec-2.1/pkgs/tools/cmake/obj/amd64-linux.gcc-sniper/Bootstrap.cmk/cmake -E cmake_progress_report /data/marg/abhishek/CoMeT/benchmarks/parsec/parsec-2.1/pkgs/tools/cmake/obj/amd64-linux.gcc-sniper/CMakeFiles/CMakeTmp/CMakeFiles 1
Building C object CMakeFiles/cmTryCompileExec.dir/src.c.o
/usr/bin/gcc   -O3 -funroll-loops -fprefetch-loop-arrays -static-libgcc -Wl,--hash-style=both,--as-needed -DPARSEC_VERSION=2.1 -DENABLE_PARSEC_HOOKS -I/data/marg/abhishek/CoMeT/benchmarks/parsec/parsec-2.1/pkgs/libs/hooks/inst/amd64-linux.gcc-sniper/include -I/data/marg/abhishek/CoMeT/benchmarks/tools/hooks -I/data/marg/abhishek/CoMeT/include -DENABLE_PARMACS   -Dcurl_cv_func_send_test   -o CMakeFiles/cmTryCompileExec.dir/src.c.o   -c /data/marg/abhishek/CoMeT/benchmarks/parsec/parsec-2.1/pkgs/tools/cmake/obj/amd64-linux.gcc-sniper/CMakeFiles/CMakeTmp/src.c
/data/marg/abhishek/CoMeT/benchmarks/parsec/parsec-2.1/pkgs/tools/cmake/obj/amd64-linux.gcc-sniper/CMakeFiles/CMakeTmp/src.c:7:13: error: conflicting types for ‘send’
    7 | extern int  send(int, const void *, size_t, int);
      |             ^~~~
In file included from /data/marg/abhishek/CoMeT/benchmarks/parsec/parsec-2.1/pkgs/tools/cmake/obj/amd64-linux.gcc-sniper/CMakeFiles/CMakeTmp/src.c:6:
/usr/include/x86_64-linux-gnu/sys/socket.h:138:16: note: previous declaration of ‘send’ was here
  138 | extern ssize_t send (int __fd, const void *__buf, size_t __n, int __flags);
      |                ^~~~
make[3]: Leaving directory '/data/marg/abhishek/CoMeT/benchmarks/parsec/parsec-2.1/pkgs/tools/cmake/obj/amd64-linux.gcc-sniper/CMakeFiles/CMakeTmp'
make[3]: *** [CMakeFiles/cmTryCompileExec.dir/build.make:56: CMakeFiles/cmTryCompileExec.dir/src.c.o] Error 1
make[2]: *** [Makefile:111: cmTryCompileExec/fast] Error 2
make[2]: Leaving directory '/data/marg/abhishek/CoMeT/benchmarks/parsec/parsec-2.1/pkgs/tools/cmake/obj/amd64-linux.gcc-sniper/CMakeFiles/CMakeTmp'

Source file was:
#define __unused1
#undef inline
#define __unused2

#include <sys/types.h>
#include <sys/socket.h>
extern int  send(int, const void *, size_t, int);
#define __unused5 1

int main() { 
                    int s=0;
                    const void * buf=0;
                    size_t len=0;
                    int flags=0;
                    int res = send(s, buf, len, flags) ; return 0; }
Performing C SOURCE FILE Test int send(int, const void *, size_t, unsigned int) (curl_cv_func_send_test) failed with the following output:
Change Dir: /data/marg/abhishek/CoMeT/benchmarks/parsec/parsec-2.1/pkgs/tools/cmake/obj/amd64-linux.gcc-sniper/CMakeFiles/CMakeTmp

Run Build Command:/usr/bin/make "cmTryCompileExec/fast"
make[2]: Entering directory '/data/marg/abhishek/CoMeT/benchmarks/parsec/parsec-2.1/pkgs/tools/cmake/obj/amd64-linux.gcc-sniper/CMakeFiles/CMakeTmp'
/usr/bin/make -f CMakeFiles/cmTryCompileExec.dir/build.make CMakeFiles/cmTryCompileExec.dir/build
make[3]: Entering directory '/data/marg/abhishek/CoMeT/benchmarks/parsec/parsec-2.1/pkgs/tools/cmake/obj/amd64-linux.gcc-sniper/CMakeFiles/CMakeTmp'
/data/marg/abhishek/CoMeT/benchmarks/parsec/parsec-2.1/pkgs/tools/cmake/obj/amd64-linux.gcc-sniper/Bootstrap.cmk/cmake -E cmake_progress_report /data/marg/abhishek/CoMeT/benchmarks/parsec/parsec-2.1/pkgs/tools/cmake/obj/amd64-linux.gcc-sniper/CMakeFiles/CMakeTmp/CMakeFiles 1
Building C object CMakeFiles/cmTryCompileExec.dir/src.c.o
/usr/bin/gcc   -O3 -funroll-loops -fprefetch-loop-arrays -static-libgcc -Wl,--hash-style=both,--as-needed -DPARSEC_VERSION=2.1 -DENABLE_PARSEC_HOOKS -I/data/marg/abhishek/CoMeT/benchmarks/parsec/parsec-2.1/pkgs/libs/hooks/inst/amd64-linux.gcc-sniper/include -I/data/marg/abhishek/CoMeT/benchmarks/tools/hooks -I/data/marg/abhishek/CoMeT/include -DENABLE_PARMACS   -Dcurl_cv_func_send_test   -o CMakeFiles/cmTryCompileExec.dir/src.c.o   -c /data/marg/abhishek/CoMeT/benchmarks/parsec/parsec-2.1/pkgs/tools/cmake/obj/amd64-linux.gcc-sniper/CMakeFiles/CMakeTmp/src.c
/data/marg/abhishek/CoMeT/benchmarks/parsec/parsec-2.1/pkgs/tools/cmake/obj/amd64-linux.gcc-sniper/CMakeFiles/CMakeTmp/src.c:7:13: error: conflicting types for ‘send’
    7 | extern int  send(int, const void *, size_t, unsigned int);
      |             ^~~~
In file included from /data/marg/abhishek/CoMeT/benchmarks/parsec/parsec-2.1/pkgs/tools/cmake/obj/amd64-linux.gcc-sniper/CMakeFiles/CMakeTmp/src.c:6:
/usr/include/x86_64-linux-gnu/sys/socket.h:138:16: note: previous declaration of ‘send’ was here
  138 | extern ssize_t send (int __fd, const void *__buf, size_t __n, int __flags);
      |                ^~~~
make[3]: Leaving directory '/data/marg/abhishek/CoMeT/benchmarks/parsec/parsec-2.1/pkgs/tools/cmake/obj/amd64-linux.gcc-sniper/CMakeFiles/CMakeTmp'
make[3]: *** [CMakeFiles/cmTryCompileExec.dir/build.make:56: CMakeFiles/cmTryCompileExec.dir/src.c.o] Error 1
make[2]: *** [Makefile:111: cmTryCompileExec/fast] Error 2
make[2]: Leaving directory '/data/marg/abhishek/CoMeT/benchmarks/parsec/parsec-2.1/pkgs/tools/cmake/obj/amd64-linux.gcc-sniper/CMakeFiles/CMakeTmp'

Source file was:
#define __unused1
#undef inline
#define __unused2

#include <sys/types.h>
#include <sys/socket.h>
extern int  send(int, const void *, size_t, unsigned int);
#define __unused5 1

int main() { 
                    int s=0;
                    const void * buf=0;
                    size_t len=0;
                    unsigned int flags=0;
                    int res = send(s, buf, len, flags) ; return 0; }
Performing C SOURCE FILE Test int send(int, const void *, int, int) (curl_cv_func_send_test) failed with the following output:
Change Dir: /data/marg/abhishek/CoMeT/benchmarks/parsec/parsec-2.1/pkgs/tools/cmake/obj/amd64-linux.gcc-sniper/CMakeFiles/CMakeTmp

Run Build Command:/usr/bin/make "cmTryCompileExec/fast"
make[2]: Entering directory '/data/marg/abhishek/CoMeT/benchmarks/parsec/parsec-2.1/pkgs/tools/cmake/obj/amd64-linux.gcc-sniper/CMakeFiles/CMakeTmp'
/usr/bin/make -f CMakeFiles/cmTryCompileExec.dir/build.make CMakeFiles/cmTryCompileExec.dir/build
make[3]: Entering directory '/data/marg/abhishek/CoMeT/benchmarks/parsec/parsec-2.1/pkgs/tools/cmake/obj/amd64-linux.gcc-sniper/CMakeFiles/CMakeTmp'
/data/marg/abhishek/CoMeT/benchmarks/parsec/parsec-2.1/pkgs/tools/cmake/obj/amd64-linux.gcc-sniper/Bootstrap.cmk/cmake -E cmake_progress_report /data/marg/abhishek/CoMeT/benchmarks/parsec/parsec-2.1/pkgs/tools/cmake/obj/amd64-linux.gcc-sniper/CMakeFiles/CMakeTmp/CMakeFiles 1
Building C object CMakeFiles/cmTryCompileExec.dir/src.c.o
/usr/bin/gcc   -O3 -funroll-loops -fprefetch-loop-arrays -static-libgcc -Wl,--hash-style=both,--as-needed -DPARSEC_VERSION=2.1 -DENABLE_PARSEC_HOOKS -I/data/marg/abhishek/CoMeT/benchmarks/parsec/parsec-2.1/pkgs/libs/hooks/inst/amd64-linux.gcc-sniper/include -I/data/marg/abhishek/CoMeT/benchmarks/tools/hooks -I/data/marg/abhishek/CoMeT/include -DENABLE_PARMACS   -Dcurl_cv_func_send_test   -o CMakeFiles/cmTryCompileExec.dir/src.c.o   -c /data/marg/abhishek/CoMeT/benchmarks/parsec/parsec-2.1/pkgs/tools/cmake/obj/amd64-linux.gcc-sniper/CMakeFiles/CMakeTmp/src.c
/data/marg/abhishek/CoMeT/benchmarks/parsec/parsec-2.1/pkgs/tools/cmake/obj/amd64-linux.gcc-sniper/CMakeFiles/CMakeTmp/src.c:7:13: error: conflicting types for ‘send’
    7 | extern int  send(int, const void *, int, int);
      |             ^~~~
In file included from /data/marg/abhishek/CoMeT/benchmarks/parsec/parsec-2.1/pkgs/tools/cmake/obj/amd64-linux.gcc-sniper/CMakeFiles/CMakeTmp/src.c:6:
/usr/include/x86_64-linux-gnu/sys/socket.h:138:16: note: previous declaration of ‘send’ was here
  138 | extern ssize_t send (int __fd, const void *__buf, size_t __n, int __flags);
      |                ^~~~
make[3]: Leaving directory '/data/marg/abhishek/CoMeT/benchmarks/parsec/parsec-2.1/pkgs/tools/cmake/obj/amd64-linux.gcc-sniper/CMakeFiles/CMakeTmp'
make[3]: *** [CMakeFiles/cmTryCompileExec.dir/build.make:56: CMakeFiles/cmTryCompileExec.dir/src.c.o] Error 1
make[2]: *** [Makefile:111: cmTryCompileExec/fast] Error 2
make[2]: Leaving directory '/data/marg/abhishek/CoMeT/benchmarks/parsec/parsec-2.1/pkgs/tools/cmake/obj/amd64-linux.gcc-sniper/CMakeFiles/CMakeTmp'

Source file was:
#define __unused1
#undef inline
#define __unused2

#include <sys/types.h>
#include <sys/socket.h>
extern int  send(int, const void *, int, int);
#define __unused5 1

int main() { 
                    int s=0;
                    const void * buf=0;
                    int len=0;
                    int flags=0;
                    int res = send(s, buf, len, flags) ; return 0; }
Performing C SOURCE FILE Test int send(int, const void *, int, unsigned int) (curl_cv_func_send_test) failed with the following output:
Change Dir: /data/marg/abhishek/CoMeT/benchmarks/parsec/parsec-2.1/pkgs/tools/cmake/obj/amd64-linux.gcc-sniper/CMakeFiles/CMakeTmp

Run Build Command:/usr/bin/make "cmTryCompileExec/fast"
make[2]: Entering directory '/data/marg/abhishek/CoMeT/benchmarks/parsec/parsec-2.1/pkgs/tools/cmake/obj/amd64-linux.gcc-sniper/CMakeFiles/CMakeTmp'
/usr/bin/make -f CMakeFiles/cmTryCompileExec.dir/build.make CMakeFiles/cmTryCompileExec.dir/build
make[3]: Entering directory '/data/marg/abhishek/CoMeT/benchmarks/parsec/parsec-2.1/pkgs/tools/cmake/obj/amd64-linux.gcc-sniper/CMakeFiles/CMakeTmp'
/data/marg/abhishek/CoMeT/benchmarks/parsec/parsec-2.1/pkgs/tools/cmake/obj/amd64-linux.gcc-sniper/Bootstrap.cmk/cmake -E cmake_progress_report /data/marg/abhishek/CoMeT/benchmarks/parsec/parsec-2.1/pkgs/tools/cmake/obj/amd64-linux.gcc-sniper/CMakeFiles/CMakeTmp/CMakeFiles 1
Building C object CMakeFiles/cmTryCompileExec.dir/src.c.o
/usr/bin/gcc   -O3 -funroll-loops -fprefetch-loop-arrays -static-libgcc -Wl,--hash-style=both,--as-needed -DPARSEC_VERSION=2.1 -DENABLE_PARSEC_HOOKS -I/data/marg/abhishek/CoMeT/benchmarks/parsec/parsec-2.1/pkgs/libs/hooks/inst/amd64-linux.gcc-sniper/include -I/data/marg/abhishek/CoMeT/benchmarks/tools/hooks -I/data/marg/abhishek/CoMeT/include -DENABLE_PARMACS   -Dcurl_cv_func_send_test   -o CMakeFiles/cmTryCompileExec.dir/src.c.o   -c /data/marg/abhishek/CoMeT/benchmarks/parsec/parsec-2.1/pkgs/tools/cmake/obj/amd64-linux.gcc-sniper/CMakeFiles/CMakeTmp/src.c
/data/marg/abhishek/CoMeT/benchmarks/parsec/parsec-2.1/pkgs/tools/cmake/obj/amd64-linux.gcc-sniper/CMakeFiles/CMakeTmp/src.c:7:13: error: conflicting types for ‘send’
    7 | extern int  send(int, const void *, int, unsigned int);
      |             ^~~~
In file included from /data/marg/abhishek/CoMeT/benchmarks/parsec/parsec-2.1/pkgs/tools/cmake/obj/amd64-linux.gcc-sniper/CMakeFiles/CMakeTmp/src.c:6:
/usr/include/x86_64-linux-gnu/sys/socket.h:138:16: note: previous declaration of ‘send’ was here
  138 | extern ssize_t send (int __fd, const void *__buf, size_t __n, int __flags);
      |                ^~~~
make[3]: Leaving directory '/data/marg/abhishek/CoMeT/benchmarks/parsec/parsec-2.1/pkgs/tools/cmake/obj/amd64-linux.gcc-sniper/CMakeFiles/CMakeTmp'
make[3]: *** [CMakeFiles/cmTryCompileExec.dir/build.make:56: CMakeFiles/cmTryCompileExec.dir/src.c.o] Error 1
make[2]: *** [Makefile:111: cmTryCompileExec/fast] Error 2
make[2]: Leaving directory '/data/marg/abhishek/CoMeT/benchmarks/parsec/parsec-2.1/pkgs/tools/cmake/obj/amd64-linux.gcc-sniper/CMakeFiles/CMakeTmp'

Source file was:
#define __unused1
#undef inline
#define __unused2

#include <sys/types.h>
#include <sys/socket.h>
extern int  send(int, const void *, int, unsigned int);
#define __unused5 1

int main() { 
                    int s=0;
                    const void * buf=0;
                    int len=0;
                    unsigned int flags=0;
                    int res = send(s, buf, len, flags) ; return 0; }
Performing C SOURCE FILE Test int send(int, const void *, socklen_t, int) (curl_cv_func_send_test) failed with the following output:
Change Dir: /data/marg/abhishek/CoMeT/benchmarks/parsec/parsec-2.1/pkgs/tools/cmake/obj/amd64-linux.gcc-sniper/CMakeFiles/CMakeTmp

Run Build Command:/usr/bin/make "cmTryCompileExec/fast"
make[2]: Entering directory '/data/marg/abhishek/CoMeT/benchmarks/parsec/parsec-2.1/pkgs/tools/cmake/obj/amd64-linux.gcc-sniper/CMakeFiles/CMakeTmp'
/usr/bin/make -f CMakeFiles/cmTryCompileExec.dir/build.make CMakeFiles/cmTryCompileExec.dir/build
make[3]: Entering directory '/data/marg/abhishek/CoMeT/benchmarks/parsec/parsec-2.1/pkgs/tools/cmake/obj/amd64-linux.gcc-sniper/CMakeFiles/CMakeTmp'
/data/marg/abhishek/CoMeT/benchmarks/parsec/parsec-2.1/pkgs/tools/cmake/obj/amd64-linux.gcc-sniper/Bootstrap.cmk/cmake -E cmake_progress_report /data/marg/abhishek/CoMeT/benchmarks/parsec/parsec-2.1/pkgs/tools/cmake/obj/amd64-linux.gcc-sniper/CMakeFiles/CMakeTmp/CMakeFiles 1
Building C object CMakeFiles/cmTryCompileExec.dir/src.c.o
/usr/bin/gcc   -O3 -funroll-loops -fprefetch-loop-arrays -static-libgcc -Wl,--hash-style=both,--as-needed -DPARSEC_VERSION=2.1 -DENABLE_PARSEC_HOOKS -I/data/marg/abhishek/CoMeT/benchmarks/parsec/parsec-2.1/pkgs/libs/hooks/inst/amd64-linux.gcc-sniper/include -I/data/marg/abhishek/CoMeT/benchmarks/tools/hooks -I/data/marg/abhishek/CoMeT/include -DENABLE_PARMACS   -Dcurl_cv_func_send_test   -o CMakeFiles/cmTryCompileExec.dir/src.c.o   -c /data/marg/abhishek/CoMeT/benchmarks/parsec/parsec-2.1/pkgs/tools/cmake/obj/amd64-linux.gcc-sniper/CMakeFiles/CMakeTmp/src.c
/data/marg/abhishek/CoMeT/benchmarks/parsec/parsec-2.1/pkgs/tools/cmake/obj/amd64-linux.gcc-sniper/CMakeFiles/CMakeTmp/src.c:7:13: error: conflicting types for ‘send’
    7 | extern int  send(int, const void *, socklen_t, int);
      |             ^~~~
In file included from /data/marg/abhishek/CoMeT/benchmarks/parsec/parsec-2.1/pkgs/tools/cmake/obj/amd64-linux.gcc-sniper/CMakeFiles/CMakeTmp/src.c:6:
/usr/include/x86_64-linux-gnu/sys/socket.h:138:16: note: previous declaration of ‘send’ was here
  138 | extern ssize_t send (int __fd, const void *__buf, size_t __n, int __flags);
      |                ^~~~
make[3]: Leaving directory '/data/marg/abhishek/CoMeT/benchmarks/parsec/parsec-2.1/pkgs/tools/cmake/obj/amd64-linux.gcc-sniper/CMakeFiles/CMakeTmp'
make[3]: *** [CMakeFiles/cmTryCompileExec.dir/build.make:56: CMakeFiles/cmTryCompileExec.dir/src.c.o] Error 1
make[2]: *** [Makefile:111: cmTryCompileExec/fast] Error 2
make[2]: Leaving directory '/data/marg/abhishek/CoMeT/benchmarks/parsec/parsec-2.1/pkgs/tools/cmake/obj/amd64-linux.gcc-sniper/CMakeFiles/CMakeTmp'

Source file was:
#define __unused1
#undef inline
#define __unused2

#include <sys/types.h>
#include <sys/socket.h>
extern int  send(int, const void *, socklen_t, int);
#define __unused5 1

int main() { 
                    int s=0;
                    const void * buf=0;
                    socklen_t len=0;
                    int flags=0;
                    int res = send(s, buf, len, flags) ; return 0; }
Performing C SOURCE FILE Test int send(int, const void *, socklen_t, unsigned int) (curl_cv_func_send_test) failed with the following output:
Change Dir: /data/marg/abhishek/CoMeT/benchmarks/parsec/parsec-2.1/pkgs/tools/cmake/obj/amd64-linux.gcc-sniper/CMakeFiles/CMakeTmp

Run Build Command:/usr/bin/make "cmTryCompileExec/fast"
make[2]: Entering directory '/data/marg/abhishek/CoMeT/benchmarks/parsec/parsec-2.1/pkgs/tools/cmake/obj/amd64-linux.gcc-sniper/CMakeFiles/CMakeTmp'
/usr/bin/make -f CMakeFiles/cmTryCompileExec.dir/build.make CMakeFiles/cmTryCompileExec.dir/build
make[3]: Entering directory '/data/marg/abhishek/CoMeT/benchmarks/parsec/parsec-2.1/pkgs/tools/cmake/obj/amd64-linux.gcc-sniper/CMakeFiles/CMakeTmp'
/data/marg/abhishek/CoMeT/benchmarks/parsec/parsec-2.1/pkgs/tools/cmake/obj/amd64-linux.gcc-sniper/Bootstrap.cmk/cmake -E cmake_progress_report /data/marg/abhishek/CoMeT/benchmarks/parsec/parsec-2.1/pkgs/tools/cmake/obj/amd64-linux.gcc-sniper/CMakeFiles/CMakeTmp/CMakeFiles 1
Building C object CMakeFiles/cmTryCompileExec.dir/src.c.o
/usr/bin/gcc   -O3 -funroll-loops -fprefetch-loop-arrays -static-libgcc -Wl,--hash-style=both,--as-needed -DPARSEC_VERSION=2.1 -DENABLE_PARSEC_HOOKS -I/data/marg/abhishek/CoMeT/benchmarks/parsec/parsec-2.1/pkgs/libs/hooks/inst/amd64-linux.gcc-sniper/include -I/data/marg/abhishek/CoMeT/benchmarks/tools/hooks -I/data/marg/abhishek/CoMeT/include -DENABLE_PARMACS   -Dcurl_cv_func_send_test   -o CMakeFiles/cmTryCompileExec.dir/src.c.o   -c /data/marg/abhishek/CoMeT/benchmarks/parsec/parsec-2.1/pkgs/tools/cmake/obj/amd64-linux.gcc-sniper/CMakeFiles/CMakeTmp/src.c
/data/marg/abhishek/CoMeT/benchmarks/parsec/parsec-2.1/pkgs/tools/cmake/obj/amd64-linux.gcc-sniper/CMakeFiles/CMakeTmp/src.c:7:13: error: conflicting types for ‘send’
    7 | extern int  send(int, const void *, socklen_t, unsigned int);
      |             ^~~~
In file included from /data/marg/abhishek/CoMeT/benchmarks/parsec/parsec-2.1/pkgs/tools/cmake/obj/amd64-linux.gcc-sniper/CMakeFiles/CMakeTmp/src.c:6:
/usr/include/x86_64-linux-gnu/sys/socket.h:138:16: note: previous declaration of ‘send’ was here
  138 | extern ssize_t send (int __fd, const void *__buf, size_t __n, int __flags);
      |                ^~~~
make[3]: Leaving directory '/data/marg/abhishek/CoMeT/benchmarks/parsec/parsec-2.1/pkgs/tools/cmake/obj/amd64-linux.gcc-sniper/CMakeFiles/CMakeTmp'
make[3]: *** [CMakeFiles/cmTryCompileExec.dir/build.make:56: CMakeFiles/cmTryCompileExec.dir/src.c.o] Error 1
make[2]: *** [Makefile:111: cmTryCompileExec/fast] Error 2
make[2]: Leaving directory '/data/marg/abhishek/CoMeT/benchmarks/parsec/parsec-2.1/pkgs/tools/cmake/obj/amd64-linux.gcc-sniper/CMakeFiles/CMakeTmp'

Source file was:
#define __unused1
#undef inline
#define __unused2

#include <sys/types.h>
#include <sys/socket.h>
extern int  send(int, const void *, socklen_t, unsigned int);
#define __unused5 1

int main() { 
                    int s=0;
                    const void * buf=0;
                    socklen_t len=0;
                    unsigned int flags=0;
                    int res = send(s, buf, len, flags) ; return 0; }
Performing C SOURCE FILE Test int send(int, const void *, unsigned int, int) (curl_cv_func_send_test) failed with the following output:
Change Dir: /data/marg/abhishek/CoMeT/benchmarks/parsec/parsec-2.1/pkgs/tools/cmake/obj/amd64-linux.gcc-sniper/CMakeFiles/CMakeTmp

Run Build Command:/usr/bin/make "cmTryCompileExec/fast"
make[2]: Entering directory '/data/marg/abhishek/CoMeT/benchmarks/parsec/parsec-2.1/pkgs/tools/cmake/obj/amd64-linux.gcc-sniper/CMakeFiles/CMakeTmp'
/usr/bin/make -f CMakeFiles/cmTryCompileExec.dir/build.make CMakeFiles/cmTryCompileExec.dir/build
make[3]: Entering directory '/data/marg/abhishek/CoMeT/benchmarks/parsec/parsec-2.1/pkgs/tools/cmake/obj/amd64-linux.gcc-sniper/CMakeFiles/CMakeTmp'
/data/marg/abhishek/CoMeT/benchmarks/parsec/parsec-2.1/pkgs/tools/cmake/obj/amd64-linux.gcc-sniper/Bootstrap.cmk/cmake -E cmake_progress_report /data/marg/abhishek/CoMeT/benchmarks/parsec/parsec-2.1/pkgs/tools/cmake/obj/amd64-linux.gcc-sniper/CMakeFiles/CMakeTmp/CMakeFiles 1
Building C object CMakeFiles/cmTryCompileExec.dir/src.c.o
/usr/bin/gcc   -O3 -funroll-loops -fprefetch-loop-arrays -static-libgcc -Wl,--hash-style=both,--as-needed -DPARSEC_VERSION=2.1 -DENABLE_PARSEC_HOOKS -I/data/marg/abhishek/CoMeT/benchmarks/parsec/parsec-2.1/pkgs/libs/hooks/inst/amd64-linux.gcc-sniper/include -I/data/marg/abhishek/CoMeT/benchmarks/tools/hooks -I/data/marg/abhishek/CoMeT/include -DENABLE_PARMACS   -Dcurl_cv_func_send_test   -o CMakeFiles/cmTryCompileExec.dir/src.c.o   -c /data/marg/abhishek/CoMeT/benchmarks/parsec/parsec-2.1/pkgs/tools/cmake/obj/amd64-linux.gcc-sniper/CMakeFiles/CMakeTmp/src.c
/data/marg/abhishek/CoMeT/benchmarks/parsec/parsec-2.1/pkgs/tools/cmake/obj/amd64-linux.gcc-sniper/CMakeFiles/CMakeTmp/src.c:7:13: error: conflicting types for ‘send’
    7 | extern int  send(int, const void *, unsigned int, int);
      |             ^~~~
In file included from /data/marg/abhishek/CoMeT/benchmarks/parsec/parsec-2.1/pkgs/tools/cmake/obj/amd64-linux.gcc-sniper/CMakeFiles/CMakeTmp/src.c:6:
/usr/include/x86_64-linux-gnu/sys/socket.h:138:16: note: previous declaration of ‘send’ was here
  138 | extern ssize_t send (int __fd, const void *__buf, size_t __n, int __flags);
      |                ^~~~
make[3]: Leaving directory '/data/marg/abhishek/CoMeT/benchmarks/parsec/parsec-2.1/pkgs/tools/cmake/obj/amd64-linux.gcc-sniper/CMakeFiles/CMakeTmp'
make[3]: *** [CMakeFiles/cmTryCompileExec.dir/build.make:56: CMakeFiles/cmTryCompileExec.dir/src.c.o] Error 1
make[2]: *** [Makefile:111: cmTryCompileExec/fast] Error 2
make[2]: Leaving directory '/data/marg/abhishek/CoMeT/benchmarks/parsec/parsec-2.1/pkgs/tools/cmake/obj/amd64-linux.gcc-sniper/CMakeFiles/CMakeTmp'

Source file was:
#define __unused1
#undef inline
#define __unused2

#include <sys/types.h>
#include <sys/socket.h>
extern int  send(int, const void *, unsigned int, int);
#define __unused5 1

int main() { 
                    int s=0;
                    const void * buf=0;
                    unsigned int len=0;
                    int flags=0;
                    int res = send(s, buf, len, flags) ; return 0; }
Performing C SOURCE FILE Test int send(int, const void *, unsigned int, unsigned int) (curl_cv_func_send_test) failed with the following output:
Change Dir: /data/marg/abhishek/CoMeT/benchmarks/parsec/parsec-2.1/pkgs/tools/cmake/obj/amd64-linux.gcc-sniper/CMakeFiles/CMakeTmp

Run Build Command:/usr/bin/make "cmTryCompileExec/fast"
make[2]: Entering directory '/data/marg/abhishek/CoMeT/benchmarks/parsec/parsec-2.1/pkgs/tools/cmake/obj/amd64-linux.gcc-sniper/CMakeFiles/CMakeTmp'
/usr/bin/make -f CMakeFiles/cmTryCompileExec.dir/build.make CMakeFiles/cmTryCompileExec.dir/build
make[3]: Entering directory '/data/marg/abhishek/CoMeT/benchmarks/parsec/parsec-2.1/pkgs/tools/cmake/obj/amd64-linux.gcc-sniper/CMakeFiles/CMakeTmp'
/data/marg/abhishek/CoMeT/benchmarks/parsec/parsec-2.1/pkgs/tools/cmake/obj/amd64-linux.gcc-sniper/Bootstrap.cmk/cmake -E cmake_progress_report /data/marg/abhishek/CoMeT/benchmarks/parsec/parsec-2.1/pkgs/tools/cmake/obj/amd64-linux.gcc-sniper/CMakeFiles/CMakeTmp/CMakeFiles 1
Building C object CMakeFiles/cmTryCompileExec.dir/src.c.o
/usr/bin/gcc   -O3 -funroll-loops -fprefetch-loop-arrays -static-libgcc -Wl,--hash-style=both,--as-needed -DPARSEC_VERSION=2.1 -DENABLE_PARSEC_HOOKS -I/data/marg/abhishek/CoMeT/benchmarks/parsec/parsec-2.1/pkgs/libs/hooks/inst/amd64-linux.gcc-sniper/include -I/data/marg/abhishek/CoMeT/benchmarks/tools/hooks -I/data/marg/abhishek/CoMeT/include -DENABLE_PARMACS   -Dcurl_cv_func_send_test   -o CMakeFiles/cmTryCompileExec.dir/src.c.o   -c /data/marg/abhishek/CoMeT/benchmarks/parsec/parsec-2.1/pkgs/tools/cmake/obj/amd64-linux.gcc-sniper/CMakeFiles/CMakeTmp/src.c
/data/marg/abhishek/CoMeT/benchmarks/parsec/parsec-2.1/pkgs/tools/cmake/obj/amd64-linux.gcc-sniper/CMakeFiles/CMakeTmp/src.c:7:13: error: conflicting types for ‘send’
    7 | extern int  send(int, const void *, unsigned int, unsigned int);
      |             ^~~~
In file included from /data/marg/abhishek/CoMeT/benchmarks/parsec/parsec-2.1/pkgs/tools/cmake/obj/amd64-linux.gcc-sniper/CMakeFiles/CMakeTmp/src.c:6:
/usr/include/x86_64-linux-gnu/sys/socket.h:138:16: note: previous declaration of ‘send’ was here
  138 | extern ssize_t send (int __fd, const void *__buf, size_t __n, int __flags);
      |                ^~~~
make[3]: Leaving directory '/data/marg/abhishek/CoMeT/benchmarks/parsec/parsec-2.1/pkgs/tools/cmake/obj/amd64-linux.gcc-sniper/CMakeFiles/CMakeTmp'
make[3]: *** [CMakeFiles/cmTryCompileExec.dir/build.make:56: CMakeFiles/cmTryCompileExec.dir/src.c.o] Error 1
make[2]: *** [Makefile:111: cmTryCompileExec/fast] Error 2
make[2]: Leaving directory '/data/marg/abhishek/CoMeT/benchmarks/parsec/parsec-2.1/pkgs/tools/cmake/obj/amd64-linux.gcc-sniper/CMakeFiles/CMakeTmp'

Source file was:
#define __unused1
#undef inline
#define __unused2

#include <sys/types.h>
#include <sys/socket.h>
extern int  send(int, const void *, unsigned int, unsigned int);
#define __unused5 1

int main() { 
                    int s=0;
                    const void * buf=0;
                    unsigned int len=0;
                    unsigned int flags=0;
                    int res = send(s, buf, len, flags) ; return 0; }
Performing C SOURCE FILE Test int send(int, void *, size_t, int) (curl_cv_func_send_test) failed with the following output:
Change Dir: /data/marg/abhishek/CoMeT/benchmarks/parsec/parsec-2.1/pkgs/tools/cmake/obj/amd64-linux.gcc-sniper/CMakeFiles/CMakeTmp

Run Build Command:/usr/bin/make "cmTryCompileExec/fast"
make[2]: Entering directory '/data/marg/abhishek/CoMeT/benchmarks/parsec/parsec-2.1/pkgs/tools/cmake/obj/amd64-linux.gcc-sniper/CMakeFiles/CMakeTmp'
/usr/bin/make -f CMakeFiles/cmTryCompileExec.dir/build.make CMakeFiles/cmTryCompileExec.dir/build
make[3]: Entering directory '/data/marg/abhishek/CoMeT/benchmarks/parsec/parsec-2.1/pkgs/tools/cmake/obj/amd64-linux.gcc-sniper/CMakeFiles/CMakeTmp'
/data/marg/abhishek/CoMeT/benchmarks/parsec/parsec-2.1/pkgs/tools/cmake/obj/amd64-linux.gcc-sniper/Bootstrap.cmk/cmake -E cmake_progress_report /data/marg/abhishek/CoMeT/benchmarks/parsec/parsec-2.1/pkgs/tools/cmake/obj/amd64-linux.gcc-sniper/CMakeFiles/CMakeTmp/CMakeFiles 1
Building C object CMakeFiles/cmTryCompileExec.dir/src.c.o
/usr/bin/gcc   -O3 -funroll-loops -fprefetch-loop-arrays -static-libgcc -Wl,--hash-style=both,--as-needed -DPARSEC_VERSION=2.1 -DENABLE_PARSEC_HOOKS -I/data/marg/abhishek/CoMeT/benchmarks/parsec/parsec-2.1/pkgs/libs/hooks/inst/amd64-linux.gcc-sniper/include -I/data/marg/abhishek/CoMeT/benchmarks/tools/hooks -I/data/marg/abhishek/CoMeT/include -DENABLE_PARMACS   -Dcurl_cv_func_send_test   -o CMakeFiles/cmTryCompileExec.dir/src.c.o   -c /data/marg/abhishek/CoMeT/benchmarks/parsec/parsec-2.1/pkgs/tools/cmake/obj/amd64-linux.gcc-sniper/CMakeFiles/CMakeTmp/src.c
/data/marg/abhishek/CoMeT/benchmarks/parsec/parsec-2.1/pkgs/tools/cmake/obj/amd64-linux.gcc-sniper/CMakeFiles/CMakeTmp/src.c:7:13: error: conflicting types for ‘send’
    7 | extern int  send(int, void *, size_t, int);
      |             ^~~~
In file included from /data/marg/abhishek/CoMeT/benchmarks/parsec/parsec-2.1/pkgs/tools/cmake/obj/amd64-linux.gcc-sniper/CMakeFiles/CMakeTmp/src.c:6:
/usr/include/x86_64-linux-gnu/sys/socket.h:138:16: note: previous declaration of ‘send’ was here
  138 | extern ssize_t send (int __fd, const void *__buf, size_t __n, int __flags);
      |                ^~~~
make[3]: Leaving directory '/data/marg/abhishek/CoMeT/benchmarks/parsec/parsec-2.1/pkgs/tools/cmake/obj/amd64-linux.gcc-sniper/CMakeFiles/CMakeTmp'
make[3]: *** [CMakeFiles/cmTryCompileExec.dir/build.make:56: CMakeFiles/cmTryCompileExec.dir/src.c.o] Error 1
make[2]: *** [Makefile:111: cmTryCompileExec/fast] Error 2
make[2]: Leaving directory '/data/marg/abhishek/CoMeT/benchmarks/parsec/parsec-2.1/pkgs/tools/cmake/obj/amd64-linux.gcc-sniper/CMakeFiles/CMakeTmp'

Source file was:
#define __unused1
#undef inline
#define __unused2

#include <sys/types.h>
#include <sys/socket.h>
extern int  send(int, void *, size_t, int);
#define __unused5 1

int main() { 
                    int s=0;
                    void * buf=0;
                    size_t len=0;
                    int flags=0;
                    int res = send(s, buf, len, flags) ; return 0; }
Performing C SOURCE FILE Test int send(int, void *, size_t, unsigned int) (curl_cv_func_send_test) failed with the following output:
Change Dir: /data/marg/abhishek/CoMeT/benchmarks/parsec/parsec-2.1/pkgs/tools/cmake/obj/amd64-linux.gcc-sniper/CMakeFiles/CMakeTmp

Run Build Command:/usr/bin/make "cmTryCompileExec/fast"
make[2]: Entering directory '/data/marg/abhishek/CoMeT/benchmarks/parsec/parsec-2.1/pkgs/tools/cmake/obj/amd64-linux.gcc-sniper/CMakeFiles/CMakeTmp'
/usr/bin/make -f CMakeFiles/cmTryCompileExec.dir/build.make CMakeFiles/cmTryCompileExec.dir/build
make[3]: Entering directory '/data/marg/abhishek/CoMeT/benchmarks/parsec/parsec-2.1/pkgs/tools/cmake/obj/amd64-linux.gcc-sniper/CMakeFiles/CMakeTmp'
/data/marg/abhishek/CoMeT/benchmarks/parsec/parsec-2.1/pkgs/tools/cmake/obj/amd64-linux.gcc-sniper/Bootstrap.cmk/cmake -E cmake_progress_report /data/marg/abhishek/CoMeT/benchmarks/parsec/parsec-2.1/pkgs/tools/cmake/obj/amd64-linux.gcc-sniper/CMakeFiles/CMakeTmp/CMakeFiles 1
Building C object CMakeFiles/cmTryCompileExec.dir/src.c.o
/usr/bin/gcc   -O3 -funroll-loops -fprefetch-loop-arrays -static-libgcc -Wl,--hash-style=both,--as-needed -DPARSEC_VERSION=2.1 -DENABLE_PARSEC_HOOKS -I/data/marg/abhishek/CoMeT/benchmarks/parsec/parsec-2.1/pkgs/libs/hooks/inst/amd64-linux.gcc-sniper/include -I/data/marg/abhishek/CoMeT/benchmarks/tools/hooks -I/data/marg/abhishek/CoMeT/include -DENABLE_PARMACS   -Dcurl_cv_func_send_test   -o CMakeFiles/cmTryCompileExec.dir/src.c.o   -c /data/marg/abhishek/CoMeT/benchmarks/parsec/parsec-2.1/pkgs/tools/cmake/obj/amd64-linux.gcc-sniper/CMakeFiles/CMakeTmp/src.c
/data/marg/abhishek/CoMeT/benchmarks/parsec/parsec-2.1/pkgs/tools/cmake/obj/amd64-linux.gcc-sniper/CMakeFiles/CMakeTmp/src.c:7:13: error: conflicting types for ‘send’
    7 | extern int  send(int, void *, size_t, unsigned int);
      |             ^~~~
In file included from /data/marg/abhishek/CoMeT/benchmarks/parsec/parsec-2.1/pkgs/tools/cmake/obj/amd64-linux.gcc-sniper/CMakeFiles/CMakeTmp/src.c:6:
/usr/include/x86_64-linux-gnu/sys/socket.h:138:16: note: previous declaration of ‘send’ was here
  138 | extern ssize_t send (int __fd, const void *__buf, size_t __n, int __flags);
      |                ^~~~
make[3]: Leaving directory '/data/marg/abhishek/CoMeT/benchmarks/parsec/parsec-2.1/pkgs/tools/cmake/obj/amd64-linux.gcc-sniper/CMakeFiles/CMakeTmp'
make[3]: *** [CMakeFiles/cmTryCompileExec.dir/build.make:56: CMakeFiles/cmTryCompileExec.dir/src.c.o] Error 1
make[2]: *** [Makefile:111: cmTryCompileExec/fast] Error 2
make[2]: Leaving directory '/data/marg/abhishek/CoMeT/benchmarks/parsec/parsec-2.1/pkgs/tools/cmake/obj/amd64-linux.gcc-sniper/CMakeFiles/CMakeTmp'

Source file was:
#define __unused1
#undef inline
#define __unused2

#include <sys/types.h>
#include <sys/socket.h>
extern int  send(int, void *, size_t, unsigned int);
#define __unused5 1

int main() { 
                    int s=0;
                    void * buf=0;
                    size_t len=0;
                    unsigned int flags=0;
                    int res = send(s, buf, len, flags) ; return 0; }
Performing C SOURCE FILE Test int send(int, void *, int, int) (curl_cv_func_send_test) failed with the following output:
Change Dir: /data/marg/abhishek/CoMeT/benchmarks/parsec/parsec-2.1/pkgs/tools/cmake/obj/amd64-linux.gcc-sniper/CMakeFiles/CMakeTmp

Run Build Command:/usr/bin/make "cmTryCompileExec/fast"
make[2]: Entering directory '/data/marg/abhishek/CoMeT/benchmarks/parsec/parsec-2.1/pkgs/tools/cmake/obj/amd64-linux.gcc-sniper/CMakeFiles/CMakeTmp'
/usr/bin/make -f CMakeFiles/cmTryCompileExec.dir/build.make CMakeFiles/cmTryCompileExec.dir/build
make[3]: Entering directory '/data/marg/abhishek/CoMeT/benchmarks/parsec/parsec-2.1/pkgs/tools/cmake/obj/amd64-linux.gcc-sniper/CMakeFiles/CMakeTmp'
/data/marg/abhishek/CoMeT/benchmarks/parsec/parsec-2.1/pkgs/tools/cmake/obj/amd64-linux.gcc-sniper/Bootstrap.cmk/cmake -E cmake_progress_report /data/marg/abhishek/CoMeT/benchmarks/parsec/parsec-2.1/pkgs/tools/cmake/obj/amd64-linux.gcc-sniper/CMakeFiles/CMakeTmp/CMakeFiles 1
Building C object CMakeFiles/cmTryCompileExec.dir/src.c.o
/usr/bin/gcc   -O3 -funroll-loops -fprefetch-loop-arrays -static-libgcc -Wl,--hash-style=both,--as-needed -DPARSEC_VERSION=2.1 -DENABLE_PARSEC_HOOKS -I/data/marg/abhishek/CoMeT/benchmarks/parsec/parsec-2.1/pkgs/libs/hooks/inst/amd64-linux.gcc-sniper/include -I/data/marg/abhishek/CoMeT/benchmarks/tools/hooks -I/data/marg/abhishek/CoMeT/include -DENABLE_PARMACS   -Dcurl_cv_func_send_test   -o CMakeFiles/cmTryCompileExec.dir/src.c.o   -c /data/marg/abhishek/CoMeT/benchmarks/parsec/parsec-2.1/pkgs/tools/cmake/obj/amd64-linux.gcc-sniper/CMakeFiles/CMakeTmp/src.c
/data/marg/abhishek/CoMeT/benchmarks/parsec/parsec-2.1/pkgs/tools/cmake/obj/amd64-linux.gcc-sniper/CMakeFiles/CMakeTmp/src.c:7:13: error: conflicting types for ‘send’
    7 | extern int  send(int, void *, int, int);
      |             ^~~~
In file included from /data/marg/abhishek/CoMeT/benchmarks/parsec/parsec-2.1/pkgs/tools/cmake/obj/amd64-linux.gcc-sniper/CMakeFiles/CMakeTmp/src.c:6:
/usr/include/x86_64-linux-gnu/sys/socket.h:138:16: note: previous declaration of ‘send’ was here
  138 | extern ssize_t send (int __fd, const void *__buf, size_t __n, int __flags);
      |                ^~~~
make[3]: Leaving directory '/data/marg/abhishek/CoMeT/benchmarks/parsec/parsec-2.1/pkgs/tools/cmake/obj/amd64-linux.gcc-sniper/CMakeFiles/CMakeTmp'
make[3]: *** [CMakeFiles/cmTryCompileExec.dir/build.make:56: CMakeFiles/cmTryCompileExec.dir/src.c.o] Error 1
make[2]: Leaving directory '/data/marg/abhishek/CoMeT/benchmarks/parsec/parsec-2.1/pkgs/tools/cmake/obj/amd64-linux.gcc-sniper/CMakeFiles/CMakeTmp'
make[2]: *** [Makefile:111: cmTryCompileExec/fast] Error 2

Source file was:
#define __unused1
#undef inline
#define __unused2

#include <sys/types.h>
#include <sys/socket.h>
extern int  send(int, void *, int, int);
#define __unused5 1

int main() { 
                    int s=0;
                    void * buf=0;
                    int len=0;
                    int flags=0;
                    int res = send(s, buf, len, flags) ; return 0; }
Performing C SOURCE FILE Test int send(int, void *, int, unsigned int) (curl_cv_func_send_test) failed with the following output:
Change Dir: /data/marg/abhishek/CoMeT/benchmarks/parsec/parsec-2.1/pkgs/tools/cmake/obj/amd64-linux.gcc-sniper/CMakeFiles/CMakeTmp

Run Build Command:/usr/bin/make "cmTryCompileExec/fast"
make[2]: Entering directory '/data/marg/abhishek/CoMeT/benchmarks/parsec/parsec-2.1/pkgs/tools/cmake/obj/amd64-linux.gcc-sniper/CMakeFiles/CMakeTmp'
/usr/bin/make -f CMakeFiles/cmTryCompileExec.dir/build.make CMakeFiles/cmTryCompileExec.dir/build
make[3]: Entering directory '/data/marg/abhishek/CoMeT/benchmarks/parsec/parsec-2.1/pkgs/tools/cmake/obj/amd64-linux.gcc-sniper/CMakeFiles/CMakeTmp'
/data/marg/abhishek/CoMeT/benchmarks/parsec/parsec-2.1/pkgs/tools/cmake/obj/amd64-linux.gcc-sniper/Bootstrap.cmk/cmake -E cmake_progress_report /data/marg/abhishek/CoMeT/benchmarks/parsec/parsec-2.1/pkgs/tools/cmake/obj/amd64-linux.gcc-sniper/CMakeFiles/CMakeTmp/CMakeFiles 1
Building C object CMakeFiles/cmTryCompileExec.dir/src.c.o
/usr/bin/gcc   -O3 -funroll-loops -fprefetch-loop-arrays -static-libgcc -Wl,--hash-style=both,--as-needed -DPARSEC_VERSION=2.1 -DENABLE_PARSEC_HOOKS -I/data/marg/abhishek/CoMeT/benchmarks/parsec/parsec-2.1/pkgs/libs/hooks/inst/amd64-linux.gcc-sniper/include -I/data/marg/abhishek/CoMeT/benchmarks/tools/hooks -I/data/marg/abhishek/CoMeT/include -DENABLE_PARMACS   -Dcurl_cv_func_send_test   -o CMakeFiles/cmTryCompileExec.dir/src.c.o   -c /data/marg/abhishek/CoMeT/benchmarks/parsec/parsec-2.1/pkgs/tools/cmake/obj/amd64-linux.gcc-sniper/CMakeFiles/CMakeTmp/src.c
/data/marg/abhishek/CoMeT/benchmarks/parsec/parsec-2.1/pkgs/tools/cmake/obj/amd64-linux.gcc-sniper/CMakeFiles/CMakeTmp/src.c:7:13: error: conflicting types for ‘send’
    7 | extern int  send(int, void *, int, unsigned int);
      |             ^~~~
In file included from /data/marg/abhishek/CoMeT/benchmarks/parsec/parsec-2.1/pkgs/tools/cmake/obj/amd64-linux.gcc-sniper/CMakeFiles/CMakeTmp/src.c:6:
/usr/include/x86_64-linux-gnu/sys/socket.h:138:16: note: previous declaration of ‘send’ was here
  138 | extern ssize_t send (int __fd, const void *__buf, size_t __n, int __flags);
      |                ^~~~
make[3]: Leaving directory '/data/marg/abhishek/CoMeT/benchmarks/parsec/parsec-2.1/pkgs/tools/cmake/obj/amd64-linux.gcc-sniper/CMakeFiles/CMakeTmp'
make[3]: *** [CMakeFiles/cmTryCompileExec.dir/build.make:56: CMakeFiles/cmTryCompileExec.dir/src.c.o] Error 1
make[2]: *** [Makefile:111: cmTryCompileExec/fast] Error 2
make[2]: Leaving directory '/data/marg/abhishek/CoMeT/benchmarks/parsec/parsec-2.1/pkgs/tools/cmake/obj/amd64-linux.gcc-sniper/CMakeFiles/CMakeTmp'

Source file was:
#define __unused1
#undef inline
#define __unused2

#include <sys/types.h>
#include <sys/socket.h>
extern int  send(int, void *, int, unsigned int);
#define __unused5 1

int main() { 
                    int s=0;
                    void * buf=0;
                    int len=0;
                    unsigned int flags=0;
                    int res = send(s, buf, len, flags) ; return 0; }
Performing C SOURCE FILE Test int send(int, void *, socklen_t, int) (curl_cv_func_send_test) failed with the following output:
Change Dir: /data/marg/abhishek/CoMeT/benchmarks/parsec/parsec-2.1/pkgs/tools/cmake/obj/amd64-linux.gcc-sniper/CMakeFiles/CMakeTmp

Run Build Command:/usr/bin/make "cmTryCompileExec/fast"
make[2]: Entering directory '/data/marg/abhishek/CoMeT/benchmarks/parsec/parsec-2.1/pkgs/tools/cmake/obj/amd64-linux.gcc-sniper/CMakeFiles/CMakeTmp'
/usr/bin/make -f CMakeFiles/cmTryCompileExec.dir/build.make CMakeFiles/cmTryCompileExec.dir/build
make[3]: Entering directory '/data/marg/abhishek/CoMeT/benchmarks/parsec/parsec-2.1/pkgs/tools/cmake/obj/amd64-linux.gcc-sniper/CMakeFiles/CMakeTmp'
/data/marg/abhishek/CoMeT/benchmarks/parsec/parsec-2.1/pkgs/tools/cmake/obj/amd64-linux.gcc-sniper/Bootstrap.cmk/cmake -E cmake_progress_report /data/marg/abhishek/CoMeT/benchmarks/parsec/parsec-2.1/pkgs/tools/cmake/obj/amd64-linux.gcc-sniper/CMakeFiles/CMakeTmp/CMakeFiles 1
Building C object CMakeFiles/cmTryCompileExec.dir/src.c.o
/usr/bin/gcc   -O3 -funroll-loops -fprefetch-loop-arrays -static-libgcc -Wl,--hash-style=both,--as-needed -DPARSEC_VERSION=2.1 -DENABLE_PARSEC_HOOKS -I/data/marg/abhishek/CoMeT/benchmarks/parsec/parsec-2.1/pkgs/libs/hooks/inst/amd64-linux.gcc-sniper/include -I/data/marg/abhishek/CoMeT/benchmarks/tools/hooks -I/data/marg/abhishek/CoMeT/include -DENABLE_PARMACS   -Dcurl_cv_func_send_test   -o CMakeFiles/cmTryCompileExec.dir/src.c.o   -c /data/marg/abhishek/CoMeT/benchmarks/parsec/parsec-2.1/pkgs/tools/cmake/obj/amd64-linux.gcc-sniper/CMakeFiles/CMakeTmp/src.c
/data/marg/abhishek/CoMeT/benchmarks/parsec/parsec-2.1/pkgs/tools/cmake/obj/amd64-linux.gcc-sniper/CMakeFiles/CMakeTmp/src.c:7:13: error: conflicting types for ‘send’
    7 | extern int  send(int, void *, socklen_t, int);
      |             ^~~~
In file included from /data/marg/abhishek/CoMeT/benchmarks/parsec/parsec-2.1/pkgs/tools/cmake/obj/amd64-linux.gcc-sniper/CMakeFiles/CMakeTmp/src.c:6:
/usr/include/x86_64-linux-gnu/sys/socket.h:138:16: note: previous declaration of ‘send’ was here
  138 | extern ssize_t send (int __fd, const void *__buf, size_t __n, int __flags);
      |                ^~~~
make[3]: Leaving directory '/data/marg/abhishek/CoMeT/benchmarks/parsec/parsec-2.1/pkgs/tools/cmake/obj/amd64-linux.gcc-sniper/CMakeFiles/CMakeTmp'
make[3]: *** [CMakeFiles/cmTryCompileExec.dir/build.make:56: CMakeFiles/cmTryCompileExec.dir/src.c.o] Error 1
make[2]: *** [Makefile:111: cmTryCompileExec/fast] Error 2
make[2]: Leaving directory '/data/marg/abhishek/CoMeT/benchmarks/parsec/parsec-2.1/pkgs/tools/cmake/obj/amd64-linux.gcc-sniper/CMakeFiles/CMakeTmp'

Source file was:
#define __unused1
#undef inline
#define __unused2

#include <sys/types.h>
#include <sys/socket.h>
extern int  send(int, void *, socklen_t, int);
#define __unused5 1

int main() { 
                    int s=0;
                    void * buf=0;
                    socklen_t len=0;
                    int flags=0;
                    int res = send(s, buf, len, flags) ; return 0; }
Performing C SOURCE FILE Test int send(int, void *, socklen_t, unsigned int) (curl_cv_func_send_test) failed with the following output:
Change Dir: /data/marg/abhishek/CoMeT/benchmarks/parsec/parsec-2.1/pkgs/tools/cmake/obj/amd64-linux.gcc-sniper/CMakeFiles/CMakeTmp

Run Build Command:/usr/bin/make "cmTryCompileExec/fast"
make[2]: Entering directory '/data/marg/abhishek/CoMeT/benchmarks/parsec/parsec-2.1/pkgs/tools/cmake/obj/amd64-linux.gcc-sniper/CMakeFiles/CMakeTmp'
/usr/bin/make -f CMakeFiles/cmTryCompileExec.dir/build.make CMakeFiles/cmTryCompileExec.dir/build
make[3]: Entering directory '/data/marg/abhishek/CoMeT/benchmarks/parsec/parsec-2.1/pkgs/tools/cmake/obj/amd64-linux.gcc-sniper/CMakeFiles/CMakeTmp'
/data/marg/abhishek/CoMeT/benchmarks/parsec/parsec-2.1/pkgs/tools/cmake/obj/amd64-linux.gcc-sniper/Bootstrap.cmk/cmake -E cmake_progress_report /data/marg/abhishek/CoMeT/benchmarks/parsec/parsec-2.1/pkgs/tools/cmake/obj/amd64-linux.gcc-sniper/CMakeFiles/CMakeTmp/CMakeFiles 1
Building C object CMakeFiles/cmTryCompileExec.dir/src.c.o
/usr/bin/gcc   -O3 -funroll-loops -fprefetch-loop-arrays -static-libgcc -Wl,--hash-style=both,--as-needed -DPARSEC_VERSION=2.1 -DENABLE_PARSEC_HOOKS -I/data/marg/abhishek/CoMeT/benchmarks/parsec/parsec-2.1/pkgs/libs/hooks/inst/amd64-linux.gcc-sniper/include -I/data/marg/abhishek/CoMeT/benchmarks/tools/hooks -I/data/marg/abhishek/CoMeT/include -DENABLE_PARMACS   -Dcurl_cv_func_send_test   -o CMakeFiles/cmTryCompileExec.dir/src.c.o   -c /data/marg/abhishek/CoMeT/benchmarks/parsec/parsec-2.1/pkgs/tools/cmake/obj/amd64-linux.gcc-sniper/CMakeFiles/CMakeTmp/src.c
/data/marg/abhishek/CoMeT/benchmarks/parsec/parsec-2.1/pkgs/tools/cmake/obj/amd64-linux.gcc-sniper/CMakeFiles/CMakeTmp/src.c:7:13: error: conflicting types for ‘send’
    7 | extern int  send(int, void *, socklen_t, unsigned int);
      |             ^~~~
In file included from /data/marg/abhishek/CoMeT/benchmarks/parsec/parsec-2.1/pkgs/tools/cmake/obj/amd64-linux.gcc-sniper/CMakeFiles/CMakeTmp/src.c:6:
/usr/include/x86_64-linux-gnu/sys/socket.h:138:16: note: previous declaration of ‘send’ was here
  138 | extern ssize_t send (int __fd, const void *__buf, size_t __n, int __flags);
      |                ^~~~
make[3]: Leaving directory '/data/marg/abhishek/CoMeT/benchmarks/parsec/parsec-2.1/pkgs/tools/cmake/obj/amd64-linux.gcc-sniper/CMakeFiles/CMakeTmp'
make[3]: *** [CMakeFiles/cmTryCompileExec.dir/build.make:56: CMakeFiles/cmTryCompileExec.dir/src.c.o] Error 1
make[2]: *** [Makefile:111: cmTryCompileExec/fast] Error 2
make[2]: Leaving directory '/data/marg/abhishek/CoMeT/benchmarks/parsec/parsec-2.1/pkgs/tools/cmake/obj/amd64-linux.gcc-sniper/CMakeFiles/CMakeTmp'

Source file was:
#define __unused1
#undef inline
#define __unused2

#include <sys/types.h>
#include <sys/socket.h>
extern int  send(int, void *, socklen_t, unsigned int);
#define __unused5 1

int main() { 
                    int s=0;
                    void * buf=0;
                    socklen_t len=0;
                    unsigned int flags=0;
                    int res = send(s, buf, len, flags) ; return 0; }
Performing C SOURCE FILE Test int send(int, void *, unsigned int, int) (curl_cv_func_send_test) failed with the following output:
Change Dir: /data/marg/abhishek/CoMeT/benchmarks/parsec/parsec-2.1/pkgs/tools/cmake/obj/amd64-linux.gcc-sniper/CMakeFiles/CMakeTmp

Run Build Command:/usr/bin/make "cmTryCompileExec/fast"
make[2]: Entering directory '/data/marg/abhishek/CoMeT/benchmarks/parsec/parsec-2.1/pkgs/tools/cmake/obj/amd64-linux.gcc-sniper/CMakeFiles/CMakeTmp'
/usr/bin/make -f CMakeFiles/cmTryCompileExec.dir/build.make CMakeFiles/cmTryCompileExec.dir/build
make[3]: Entering directory '/data/marg/abhishek/CoMeT/benchmarks/parsec/parsec-2.1/pkgs/tools/cmake/obj/amd64-linux.gcc-sniper/CMakeFiles/CMakeTmp'
/data/marg/abhishek/CoMeT/benchmarks/parsec/parsec-2.1/pkgs/tools/cmake/obj/amd64-linux.gcc-sniper/Bootstrap.cmk/cmake -E cmake_progress_report /data/marg/abhishek/CoMeT/benchmarks/parsec/parsec-2.1/pkgs/tools/cmake/obj/amd64-linux.gcc-sniper/CMakeFiles/CMakeTmp/CMakeFiles 1
Building C object CMakeFiles/cmTryCompileExec.dir/src.c.o
/usr/bin/gcc   -O3 -funroll-loops -fprefetch-loop-arrays -static-libgcc -Wl,--hash-style=both,--as-needed -DPARSEC_VERSION=2.1 -DENABLE_PARSEC_HOOKS -I/data/marg/abhishek/CoMeT/benchmarks/parsec/parsec-2.1/pkgs/libs/hooks/inst/amd64-linux.gcc-sniper/include -I/data/marg/abhishek/CoMeT/benchmarks/tools/hooks -I/data/marg/abhishek/CoMeT/include -DENABLE_PARMACS   -Dcurl_cv_func_send_test   -o CMakeFiles/cmTryCompileExec.dir/src.c.o   -c /data/marg/abhishek/CoMeT/benchmarks/parsec/parsec-2.1/pkgs/tools/cmake/obj/amd64-linux.gcc-sniper/CMakeFiles/CMakeTmp/src.c
/data/marg/abhishek/CoMeT/benchmarks/parsec/parsec-2.1/pkgs/tools/cmake/obj/amd64-linux.gcc-sniper/CMakeFiles/CMakeTmp/src.c:7:13: error: conflicting types for ‘send’
    7 | extern int  send(int, void *, unsigned int, int);
      |             ^~~~
In file included from /data/marg/abhishek/CoMeT/benchmarks/parsec/parsec-2.1/pkgs/tools/cmake/obj/amd64-linux.gcc-sniper/CMakeFiles/CMakeTmp/src.c:6:
/usr/include/x86_64-linux-gnu/sys/socket.h:138:16: note: previous declaration of ‘send’ was here
  138 | extern ssize_t send (int __fd, const void *__buf, size_t __n, int __flags);
      |                ^~~~
make[3]: Leaving directory '/data/marg/abhishek/CoMeT/benchmarks/parsec/parsec-2.1/pkgs/tools/cmake/obj/amd64-linux.gcc-sniper/CMakeFiles/CMakeTmp'
make[3]: *** [CMakeFiles/cmTryCompileExec.dir/build.make:56: CMakeFiles/cmTryCompileExec.dir/src.c.o] Error 1
make[2]: *** [Makefile:111: cmTryCompileExec/fast] Error 2
make[2]: Leaving directory '/data/marg/abhishek/CoMeT/benchmarks/parsec/parsec-2.1/pkgs/tools/cmake/obj/amd64-linux.gcc-sniper/CMakeFiles/CMakeTmp'

Source file was:
#define __unused1
#undef inline
#define __unused2

#include <sys/types.h>
#include <sys/socket.h>
extern int  send(int, void *, unsigned int, int);
#define __unused5 1

int main() { 
                    int s=0;
                    void * buf=0;
                    unsigned int len=0;
                    int flags=0;
                    int res = send(s, buf, len, flags) ; return 0; }
Performing C SOURCE FILE Test int send(int, void *, unsigned int, unsigned int) (curl_cv_func_send_test) failed with the following output:
Change Dir: /data/marg/abhishek/CoMeT/benchmarks/parsec/parsec-2.1/pkgs/tools/cmake/obj/amd64-linux.gcc-sniper/CMakeFiles/CMakeTmp

Run Build Command:/usr/bin/make "cmTryCompileExec/fast"
make[2]: Entering directory '/data/marg/abhishek/CoMeT/benchmarks/parsec/parsec-2.1/pkgs/tools/cmake/obj/amd64-linux.gcc-sniper/CMakeFiles/CMakeTmp'
/usr/bin/make -f CMakeFiles/cmTryCompileExec.dir/build.make CMakeFiles/cmTryCompileExec.dir/build
make[3]: Entering directory '/data/marg/abhishek/CoMeT/benchmarks/parsec/parsec-2.1/pkgs/tools/cmake/obj/amd64-linux.gcc-sniper/CMakeFiles/CMakeTmp'
/data/marg/abhishek/CoMeT/benchmarks/parsec/parsec-2.1/pkgs/tools/cmake/obj/amd64-linux.gcc-sniper/Bootstrap.cmk/cmake -E cmake_progress_report /data/marg/abhishek/CoMeT/benchmarks/parsec/parsec-2.1/pkgs/tools/cmake/obj/amd64-linux.gcc-sniper/CMakeFiles/CMakeTmp/CMakeFiles 1
Building C object CMakeFiles/cmTryCompileExec.dir/src.c.o
/usr/bin/gcc   -O3 -funroll-loops -fprefetch-loop-arrays -static-libgcc -Wl,--hash-style=both,--as-needed -DPARSEC_VERSION=2.1 -DENABLE_PARSEC_HOOKS -I/data/marg/abhishek/CoMeT/benchmarks/parsec/parsec-2.1/pkgs/libs/hooks/inst/amd64-linux.gcc-sniper/include -I/data/marg/abhishek/CoMeT/benchmarks/tools/hooks -I/data/marg/abhishek/CoMeT/include -DENABLE_PARMACS   -Dcurl_cv_func_send_test   -o CMakeFiles/cmTryCompileExec.dir/src.c.o   -c /data/marg/abhishek/CoMeT/benchmarks/parsec/parsec-2.1/pkgs/tools/cmake/obj/amd64-linux.gcc-sniper/CMakeFiles/CMakeTmp/src.c
/data/marg/abhishek/CoMeT/benchmarks/parsec/parsec-2.1/pkgs/tools/cmake/obj/amd64-linux.gcc-sniper/CMakeFiles/CMakeTmp/src.c:7:13: error: conflicting types for ‘send’
    7 | extern int  send(int, void *, unsigned int, unsigned int);
      |             ^~~~
In file included from /data/marg/abhishek/CoMeT/benchmarks/parsec/parsec-2.1/pkgs/tools/cmake/obj/amd64-linux.gcc-sniper/CMakeFiles/CMakeTmp/src.c:6:
/usr/include/x86_64-linux-gnu/sys/socket.h:138:16: note: previous declaration of ‘send’ was here
  138 | extern ssize_t send (int __fd, const void *__buf, size_t __n, int __flags);
      |                ^~~~
make[3]: Leaving directory '/data/marg/abhishek/CoMeT/benchmarks/parsec/parsec-2.1/pkgs/tools/cmake/obj/amd64-linux.gcc-sniper/CMakeFiles/CMakeTmp'
make[3]: *** [CMakeFiles/cmTryCompileExec.dir/build.make:56: CMakeFiles/cmTryCompileExec.dir/src.c.o] Error 1
make[2]: *** [Makefile:111: cmTryCompileExec/fast] Error 2
make[2]: Leaving directory '/data/marg/abhishek/CoMeT/benchmarks/parsec/parsec-2.1/pkgs/tools/cmake/obj/amd64-linux.gcc-sniper/CMakeFiles/CMakeTmp'

Source file was:
#define __unused1
#undef inline
#define __unused2

#include <sys/types.h>
#include <sys/socket.h>
extern int  send(int, void *, unsigned int, unsigned int);
#define __unused5 1

int main() { 
                    int s=0;
                    void * buf=0;
                    unsigned int len=0;
                    unsigned int flags=0;
                    int res = send(s, buf, len, flags) ; return 0; }
Performing C SOURCE FILE Test int send(int, char *, size_t, int) (curl_cv_func_send_test) failed with the following output:
Change Dir: /data/marg/abhishek/CoMeT/benchmarks/parsec/parsec-2.1/pkgs/tools/cmake/obj/amd64-linux.gcc-sniper/CMakeFiles/CMakeTmp

Run Build Command:/usr/bin/make "cmTryCompileExec/fast"
make[2]: Entering directory '/data/marg/abhishek/CoMeT/benchmarks/parsec/parsec-2.1/pkgs/tools/cmake/obj/amd64-linux.gcc-sniper/CMakeFiles/CMakeTmp'
/usr/bin/make -f CMakeFiles/cmTryCompileExec.dir/build.make CMakeFiles/cmTryCompileExec.dir/build
make[3]: Entering directory '/data/marg/abhishek/CoMeT/benchmarks/parsec/parsec-2.1/pkgs/tools/cmake/obj/amd64-linux.gcc-sniper/CMakeFiles/CMakeTmp'
/data/marg/abhishek/CoMeT/benchmarks/parsec/parsec-2.1/pkgs/tools/cmake/obj/amd64-linux.gcc-sniper/Bootstrap.cmk/cmake -E cmake_progress_report /data/marg/abhishek/CoMeT/benchmarks/parsec/parsec-2.1/pkgs/tools/cmake/obj/amd64-linux.gcc-sniper/CMakeFiles/CMakeTmp/CMakeFiles 1
Building C object CMakeFiles/cmTryCompileExec.dir/src.c.o
/usr/bin/gcc   -O3 -funroll-loops -fprefetch-loop-arrays -static-libgcc -Wl,--hash-style=both,--as-needed -DPARSEC_VERSION=2.1 -DENABLE_PARSEC_HOOKS -I/data/marg/abhishek/CoMeT/benchmarks/parsec/parsec-2.1/pkgs/libs/hooks/inst/amd64-linux.gcc-sniper/include -I/data/marg/abhishek/CoMeT/benchmarks/tools/hooks -I/data/marg/abhishek/CoMeT/include -DENABLE_PARMACS   -Dcurl_cv_func_send_test   -o CMakeFiles/cmTryCompileExec.dir/src.c.o   -c /data/marg/abhishek/CoMeT/benchmarks/parsec/parsec-2.1/pkgs/tools/cmake/obj/amd64-linux.gcc-sniper/CMakeFiles/CMakeTmp/src.c
/data/marg/abhishek/CoMeT/benchmarks/parsec/parsec-2.1/pkgs/tools/cmake/obj/amd64-linux.gcc-sniper/CMakeFiles/CMakeTmp/src.c:7:13: error: conflicting types for ‘send’
    7 | extern int  send(int, char *, size_t, int);
      |             ^~~~
In file included from /data/marg/abhishek/CoMeT/benchmarks/parsec/parsec-2.1/pkgs/tools/cmake/obj/amd64-linux.gcc-sniper/CMakeFiles/CMakeTmp/src.c:6:
/usr/include/x86_64-linux-gnu/sys/socket.h:138:16: note: previous declaration of ‘send’ was here
  138 | extern ssize_t send (int __fd, const void *__buf, size_t __n, int __flags);
      |                ^~~~
make[3]: Leaving directory '/data/marg/abhishek/CoMeT/benchmarks/parsec/parsec-2.1/pkgs/tools/cmake/obj/amd64-linux.gcc-sniper/CMakeFiles/CMakeTmp'
make[3]: *** [CMakeFiles/cmTryCompileExec.dir/build.make:56: CMakeFiles/cmTryCompileExec.dir/src.c.o] Error 1
make[2]: *** [Makefile:111: cmTryCompileExec/fast] Error 2
make[2]: Leaving directory '/data/marg/abhishek/CoMeT/benchmarks/parsec/parsec-2.1/pkgs/tools/cmake/obj/amd64-linux.gcc-sniper/CMakeFiles/CMakeTmp'

Source file was:
#define __unused1
#undef inline
#define __unused2

#include <sys/types.h>
#include <sys/socket.h>
extern int  send(int, char *, size_t, int);
#define __unused5 1

int main() { 
                    int s=0;
                    char * buf=0;
                    size_t len=0;
                    int flags=0;
                    int res = send(s, buf, len, flags) ; return 0; }
Performing C SOURCE FILE Test int send(int, char *, size_t, unsigned int) (curl_cv_func_send_test) failed with the following output:
Change Dir: /data/marg/abhishek/CoMeT/benchmarks/parsec/parsec-2.1/pkgs/tools/cmake/obj/amd64-linux.gcc-sniper/CMakeFiles/CMakeTmp

Run Build Command:/usr/bin/make "cmTryCompileExec/fast"
make[2]: Entering directory '/data/marg/abhishek/CoMeT/benchmarks/parsec/parsec-2.1/pkgs/tools/cmake/obj/amd64-linux.gcc-sniper/CMakeFiles/CMakeTmp'
/usr/bin/make -f CMakeFiles/cmTryCompileExec.dir/build.make CMakeFiles/cmTryCompileExec.dir/build
make[3]: Entering directory '/data/marg/abhishek/CoMeT/benchmarks/parsec/parsec-2.1/pkgs/tools/cmake/obj/amd64-linux.gcc-sniper/CMakeFiles/CMakeTmp'
/data/marg/abhishek/CoMeT/benchmarks/parsec/parsec-2.1/pkgs/tools/cmake/obj/amd64-linux.gcc-sniper/Bootstrap.cmk/cmake -E cmake_progress_report /data/marg/abhishek/CoMeT/benchmarks/parsec/parsec-2.1/pkgs/tools/cmake/obj/amd64-linux.gcc-sniper/CMakeFiles/CMakeTmp/CMakeFiles 1
Building C object CMakeFiles/cmTryCompileExec.dir/src.c.o
/usr/bin/gcc   -O3 -funroll-loops -fprefetch-loop-arrays -static-libgcc -Wl,--hash-style=both,--as-needed -DPARSEC_VERSION=2.1 -DENABLE_PARSEC_HOOKS -I/data/marg/abhishek/CoMeT/benchmarks/parsec/parsec-2.1/pkgs/libs/hooks/inst/amd64-linux.gcc-sniper/include -I/data/marg/abhishek/CoMeT/benchmarks/tools/hooks -I/data/marg/abhishek/CoMeT/include -DENABLE_PARMACS   -Dcurl_cv_func_send_test   -o CMakeFiles/cmTryCompileExec.dir/src.c.o   -c /data/marg/abhishek/CoMeT/benchmarks/parsec/parsec-2.1/pkgs/tools/cmake/obj/amd64-linux.gcc-sniper/CMakeFiles/CMakeTmp/src.c
/data/marg/abhishek/CoMeT/benchmarks/parsec/parsec-2.1/pkgs/tools/cmake/obj/amd64-linux.gcc-sniper/CMakeFiles/CMakeTmp/src.c:7:13: error: conflicting types for ‘send’
    7 | extern int  send(int, char *, size_t, unsigned int);
      |             ^~~~
In file included from /data/marg/abhishek/CoMeT/benchmarks/parsec/parsec-2.1/pkgs/tools/cmake/obj/amd64-linux.gcc-sniper/CMakeFiles/CMakeTmp/src.c:6:
/usr/include/x86_64-linux-gnu/sys/socket.h:138:16: note: previous declaration of ‘send’ was here
  138 | extern ssize_t send (int __fd, const void *__buf, size_t __n, int __flags);
      |                ^~~~
make[3]: Leaving directory '/data/marg/abhishek/CoMeT/benchmarks/parsec/parsec-2.1/pkgs/tools/cmake/obj/amd64-linux.gcc-sniper/CMakeFiles/CMakeTmp'
make[3]: *** [CMakeFiles/cmTryCompileExec.dir/build.make:56: CMakeFiles/cmTryCompileExec.dir/src.c.o] Error 1
make[2]: *** [Makefile:111: cmTryCompileExec/fast] Error 2
make[2]: Leaving directory '/data/marg/abhishek/CoMeT/benchmarks/parsec/parsec-2.1/pkgs/tools/cmake/obj/amd64-linux.gcc-sniper/CMakeFiles/CMakeTmp'

Source file was:
#define __unused1
#undef inline
#define __unused2

#include <sys/types.h>
#include <sys/socket.h>
extern int  send(int, char *, size_t, unsigned int);
#define __unused5 1

int main() { 
                    int s=0;
                    char * buf=0;
                    size_t len=0;
                    unsigned int flags=0;
                    int res = send(s, buf, len, flags) ; return 0; }
Performing C SOURCE FILE Test int send(int, char *, int, int) (curl_cv_func_send_test) failed with the following output:
Change Dir: /data/marg/abhishek/CoMeT/benchmarks/parsec/parsec-2.1/pkgs/tools/cmake/obj/amd64-linux.gcc-sniper/CMakeFiles/CMakeTmp

Run Build Command:/usr/bin/make "cmTryCompileExec/fast"
make[2]: Entering directory '/data/marg/abhishek/CoMeT/benchmarks/parsec/parsec-2.1/pkgs/tools/cmake/obj/amd64-linux.gcc-sniper/CMakeFiles/CMakeTmp'
/usr/bin/make -f CMakeFiles/cmTryCompileExec.dir/build.make CMakeFiles/cmTryCompileExec.dir/build
make[3]: Entering directory '/data/marg/abhishek/CoMeT/benchmarks/parsec/parsec-2.1/pkgs/tools/cmake/obj/amd64-linux.gcc-sniper/CMakeFiles/CMakeTmp'
/data/marg/abhishek/CoMeT/benchmarks/parsec/parsec-2.1/pkgs/tools/cmake/obj/amd64-linux.gcc-sniper/Bootstrap.cmk/cmake -E cmake_progress_report /data/marg/abhishek/CoMeT/benchmarks/parsec/parsec-2.1/pkgs/tools/cmake/obj/amd64-linux.gcc-sniper/CMakeFiles/CMakeTmp/CMakeFiles 1
Building C object CMakeFiles/cmTryCompileExec.dir/src.c.o
/usr/bin/gcc   -O3 -funroll-loops -fprefetch-loop-arrays -static-libgcc -Wl,--hash-style=both,--as-needed -DPARSEC_VERSION=2.1 -DENABLE_PARSEC_HOOKS -I/data/marg/abhishek/CoMeT/benchmarks/parsec/parsec-2.1/pkgs/libs/hooks/inst/amd64-linux.gcc-sniper/include -I/data/marg/abhishek/CoMeT/benchmarks/tools/hooks -I/data/marg/abhishek/CoMeT/include -DENABLE_PARMACS   -Dcurl_cv_func_send_test   -o CMakeFiles/cmTryCompileExec.dir/src.c.o   -c /data/marg/abhishek/CoMeT/benchmarks/parsec/parsec-2.1/pkgs/tools/cmake/obj/amd64-linux.gcc-sniper/CMakeFiles/CMakeTmp/src.c
/data/marg/abhishek/CoMeT/benchmarks/parsec/parsec-2.1/pkgs/tools/cmake/obj/amd64-linux.gcc-sniper/CMakeFiles/CMakeTmp/src.c:7:13: error: conflicting types for ‘send’
    7 | extern int  send(int, char *, int, int);
      |             ^~~~
In file included from /data/marg/abhishek/CoMeT/benchmarks/parsec/parsec-2.1/pkgs/tools/cmake/obj/amd64-linux.gcc-sniper/CMakeFiles/CMakeTmp/src.c:6:
/usr/include/x86_64-linux-gnu/sys/socket.h:138:16: note: previous declaration of ‘send’ was here
  138 | extern ssize_t send (int __fd, const void *__buf, size_t __n, int __flags);
      |                ^~~~
make[3]: Leaving directory '/data/marg/abhishek/CoMeT/benchmarks/parsec/parsec-2.1/pkgs/tools/cmake/obj/amd64-linux.gcc-sniper/CMakeFiles/CMakeTmp'
make[3]: *** [CMakeFiles/cmTryCompileExec.dir/build.make:56: CMakeFiles/cmTryCompileExec.dir/src.c.o] Error 1
make[2]: *** [Makefile:111: cmTryCompileExec/fast] Error 2
make[2]: Leaving directory '/data/marg/abhishek/CoMeT/benchmarks/parsec/parsec-2.1/pkgs/tools/cmake/obj/amd64-linux.gcc-sniper/CMakeFiles/CMakeTmp'

Source file was:
#define __unused1
#undef inline
#define __unused2

#include <sys/types.h>
#include <sys/socket.h>
extern int  send(int, char *, int, int);
#define __unused5 1

int main() { 
                    int s=0;
                    char * buf=0;
                    int len=0;
                    int flags=0;
                    int res = send(s, buf, len, flags) ; return 0; }
Performing C SOURCE FILE Test int send(int, char *, int, unsigned int) (curl_cv_func_send_test) failed with the following output:
Change Dir: /data/marg/abhishek/CoMeT/benchmarks/parsec/parsec-2.1/pkgs/tools/cmake/obj/amd64-linux.gcc-sniper/CMakeFiles/CMakeTmp

Run Build Command:/usr/bin/make "cmTryCompileExec/fast"
make[2]: Entering directory '/data/marg/abhishek/CoMeT/benchmarks/parsec/parsec-2.1/pkgs/tools/cmake/obj/amd64-linux.gcc-sniper/CMakeFiles/CMakeTmp'
/usr/bin/make -f CMakeFiles/cmTryCompileExec.dir/build.make CMakeFiles/cmTryCompileExec.dir/build
make[3]: Entering directory '/data/marg/abhishek/CoMeT/benchmarks/parsec/parsec-2.1/pkgs/tools/cmake/obj/amd64-linux.gcc-sniper/CMakeFiles/CMakeTmp'
/data/marg/abhishek/CoMeT/benchmarks/parsec/parsec-2.1/pkgs/tools/cmake/obj/amd64-linux.gcc-sniper/Bootstrap.cmk/cmake -E cmake_progress_report /data/marg/abhishek/CoMeT/benchmarks/parsec/parsec-2.1/pkgs/tools/cmake/obj/amd64-linux.gcc-sniper/CMakeFiles/CMakeTmp/CMakeFiles 1
Building C object CMakeFiles/cmTryCompileExec.dir/src.c.o
/usr/bin/gcc   -O3 -funroll-loops -fprefetch-loop-arrays -static-libgcc -Wl,--hash-style=both,--as-needed -DPARSEC_VERSION=2.1 -DENABLE_PARSEC_HOOKS -I/data/marg/abhishek/CoMeT/benchmarks/parsec/parsec-2.1/pkgs/libs/hooks/inst/amd64-linux.gcc-sniper/include -I/data/marg/abhishek/CoMeT/benchmarks/tools/hooks -I/data/marg/abhishek/CoMeT/include -DENABLE_PARMACS   -Dcurl_cv_func_send_test   -o CMakeFiles/cmTryCompileExec.dir/src.c.o   -c /data/marg/abhishek/CoMeT/benchmarks/parsec/parsec-2.1/pkgs/tools/cmake/obj/amd64-linux.gcc-sniper/CMakeFiles/CMakeTmp/src.c
/data/marg/abhishek/CoMeT/benchmarks/parsec/parsec-2.1/pkgs/tools/cmake/obj/amd64-linux.gcc-sniper/CMakeFiles/CMakeTmp/src.c:7:13: error: conflicting types for ‘send’
    7 | extern int  send(int, char *, int, unsigned int);
      |             ^~~~
In file included from /data/marg/abhishek/CoMeT/benchmarks/parsec/parsec-2.1/pkgs/tools/cmake/obj/amd64-linux.gcc-sniper/CMakeFiles/CMakeTmp/src.c:6:
/usr/include/x86_64-linux-gnu/sys/socket.h:138:16: note: previous declaration of ‘send’ was here
  138 | extern ssize_t send (int __fd, const void *__buf, size_t __n, int __flags);
      |                ^~~~
make[3]: Leaving directory '/data/marg/abhishek/CoMeT/benchmarks/parsec/parsec-2.1/pkgs/tools/cmake/obj/amd64-linux.gcc-sniper/CMakeFiles/CMakeTmp'
make[3]: *** [CMakeFiles/cmTryCompileExec.dir/build.make:56: CMakeFiles/cmTryCompileExec.dir/src.c.o] Error 1
make[2]: *** [Makefile:111: cmTryCompileExec/fast] Error 2
make[2]: Leaving directory '/data/marg/abhishek/CoMeT/benchmarks/parsec/parsec-2.1/pkgs/tools/cmake/obj/amd64-linux.gcc-sniper/CMakeFiles/CMakeTmp'

Source file was:
#define __unused1
#undef inline
#define __unused2

#include <sys/types.h>
#include <sys/socket.h>
extern int  send(int, char *, int, unsigned int);
#define __unused5 1

int main() { 
                    int s=0;
                    char * buf=0;
                    int len=0;
                    unsigned int flags=0;
                    int res = send(s, buf, len, flags) ; return 0; }
Performing C SOURCE FILE Test int send(int, char *, socklen_t, int) (curl_cv_func_send_test) failed with the following output:
Change Dir: /data/marg/abhishek/CoMeT/benchmarks/parsec/parsec-2.1/pkgs/tools/cmake/obj/amd64-linux.gcc-sniper/CMakeFiles/CMakeTmp

Run Build Command:/usr/bin/make "cmTryCompileExec/fast"
make[2]: Entering directory '/data/marg/abhishek/CoMeT/benchmarks/parsec/parsec-2.1/pkgs/tools/cmake/obj/amd64-linux.gcc-sniper/CMakeFiles/CMakeTmp'
/usr/bin/make -f CMakeFiles/cmTryCompileExec.dir/build.make CMakeFiles/cmTryCompileExec.dir/build
make[3]: Entering directory '/data/marg/abhishek/CoMeT/benchmarks/parsec/parsec-2.1/pkgs/tools/cmake/obj/amd64-linux.gcc-sniper/CMakeFiles/CMakeTmp'
/data/marg/abhishek/CoMeT/benchmarks/parsec/parsec-2.1/pkgs/tools/cmake/obj/amd64-linux.gcc-sniper/Bootstrap.cmk/cmake -E cmake_progress_report /data/marg/abhishek/CoMeT/benchmarks/parsec/parsec-2.1/pkgs/tools/cmake/obj/amd64-linux.gcc-sniper/CMakeFiles/CMakeTmp/CMakeFiles 1
Building C object CMakeFiles/cmTryCompileExec.dir/src.c.o
/usr/bin/gcc   -O3 -funroll-loops -fprefetch-loop-arrays -static-libgcc -Wl,--hash-style=both,--as-needed -DPARSEC_VERSION=2.1 -DENABLE_PARSEC_HOOKS -I/data/marg/abhishek/CoMeT/benchmarks/parsec/parsec-2.1/pkgs/libs/hooks/inst/amd64-linux.gcc-sniper/include -I/data/marg/abhishek/CoMeT/benchmarks/tools/hooks -I/data/marg/abhishek/CoMeT/include -DENABLE_PARMACS   -Dcurl_cv_func_send_test   -o CMakeFiles/cmTryCompileExec.dir/src.c.o   -c /data/marg/abhishek/CoMeT/benchmarks/parsec/parsec-2.1/pkgs/tools/cmake/obj/amd64-linux.gcc-sniper/CMakeFiles/CMakeTmp/src.c
/data/marg/abhishek/CoMeT/benchmarks/parsec/parsec-2.1/pkgs/tools/cmake/obj/amd64-linux.gcc-sniper/CMakeFiles/CMakeTmp/src.c:7:13: error: conflicting types for ‘send’
    7 | extern int  send(int, char *, socklen_t, int);
      |             ^~~~
In file included from /data/marg/abhishek/CoMeT/benchmarks/parsec/parsec-2.1/pkgs/tools/cmake/obj/amd64-linux.gcc-sniper/CMakeFiles/CMakeTmp/src.c:6:
/usr/include/x86_64-linux-gnu/sys/socket.h:138:16: note: previous declaration of ‘send’ was here
  138 | extern ssize_t send (int __fd, const void *__buf, size_t __n, int __flags);
      |                ^~~~
make[3]: Leaving directory '/data/marg/abhishek/CoMeT/benchmarks/parsec/parsec-2.1/pkgs/tools/cmake/obj/amd64-linux.gcc-sniper/CMakeFiles/CMakeTmp'
make[3]: *** [CMakeFiles/cmTryCompileExec.dir/build.make:56: CMakeFiles/cmTryCompileExec.dir/src.c.o] Error 1
make[2]: *** [Makefile:111: cmTryCompileExec/fast] Error 2
make[2]: Leaving directory '/data/marg/abhishek/CoMeT/benchmarks/parsec/parsec-2.1/pkgs/tools/cmake/obj/amd64-linux.gcc-sniper/CMakeFiles/CMakeTmp'

Source file was:
#define __unused1
#undef inline
#define __unused2

#include <sys/types.h>
#include <sys/socket.h>
extern int  send(int, char *, socklen_t, int);
#define __unused5 1

int main() { 
                    int s=0;
                    char * buf=0;
                    socklen_t len=0;
                    int flags=0;
                    int res = send(s, buf, len, flags) ; return 0; }
Performing C SOURCE FILE Test int send(int, char *, socklen_t, unsigned int) (curl_cv_func_send_test) failed with the following output:
Change Dir: /data/marg/abhishek/CoMeT/benchmarks/parsec/parsec-2.1/pkgs/tools/cmake/obj/amd64-linux.gcc-sniper/CMakeFiles/CMakeTmp

Run Build Command:/usr/bin/make "cmTryCompileExec/fast"
make[2]: Entering directory '/data/marg/abhishek/CoMeT/benchmarks/parsec/parsec-2.1/pkgs/tools/cmake/obj/amd64-linux.gcc-sniper/CMakeFiles/CMakeTmp'
/usr/bin/make -f CMakeFiles/cmTryCompileExec.dir/build.make CMakeFiles/cmTryCompileExec.dir/build
make[3]: Entering directory '/data/marg/abhishek/CoMeT/benchmarks/parsec/parsec-2.1/pkgs/tools/cmake/obj/amd64-linux.gcc-sniper/CMakeFiles/CMakeTmp'
/data/marg/abhishek/CoMeT/benchmarks/parsec/parsec-2.1/pkgs/tools/cmake/obj/amd64-linux.gcc-sniper/Bootstrap.cmk/cmake -E cmake_progress_report /data/marg/abhishek/CoMeT/benchmarks/parsec/parsec-2.1/pkgs/tools/cmake/obj/amd64-linux.gcc-sniper/CMakeFiles/CMakeTmp/CMakeFiles 1
Building C object CMakeFiles/cmTryCompileExec.dir/src.c.o
/usr/bin/gcc   -O3 -funroll-loops -fprefetch-loop-arrays -static-libgcc -Wl,--hash-style=both,--as-needed -DPARSEC_VERSION=2.1 -DENABLE_PARSEC_HOOKS -I/data/marg/abhishek/CoMeT/benchmarks/parsec/parsec-2.1/pkgs/libs/hooks/inst/amd64-linux.gcc-sniper/include -I/data/marg/abhishek/CoMeT/benchmarks/tools/hooks -I/data/marg/abhishek/CoMeT/include -DENABLE_PARMACS   -Dcurl_cv_func_send_test   -o CMakeFiles/cmTryCompileExec.dir/src.c.o   -c /data/marg/abhishek/CoMeT/benchmarks/parsec/parsec-2.1/pkgs/tools/cmake/obj/amd64-linux.gcc-sniper/CMakeFiles/CMakeTmp/src.c
/data/marg/abhishek/CoMeT/benchmarks/parsec/parsec-2.1/pkgs/tools/cmake/obj/amd64-linux.gcc-sniper/CMakeFiles/CMakeTmp/src.c:7:13: error: conflicting types for ‘send’
    7 | extern int  send(int, char *, socklen_t, unsigned int);
      |             ^~~~
In file included from /data/marg/abhishek/CoMeT/benchmarks/parsec/parsec-2.1/pkgs/tools/cmake/obj/amd64-linux.gcc-sniper/CMakeFiles/CMakeTmp/src.c:6:
/usr/include/x86_64-linux-gnu/sys/socket.h:138:16: note: previous declaration of ‘send’ was here
  138 | extern ssize_t send (int __fd, const void *__buf, size_t __n, int __flags);
      |                ^~~~
make[3]: Leaving directory '/data/marg/abhishek/CoMeT/benchmarks/parsec/parsec-2.1/pkgs/tools/cmake/obj/amd64-linux.gcc-sniper/CMakeFiles/CMakeTmp'
make[3]: *** [CMakeFiles/cmTryCompileExec.dir/build.make:56: CMakeFiles/cmTryCompileExec.dir/src.c.o] Error 1
make[2]: *** [Makefile:111: cmTryCompileExec/fast] Error 2
make[2]: Leaving directory '/data/marg/abhishek/CoMeT/benchmarks/parsec/parsec-2.1/pkgs/tools/cmake/obj/amd64-linux.gcc-sniper/CMakeFiles/CMakeTmp'

Source file was:
#define __unused1
#undef inline
#define __unused2

#include <sys/types.h>
#include <sys/socket.h>
extern int  send(int, char *, socklen_t, unsigned int);
#define __unused5 1

int main() { 
                    int s=0;
                    char * buf=0;
                    socklen_t len=0;
                    unsigned int flags=0;
                    int res = send(s, buf, len, flags) ; return 0; }
Performing C SOURCE FILE Test int send(int, char *, unsigned int, int) (curl_cv_func_send_test) failed with the following output:
Change Dir: /data/marg/abhishek/CoMeT/benchmarks/parsec/parsec-2.1/pkgs/tools/cmake/obj/amd64-linux.gcc-sniper/CMakeFiles/CMakeTmp

Run Build Command:/usr/bin/make "cmTryCompileExec/fast"
make[2]: Entering directory '/data/marg/abhishek/CoMeT/benchmarks/parsec/parsec-2.1/pkgs/tools/cmake/obj/amd64-linux.gcc-sniper/CMakeFiles/CMakeTmp'
/usr/bin/make -f CMakeFiles/cmTryCompileExec.dir/build.make CMakeFiles/cmTryCompileExec.dir/build
make[3]: Entering directory '/data/marg/abhishek/CoMeT/benchmarks/parsec/parsec-2.1/pkgs/tools/cmake/obj/amd64-linux.gcc-sniper/CMakeFiles/CMakeTmp'
/data/marg/abhishek/CoMeT/benchmarks/parsec/parsec-2.1/pkgs/tools/cmake/obj/amd64-linux.gcc-sniper/Bootstrap.cmk/cmake -E cmake_progress_report /data/marg/abhishek/CoMeT/benchmarks/parsec/parsec-2.1/pkgs/tools/cmake/obj/amd64-linux.gcc-sniper/CMakeFiles/CMakeTmp/CMakeFiles 1
Building C object CMakeFiles/cmTryCompileExec.dir/src.c.o
/usr/bin/gcc   -O3 -funroll-loops -fprefetch-loop-arrays -static-libgcc -Wl,--hash-style=both,--as-needed -DPARSEC_VERSION=2.1 -DENABLE_PARSEC_HOOKS -I/data/marg/abhishek/CoMeT/benchmarks/parsec/parsec-2.1/pkgs/libs/hooks/inst/amd64-linux.gcc-sniper/include -I/data/marg/abhishek/CoMeT/benchmarks/tools/hooks -I/data/marg/abhishek/CoMeT/include -DENABLE_PARMACS   -Dcurl_cv_func_send_test   -o CMakeFiles/cmTryCompileExec.dir/src.c.o   -c /data/marg/abhishek/CoMeT/benchmarks/parsec/parsec-2.1/pkgs/tools/cmake/obj/amd64-linux.gcc-sniper/CMakeFiles/CMakeTmp/src.c
/data/marg/abhishek/CoMeT/benchmarks/parsec/parsec-2.1/pkgs/tools/cmake/obj/amd64-linux.gcc-sniper/CMakeFiles/CMakeTmp/src.c:7:13: error: conflicting types for ‘send’
    7 | extern int  send(int, char *, unsigned int, int);
      |             ^~~~
In file included from /data/marg/abhishek/CoMeT/benchmarks/parsec/parsec-2.1/pkgs/tools/cmake/obj/amd64-linux.gcc-sniper/CMakeFiles/CMakeTmp/src.c:6:
/usr/include/x86_64-linux-gnu/sys/socket.h:138:16: note: previous declaration of ‘send’ was here
  138 | extern ssize_t send (int __fd, const void *__buf, size_t __n, int __flags);
      |                ^~~~
make[3]: Leaving directory '/data/marg/abhishek/CoMeT/benchmarks/parsec/parsec-2.1/pkgs/tools/cmake/obj/amd64-linux.gcc-sniper/CMakeFiles/CMakeTmp'
make[3]: *** [CMakeFiles/cmTryCompileExec.dir/build.make:56: CMakeFiles/cmTryCompileExec.dir/src.c.o] Error 1
make[2]: *** [Makefile:111: cmTryCompileExec/fast] Error 2
make[2]: Leaving directory '/data/marg/abhishek/CoMeT/benchmarks/parsec/parsec-2.1/pkgs/tools/cmake/obj/amd64-linux.gcc-sniper/CMakeFiles/CMakeTmp'

Source file was:
#define __unused1
#undef inline
#define __unused2

#include <sys/types.h>
#include <sys/socket.h>
extern int  send(int, char *, unsigned int, int);
#define __unused5 1

int main() { 
                    int s=0;
                    char * buf=0;
                    unsigned int len=0;
                    int flags=0;
                    int res = send(s, buf, len, flags) ; return 0; }
Performing C SOURCE FILE Test int send(int, char *, unsigned int, unsigned int) (curl_cv_func_send_test) failed with the following output:
Change Dir: /data/marg/abhishek/CoMeT/benchmarks/parsec/parsec-2.1/pkgs/tools/cmake/obj/amd64-linux.gcc-sniper/CMakeFiles/CMakeTmp

Run Build Command:/usr/bin/make "cmTryCompileExec/fast"
make[2]: Entering directory '/data/marg/abhishek/CoMeT/benchmarks/parsec/parsec-2.1/pkgs/tools/cmake/obj/amd64-linux.gcc-sniper/CMakeFiles/CMakeTmp'
/usr/bin/make -f CMakeFiles/cmTryCompileExec.dir/build.make CMakeFiles/cmTryCompileExec.dir/build
make[3]: Entering directory '/data/marg/abhishek/CoMeT/benchmarks/parsec/parsec-2.1/pkgs/tools/cmake/obj/amd64-linux.gcc-sniper/CMakeFiles/CMakeTmp'
/data/marg/abhishek/CoMeT/benchmarks/parsec/parsec-2.1/pkgs/tools/cmake/obj/amd64-linux.gcc-sniper/Bootstrap.cmk/cmake -E cmake_progress_report /data/marg/abhishek/CoMeT/benchmarks/parsec/parsec-2.1/pkgs/tools/cmake/obj/amd64-linux.gcc-sniper/CMakeFiles/CMakeTmp/CMakeFiles 1
Building C object CMakeFiles/cmTryCompileExec.dir/src.c.o
/usr/bin/gcc   -O3 -funroll-loops -fprefetch-loop-arrays -static-libgcc -Wl,--hash-style=both,--as-needed -DPARSEC_VERSION=2.1 -DENABLE_PARSEC_HOOKS -I/data/marg/abhishek/CoMeT/benchmarks/parsec/parsec-2.1/pkgs/libs/hooks/inst/amd64-linux.gcc-sniper/include -I/data/marg/abhishek/CoMeT/benchmarks/tools/hooks -I/data/marg/abhishek/CoMeT/include -DENABLE_PARMACS   -Dcurl_cv_func_send_test   -o CMakeFiles/cmTryCompileExec.dir/src.c.o   -c /data/marg/abhishek/CoMeT/benchmarks/parsec/parsec-2.1/pkgs/tools/cmake/obj/amd64-linux.gcc-sniper/CMakeFiles/CMakeTmp/src.c
/data/marg/abhishek/CoMeT/benchmarks/parsec/parsec-2.1/pkgs/tools/cmake/obj/amd64-linux.gcc-sniper/CMakeFiles/CMakeTmp/src.c:7:13: error: conflicting types for ‘send’
    7 | extern int  send(int, char *, unsigned int, unsigned int);
      |             ^~~~
In file included from /data/marg/abhishek/CoMeT/benchmarks/parsec/parsec-2.1/pkgs/tools/cmake/obj/amd64-linux.gcc-sniper/CMakeFiles/CMakeTmp/src.c:6:
/usr/include/x86_64-linux-gnu/sys/socket.h:138:16: note: previous declaration of ‘send’ was here
  138 | extern ssize_t send (int __fd, const void *__buf, size_t __n, int __flags);
      |                ^~~~
make[3]: Leaving directory '/data/marg/abhishek/CoMeT/benchmarks/parsec/parsec-2.1/pkgs/tools/cmake/obj/amd64-linux.gcc-sniper/CMakeFiles/CMakeTmp'
make[3]: *** [CMakeFiles/cmTryCompileExec.dir/build.make:56: CMakeFiles/cmTryCompileExec.dir/src.c.o] Error 1
make[2]: *** [Makefile:111: cmTryCompileExec/fast] Error 2
make[2]: Leaving directory '/data/marg/abhishek/CoMeT/benchmarks/parsec/parsec-2.1/pkgs/tools/cmake/obj/amd64-linux.gcc-sniper/CMakeFiles/CMakeTmp'

Source file was:
#define __unused1
#undef inline
#define __unused2

#include <sys/types.h>
#include <sys/socket.h>
extern int  send(int, char *, unsigned int, unsigned int);
#define __unused5 1

int main() { 
                    int s=0;
                    char * buf=0;
                    unsigned int len=0;
                    unsigned int flags=0;
                    int res = send(s, buf, len, flags) ; return 0; }
Performing C SOURCE FILE Test int send(int, const char *, size_t, int) (curl_cv_func_send_test) failed with the following output:
Change Dir: /data/marg/abhishek/CoMeT/benchmarks/parsec/parsec-2.1/pkgs/tools/cmake/obj/amd64-linux.gcc-sniper/CMakeFiles/CMakeTmp

Run Build Command:/usr/bin/make "cmTryCompileExec/fast"
make[2]: Entering directory '/data/marg/abhishek/CoMeT/benchmarks/parsec/parsec-2.1/pkgs/tools/cmake/obj/amd64-linux.gcc-sniper/CMakeFiles/CMakeTmp'
/usr/bin/make -f CMakeFiles/cmTryCompileExec.dir/build.make CMakeFiles/cmTryCompileExec.dir/build
make[3]: Entering directory '/data/marg/abhishek/CoMeT/benchmarks/parsec/parsec-2.1/pkgs/tools/cmake/obj/amd64-linux.gcc-sniper/CMakeFiles/CMakeTmp'
/data/marg/abhishek/CoMeT/benchmarks/parsec/parsec-2.1/pkgs/tools/cmake/obj/amd64-linux.gcc-sniper/Bootstrap.cmk/cmake -E cmake_progress_report /data/marg/abhishek/CoMeT/benchmarks/parsec/parsec-2.1/pkgs/tools/cmake/obj/amd64-linux.gcc-sniper/CMakeFiles/CMakeTmp/CMakeFiles 1
Building C object CMakeFiles/cmTryCompileExec.dir/src.c.o
/usr/bin/gcc   -O3 -funroll-loops -fprefetch-loop-arrays -static-libgcc -Wl,--hash-style=both,--as-needed -DPARSEC_VERSION=2.1 -DENABLE_PARSEC_HOOKS -I/data/marg/abhishek/CoMeT/benchmarks/parsec/parsec-2.1/pkgs/libs/hooks/inst/amd64-linux.gcc-sniper/include -I/data/marg/abhishek/CoMeT/benchmarks/tools/hooks -I/data/marg/abhishek/CoMeT/include -DENABLE_PARMACS   -Dcurl_cv_func_send_test   -o CMakeFiles/cmTryCompileExec.dir/src.c.o   -c /data/marg/abhishek/CoMeT/benchmarks/parsec/parsec-2.1/pkgs/tools/cmake/obj/amd64-linux.gcc-sniper/CMakeFiles/CMakeTmp/src.c
/data/marg/abhishek/CoMeT/benchmarks/parsec/parsec-2.1/pkgs/tools/cmake/obj/amd64-linux.gcc-sniper/CMakeFiles/CMakeTmp/src.c:7:13: error: conflicting types for ‘send’
    7 | extern int  send(int, const char *, size_t, int);
      |             ^~~~
In file included from /data/marg/abhishek/CoMeT/benchmarks/parsec/parsec-2.1/pkgs/tools/cmake/obj/amd64-linux.gcc-sniper/CMakeFiles/CMakeTmp/src.c:6:
/usr/include/x86_64-linux-gnu/sys/socket.h:138:16: note: previous declaration of ‘send’ was here
  138 | extern ssize_t send (int __fd, const void *__buf, size_t __n, int __flags);
      |                ^~~~
make[3]: Leaving directory '/data/marg/abhishek/CoMeT/benchmarks/parsec/parsec-2.1/pkgs/tools/cmake/obj/amd64-linux.gcc-sniper/CMakeFiles/CMakeTmp'
make[3]: *** [CMakeFiles/cmTryCompileExec.dir/build.make:56: CMakeFiles/cmTryCompileExec.dir/src.c.o] Error 1
make[2]: *** [Makefile:111: cmTryCompileExec/fast] Error 2
make[2]: Leaving directory '/data/marg/abhishek/CoMeT/benchmarks/parsec/parsec-2.1/pkgs/tools/cmake/obj/amd64-linux.gcc-sniper/CMakeFiles/CMakeTmp'

Source file was:
#define __unused1
#undef inline
#define __unused2

#include <sys/types.h>
#include <sys/socket.h>
extern int  send(int, const char *, size_t, int);
#define __unused5 1

int main() { 
                    int s=0;
                    const char * buf=0;
                    size_t len=0;
                    int flags=0;
                    int res = send(s, buf, len, flags) ; return 0; }
Performing C SOURCE FILE Test int send(int, const char *, size_t, unsigned int) (curl_cv_func_send_test) failed with the following output:
Change Dir: /data/marg/abhishek/CoMeT/benchmarks/parsec/parsec-2.1/pkgs/tools/cmake/obj/amd64-linux.gcc-sniper/CMakeFiles/CMakeTmp

Run Build Command:/usr/bin/make "cmTryCompileExec/fast"
make[2]: Entering directory '/data/marg/abhishek/CoMeT/benchmarks/parsec/parsec-2.1/pkgs/tools/cmake/obj/amd64-linux.gcc-sniper/CMakeFiles/CMakeTmp'
/usr/bin/make -f CMakeFiles/cmTryCompileExec.dir/build.make CMakeFiles/cmTryCompileExec.dir/build
make[3]: Entering directory '/data/marg/abhishek/CoMeT/benchmarks/parsec/parsec-2.1/pkgs/tools/cmake/obj/amd64-linux.gcc-sniper/CMakeFiles/CMakeTmp'
/data/marg/abhishek/CoMeT/benchmarks/parsec/parsec-2.1/pkgs/tools/cmake/obj/amd64-linux.gcc-sniper/Bootstrap.cmk/cmake -E cmake_progress_report /data/marg/abhishek/CoMeT/benchmarks/parsec/parsec-2.1/pkgs/tools/cmake/obj/amd64-linux.gcc-sniper/CMakeFiles/CMakeTmp/CMakeFiles 1
Building C object CMakeFiles/cmTryCompileExec.dir/src.c.o
/usr/bin/gcc   -O3 -funroll-loops -fprefetch-loop-arrays -static-libgcc -Wl,--hash-style=both,--as-needed -DPARSEC_VERSION=2.1 -DENABLE_PARSEC_HOOKS -I/data/marg/abhishek/CoMeT/benchmarks/parsec/parsec-2.1/pkgs/libs/hooks/inst/amd64-linux.gcc-sniper/include -I/data/marg/abhishek/CoMeT/benchmarks/tools/hooks -I/data/marg/abhishek/CoMeT/include -DENABLE_PARMACS   -Dcurl_cv_func_send_test   -o CMakeFiles/cmTryCompileExec.dir/src.c.o   -c /data/marg/abhishek/CoMeT/benchmarks/parsec/parsec-2.1/pkgs/tools/cmake/obj/amd64-linux.gcc-sniper/CMakeFiles/CMakeTmp/src.c
/data/marg/abhishek/CoMeT/benchmarks/parsec/parsec-2.1/pkgs/tools/cmake/obj/amd64-linux.gcc-sniper/CMakeFiles/CMakeTmp/src.c:7:13: error: conflicting types for ‘send’
    7 | extern int  send(int, const char *, size_t, unsigned int);
      |             ^~~~
In file included from /data/marg/abhishek/CoMeT/benchmarks/parsec/parsec-2.1/pkgs/tools/cmake/obj/amd64-linux.gcc-sniper/CMakeFiles/CMakeTmp/src.c:6:
/usr/include/x86_64-linux-gnu/sys/socket.h:138:16: note: previous declaration of ‘send’ was here
  138 | extern ssize_t send (int __fd, const void *__buf, size_t __n, int __flags);
      |                ^~~~
make[3]: Leaving directory '/data/marg/abhishek/CoMeT/benchmarks/parsec/parsec-2.1/pkgs/tools/cmake/obj/amd64-linux.gcc-sniper/CMakeFiles/CMakeTmp'
make[3]: *** [CMakeFiles/cmTryCompileExec.dir/build.make:56: CMakeFiles/cmTryCompileExec.dir/src.c.o] Error 1
make[2]: *** [Makefile:111: cmTryCompileExec/fast] Error 2
make[2]: Leaving directory '/data/marg/abhishek/CoMeT/benchmarks/parsec/parsec-2.1/pkgs/tools/cmake/obj/amd64-linux.gcc-sniper/CMakeFiles/CMakeTmp'

Source file was:
#define __unused1
#undef inline
#define __unused2

#include <sys/types.h>
#include <sys/socket.h>
extern int  send(int, const char *, size_t, unsigned int);
#define __unused5 1

int main() { 
                    int s=0;
                    const char * buf=0;
                    size_t len=0;
                    unsigned int flags=0;
                    int res = send(s, buf, len, flags) ; return 0; }
Performing C SOURCE FILE Test int send(int, const char *, int, int) (curl_cv_func_send_test) failed with the following output:
Change Dir: /data/marg/abhishek/CoMeT/benchmarks/parsec/parsec-2.1/pkgs/tools/cmake/obj/amd64-linux.gcc-sniper/CMakeFiles/CMakeTmp

Run Build Command:/usr/bin/make "cmTryCompileExec/fast"
make[2]: Entering directory '/data/marg/abhishek/CoMeT/benchmarks/parsec/parsec-2.1/pkgs/tools/cmake/obj/amd64-linux.gcc-sniper/CMakeFiles/CMakeTmp'
/usr/bin/make -f CMakeFiles/cmTryCompileExec.dir/build.make CMakeFiles/cmTryCompileExec.dir/build
make[3]: Entering directory '/data/marg/abhishek/CoMeT/benchmarks/parsec/parsec-2.1/pkgs/tools/cmake/obj/amd64-linux.gcc-sniper/CMakeFiles/CMakeTmp'
/data/marg/abhishek/CoMeT/benchmarks/parsec/parsec-2.1/pkgs/tools/cmake/obj/amd64-linux.gcc-sniper/Bootstrap.cmk/cmake -E cmake_progress_report /data/marg/abhishek/CoMeT/benchmarks/parsec/parsec-2.1/pkgs/tools/cmake/obj/amd64-linux.gcc-sniper/CMakeFiles/CMakeTmp/CMakeFiles 1
Building C object CMakeFiles/cmTryCompileExec.dir/src.c.o
/usr/bin/gcc   -O3 -funroll-loops -fprefetch-loop-arrays -static-libgcc -Wl,--hash-style=both,--as-needed -DPARSEC_VERSION=2.1 -DENABLE_PARSEC_HOOKS -I/data/marg/abhishek/CoMeT/benchmarks/parsec/parsec-2.1/pkgs/libs/hooks/inst/amd64-linux.gcc-sniper/include -I/data/marg/abhishek/CoMeT/benchmarks/tools/hooks -I/data/marg/abhishek/CoMeT/include -DENABLE_PARMACS   -Dcurl_cv_func_send_test   -o CMakeFiles/cmTryCompileExec.dir/src.c.o   -c /data/marg/abhishek/CoMeT/benchmarks/parsec/parsec-2.1/pkgs/tools/cmake/obj/amd64-linux.gcc-sniper/CMakeFiles/CMakeTmp/src.c
/data/marg/abhishek/CoMeT/benchmarks/parsec/parsec-2.1/pkgs/tools/cmake/obj/amd64-linux.gcc-sniper/CMakeFiles/CMakeTmp/src.c:7:13: error: conflicting types for ‘send’
    7 | extern int  send(int, const char *, int, int);
      |             ^~~~
In file included from /data/marg/abhishek/CoMeT/benchmarks/parsec/parsec-2.1/pkgs/tools/cmake/obj/amd64-linux.gcc-sniper/CMakeFiles/CMakeTmp/src.c:6:
/usr/include/x86_64-linux-gnu/sys/socket.h:138:16: note: previous declaration of ‘send’ was here
  138 | extern ssize_t send (int __fd, const void *__buf, size_t __n, int __flags);
      |                ^~~~
make[3]: *** [CMakeFiles/cmTryCompileExec.dir/build.make:56: CMakeFiles/cmTryCompileExec.dir/src.c.o] Error 1
make[3]: Leaving directory '/data/marg/abhishek/CoMeT/benchmarks/parsec/parsec-2.1/pkgs/tools/cmake/obj/amd64-linux.gcc-sniper/CMakeFiles/CMakeTmp'
make[2]: *** [Makefile:111: cmTryCompileExec/fast] Error 2
make[2]: Leaving directory '/data/marg/abhishek/CoMeT/benchmarks/parsec/parsec-2.1/pkgs/tools/cmake/obj/amd64-linux.gcc-sniper/CMakeFiles/CMakeTmp'

Source file was:
#define __unused1
#undef inline
#define __unused2

#include <sys/types.h>
#include <sys/socket.h>
extern int  send(int, const char *, int, int);
#define __unused5 1

int main() { 
                    int s=0;
                    const char * buf=0;
                    int len=0;
                    int flags=0;
                    int res = send(s, buf, len, flags) ; return 0; }
Performing C SOURCE FILE Test int send(int, const char *, int, unsigned int) (curl_cv_func_send_test) failed with the following output:
Change Dir: /data/marg/abhishek/CoMeT/benchmarks/parsec/parsec-2.1/pkgs/tools/cmake/obj/amd64-linux.gcc-sniper/CMakeFiles/CMakeTmp

Run Build Command:/usr/bin/make "cmTryCompileExec/fast"
make[2]: Entering directory '/data/marg/abhishek/CoMeT/benchmarks/parsec/parsec-2.1/pkgs/tools/cmake/obj/amd64-linux.gcc-sniper/CMakeFiles/CMakeTmp'
/usr/bin/make -f CMakeFiles/cmTryCompileExec.dir/build.make CMakeFiles/cmTryCompileExec.dir/build
make[3]: Entering directory '/data/marg/abhishek/CoMeT/benchmarks/parsec/parsec-2.1/pkgs/tools/cmake/obj/amd64-linux.gcc-sniper/CMakeFiles/CMakeTmp'
/data/marg/abhishek/CoMeT/benchmarks/parsec/parsec-2.1/pkgs/tools/cmake/obj/amd64-linux.gcc-sniper/Bootstrap.cmk/cmake -E cmake_progress_report /data/marg/abhishek/CoMeT/benchmarks/parsec/parsec-2.1/pkgs/tools/cmake/obj/amd64-linux.gcc-sniper/CMakeFiles/CMakeTmp/CMakeFiles 1
Building C object CMakeFiles/cmTryCompileExec.dir/src.c.o
/usr/bin/gcc   -O3 -funroll-loops -fprefetch-loop-arrays -static-libgcc -Wl,--hash-style=both,--as-needed -DPARSEC_VERSION=2.1 -DENABLE_PARSEC_HOOKS -I/data/marg/abhishek/CoMeT/benchmarks/parsec/parsec-2.1/pkgs/libs/hooks/inst/amd64-linux.gcc-sniper/include -I/data/marg/abhishek/CoMeT/benchmarks/tools/hooks -I/data/marg/abhishek/CoMeT/include -DENABLE_PARMACS   -Dcurl_cv_func_send_test   -o CMakeFiles/cmTryCompileExec.dir/src.c.o   -c /data/marg/abhishek/CoMeT/benchmarks/parsec/parsec-2.1/pkgs/tools/cmake/obj/amd64-linux.gcc-sniper/CMakeFiles/CMakeTmp/src.c
/data/marg/abhishek/CoMeT/benchmarks/parsec/parsec-2.1/pkgs/tools/cmake/obj/amd64-linux.gcc-sniper/CMakeFiles/CMakeTmp/src.c:7:13: error: conflicting types for ‘send’
    7 | extern int  send(int, const char *, int, unsigned int);
      |             ^~~~
In file included from /data/marg/abhishek/CoMeT/benchmarks/parsec/parsec-2.1/pkgs/tools/cmake/obj/amd64-linux.gcc-sniper/CMakeFiles/CMakeTmp/src.c:6:
/usr/include/x86_64-linux-gnu/sys/socket.h:138:16: note: previous declaration of ‘send’ was here
  138 | extern ssize_t send (int __fd, const void *__buf, size_t __n, int __flags);
      |                ^~~~
make[3]: *** [CMakeFiles/cmTryCompileExec.dir/build.make:56: CMakeFiles/cmTryCompileExec.dir/src.c.o] Error 1
make[3]: Leaving directory '/data/marg/abhishek/CoMeT/benchmarks/parsec/parsec-2.1/pkgs/tools/cmake/obj/amd64-linux.gcc-sniper/CMakeFiles/CMakeTmp'
make[2]: *** [Makefile:111: cmTryCompileExec/fast] Error 2
make[2]: Leaving directory '/data/marg/abhishek/CoMeT/benchmarks/parsec/parsec-2.1/pkgs/tools/cmake/obj/amd64-linux.gcc-sniper/CMakeFiles/CMakeTmp'

Source file was:
#define __unused1
#undef inline
#define __unused2

#include <sys/types.h>
#include <sys/socket.h>
extern int  send(int, const char *, int, unsigned int);
#define __unused5 1

int main() { 
                    int s=0;
                    const char * buf=0;
                    int len=0;
                    unsigned int flags=0;
                    int res = send(s, buf, len, flags) ; return 0; }
Performing C SOURCE FILE Test int send(int, const char *, socklen_t, int) (curl_cv_func_send_test) failed with the following output:
Change Dir: /data/marg/abhishek/CoMeT/benchmarks/parsec/parsec-2.1/pkgs/tools/cmake/obj/amd64-linux.gcc-sniper/CMakeFiles/CMakeTmp

Run Build Command:/usr/bin/make "cmTryCompileExec/fast"
make[2]: Entering directory '/data/marg/abhishek/CoMeT/benchmarks/parsec/parsec-2.1/pkgs/tools/cmake/obj/amd64-linux.gcc-sniper/CMakeFiles/CMakeTmp'
/usr/bin/make -f CMakeFiles/cmTryCompileExec.dir/build.make CMakeFiles/cmTryCompileExec.dir/build
make[3]: Entering directory '/data/marg/abhishek/CoMeT/benchmarks/parsec/parsec-2.1/pkgs/tools/cmake/obj/amd64-linux.gcc-sniper/CMakeFiles/CMakeTmp'
/data/marg/abhishek/CoMeT/benchmarks/parsec/parsec-2.1/pkgs/tools/cmake/obj/amd64-linux.gcc-sniper/Bootstrap.cmk/cmake -E cmake_progress_report /data/marg/abhishek/CoMeT/benchmarks/parsec/parsec-2.1/pkgs/tools/cmake/obj/amd64-linux.gcc-sniper/CMakeFiles/CMakeTmp/CMakeFiles 1
Building C object CMakeFiles/cmTryCompileExec.dir/src.c.o
/usr/bin/gcc   -O3 -funroll-loops -fprefetch-loop-arrays -static-libgcc -Wl,--hash-style=both,--as-needed -DPARSEC_VERSION=2.1 -DENABLE_PARSEC_HOOKS -I/data/marg/abhishek/CoMeT/benchmarks/parsec/parsec-2.1/pkgs/libs/hooks/inst/amd64-linux.gcc-sniper/include -I/data/marg/abhishek/CoMeT/benchmarks/tools/hooks -I/data/marg/abhishek/CoMeT/include -DENABLE_PARMACS   -Dcurl_cv_func_send_test   -o CMakeFiles/cmTryCompileExec.dir/src.c.o   -c /data/marg/abhishek/CoMeT/benchmarks/parsec/parsec-2.1/pkgs/tools/cmake/obj/amd64-linux.gcc-sniper/CMakeFiles/CMakeTmp/src.c
/data/marg/abhishek/CoMeT/benchmarks/parsec/parsec-2.1/pkgs/tools/cmake/obj/amd64-linux.gcc-sniper/CMakeFiles/CMakeTmp/src.c:7:13: error: conflicting types for ‘send’
    7 | extern int  send(int, const char *, socklen_t, int);
      |             ^~~~
In file included from /data/marg/abhishek/CoMeT/benchmarks/parsec/parsec-2.1/pkgs/tools/cmake/obj/amd64-linux.gcc-sniper/CMakeFiles/CMakeTmp/src.c:6:
/usr/include/x86_64-linux-gnu/sys/socket.h:138:16: note: previous declaration of ‘send’ was here
  138 | extern ssize_t send (int __fd, const void *__buf, size_t __n, int __flags);
      |                ^~~~
make[3]: Leaving directory '/data/marg/abhishek/CoMeT/benchmarks/parsec/parsec-2.1/pkgs/tools/cmake/obj/amd64-linux.gcc-sniper/CMakeFiles/CMakeTmp'
make[3]: *** [CMakeFiles/cmTryCompileExec.dir/build.make:56: CMakeFiles/cmTryCompileExec.dir/src.c.o] Error 1
make[2]: *** [Makefile:111: cmTryCompileExec/fast] Error 2
make[2]: Leaving directory '/data/marg/abhishek/CoMeT/benchmarks/parsec/parsec-2.1/pkgs/tools/cmake/obj/amd64-linux.gcc-sniper/CMakeFiles/CMakeTmp'

Source file was:
#define __unused1
#undef inline
#define __unused2

#include <sys/types.h>
#include <sys/socket.h>
extern int  send(int, const char *, socklen_t, int);
#define __unused5 1

int main() { 
                    int s=0;
                    const char * buf=0;
                    socklen_t len=0;
                    int flags=0;
                    int res = send(s, buf, len, flags) ; return 0; }
Performing C SOURCE FILE Test int send(int, const char *, socklen_t, unsigned int) (curl_cv_func_send_test) failed with the following output:
Change Dir: /data/marg/abhishek/CoMeT/benchmarks/parsec/parsec-2.1/pkgs/tools/cmake/obj/amd64-linux.gcc-sniper/CMakeFiles/CMakeTmp

Run Build Command:/usr/bin/make "cmTryCompileExec/fast"
make[2]: Entering directory '/data/marg/abhishek/CoMeT/benchmarks/parsec/parsec-2.1/pkgs/tools/cmake/obj/amd64-linux.gcc-sniper/CMakeFiles/CMakeTmp'
/usr/bin/make -f CMakeFiles/cmTryCompileExec.dir/build.make CMakeFiles/cmTryCompileExec.dir/build
make[3]: Entering directory '/data/marg/abhishek/CoMeT/benchmarks/parsec/parsec-2.1/pkgs/tools/cmake/obj/amd64-linux.gcc-sniper/CMakeFiles/CMakeTmp'
/data/marg/abhishek/CoMeT/benchmarks/parsec/parsec-2.1/pkgs/tools/cmake/obj/amd64-linux.gcc-sniper/Bootstrap.cmk/cmake -E cmake_progress_report /data/marg/abhishek/CoMeT/benchmarks/parsec/parsec-2.1/pkgs/tools/cmake/obj/amd64-linux.gcc-sniper/CMakeFiles/CMakeTmp/CMakeFiles 1
Building C object CMakeFiles/cmTryCompileExec.dir/src.c.o
/usr/bin/gcc   -O3 -funroll-loops -fprefetch-loop-arrays -static-libgcc -Wl,--hash-style=both,--as-needed -DPARSEC_VERSION=2.1 -DENABLE_PARSEC_HOOKS -I/data/marg/abhishek/CoMeT/benchmarks/parsec/parsec-2.1/pkgs/libs/hooks/inst/amd64-linux.gcc-sniper/include -I/data/marg/abhishek/CoMeT/benchmarks/tools/hooks -I/data/marg/abhishek/CoMeT/include -DENABLE_PARMACS   -Dcurl_cv_func_send_test   -o CMakeFiles/cmTryCompileExec.dir/src.c.o   -c /data/marg/abhishek/CoMeT/benchmarks/parsec/parsec-2.1/pkgs/tools/cmake/obj/amd64-linux.gcc-sniper/CMakeFiles/CMakeTmp/src.c
/data/marg/abhishek/CoMeT/benchmarks/parsec/parsec-2.1/pkgs/tools/cmake/obj/amd64-linux.gcc-sniper/CMakeFiles/CMakeTmp/src.c:7:13: error: conflicting types for ‘send’
    7 | extern int  send(int, const char *, socklen_t, unsigned int);
      |             ^~~~
In file included from /data/marg/abhishek/CoMeT/benchmarks/parsec/parsec-2.1/pkgs/tools/cmake/obj/amd64-linux.gcc-sniper/CMakeFiles/CMakeTmp/src.c:6:
/usr/include/x86_64-linux-gnu/sys/socket.h:138:16: note: previous declaration of ‘send’ was here
  138 | extern ssize_t send (int __fd, const void *__buf, size_t __n, int __flags);
      |                ^~~~
make[3]: *** [CMakeFiles/cmTryCompileExec.dir/build.make:56: CMakeFiles/cmTryCompileExec.dir/src.c.o] Error 1
make[3]: Leaving directory '/data/marg/abhishek/CoMeT/benchmarks/parsec/parsec-2.1/pkgs/tools/cmake/obj/amd64-linux.gcc-sniper/CMakeFiles/CMakeTmp'
make[2]: *** [Makefile:111: cmTryCompileExec/fast] Error 2
make[2]: Leaving directory '/data/marg/abhishek/CoMeT/benchmarks/parsec/parsec-2.1/pkgs/tools/cmake/obj/amd64-linux.gcc-sniper/CMakeFiles/CMakeTmp'

Source file was:
#define __unused1
#undef inline
#define __unused2

#include <sys/types.h>
#include <sys/socket.h>
extern int  send(int, const char *, socklen_t, unsigned int);
#define __unused5 1

int main() { 
                    int s=0;
                    const char * buf=0;
                    socklen_t len=0;
                    unsigned int flags=0;
                    int res = send(s, buf, len, flags) ; return 0; }
Performing C SOURCE FILE Test int send(int, const char *, unsigned int, int) (curl_cv_func_send_test) failed with the following output:
Change Dir: /data/marg/abhishek/CoMeT/benchmarks/parsec/parsec-2.1/pkgs/tools/cmake/obj/amd64-linux.gcc-sniper/CMakeFiles/CMakeTmp

Run Build Command:/usr/bin/make "cmTryCompileExec/fast"
make[2]: Entering directory '/data/marg/abhishek/CoMeT/benchmarks/parsec/parsec-2.1/pkgs/tools/cmake/obj/amd64-linux.gcc-sniper/CMakeFiles/CMakeTmp'
/usr/bin/make -f CMakeFiles/cmTryCompileExec.dir/build.make CMakeFiles/cmTryCompileExec.dir/build
make[3]: Entering directory '/data/marg/abhishek/CoMeT/benchmarks/parsec/parsec-2.1/pkgs/tools/cmake/obj/amd64-linux.gcc-sniper/CMakeFiles/CMakeTmp'
/data/marg/abhishek/CoMeT/benchmarks/parsec/parsec-2.1/pkgs/tools/cmake/obj/amd64-linux.gcc-sniper/Bootstrap.cmk/cmake -E cmake_progress_report /data/marg/abhishek/CoMeT/benchmarks/parsec/parsec-2.1/pkgs/tools/cmake/obj/amd64-linux.gcc-sniper/CMakeFiles/CMakeTmp/CMakeFiles 1
Building C object CMakeFiles/cmTryCompileExec.dir/src.c.o
/usr/bin/gcc   -O3 -funroll-loops -fprefetch-loop-arrays -static-libgcc -Wl,--hash-style=both,--as-needed -DPARSEC_VERSION=2.1 -DENABLE_PARSEC_HOOKS -I/data/marg/abhishek/CoMeT/benchmarks/parsec/parsec-2.1/pkgs/libs/hooks/inst/amd64-linux.gcc-sniper/include -I/data/marg/abhishek/CoMeT/benchmarks/tools/hooks -I/data/marg/abhishek/CoMeT/include -DENABLE_PARMACS   -Dcurl_cv_func_send_test   -o CMakeFiles/cmTryCompileExec.dir/src.c.o   -c /data/marg/abhishek/CoMeT/benchmarks/parsec/parsec-2.1/pkgs/tools/cmake/obj/amd64-linux.gcc-sniper/CMakeFiles/CMakeTmp/src.c
/data/marg/abhishek/CoMeT/benchmarks/parsec/parsec-2.1/pkgs/tools/cmake/obj/amd64-linux.gcc-sniper/CMakeFiles/CMakeTmp/src.c:7:13: error: conflicting types for ‘send’
    7 | extern int  send(int, const char *, unsigned int, int);
      |             ^~~~
In file included from /data/marg/abhishek/CoMeT/benchmarks/parsec/parsec-2.1/pkgs/tools/cmake/obj/amd64-linux.gcc-sniper/CMakeFiles/CMakeTmp/src.c:6:
/usr/include/x86_64-linux-gnu/sys/socket.h:138:16: note: previous declaration of ‘send’ was here
  138 | extern ssize_t send (int __fd, const void *__buf, size_t __n, int __flags);
      |                ^~~~
make[3]: *** [CMakeFiles/cmTryCompileExec.dir/build.make:56: CMakeFiles/cmTryCompileExec.dir/src.c.o] Error 1
make[3]: Leaving directory '/data/marg/abhishek/CoMeT/benchmarks/parsec/parsec-2.1/pkgs/tools/cmake/obj/amd64-linux.gcc-sniper/CMakeFiles/CMakeTmp'
make[2]: *** [Makefile:111: cmTryCompileExec/fast] Error 2
make[2]: Leaving directory '/data/marg/abhishek/CoMeT/benchmarks/parsec/parsec-2.1/pkgs/tools/cmake/obj/amd64-linux.gcc-sniper/CMakeFiles/CMakeTmp'

Source file was:
#define __unused1
#undef inline
#define __unused2

#include <sys/types.h>
#include <sys/socket.h>
extern int  send(int, const char *, unsigned int, int);
#define __unused5 1

int main() { 
                    int s=0;
                    const char * buf=0;
                    unsigned int len=0;
                    int flags=0;
                    int res = send(s, buf, len, flags) ; return 0; }
Performing C SOURCE FILE Test int send(int, const char *, unsigned int, unsigned int) (curl_cv_func_send_test) failed with the following output:
Change Dir: /data/marg/abhishek/CoMeT/benchmarks/parsec/parsec-2.1/pkgs/tools/cmake/obj/amd64-linux.gcc-sniper/CMakeFiles/CMakeTmp

Run Build Command:/usr/bin/make "cmTryCompileExec/fast"
make[2]: Entering directory '/data/marg/abhishek/CoMeT/benchmarks/parsec/parsec-2.1/pkgs/tools/cmake/obj/amd64-linux.gcc-sniper/CMakeFiles/CMakeTmp'
/usr/bin/make -f CMakeFiles/cmTryCompileExec.dir/build.make CMakeFiles/cmTryCompileExec.dir/build
make[3]: Entering directory '/data/marg/abhishek/CoMeT/benchmarks/parsec/parsec-2.1/pkgs/tools/cmake/obj/amd64-linux.gcc-sniper/CMakeFiles/CMakeTmp'
/data/marg/abhishek/CoMeT/benchmarks/parsec/parsec-2.1/pkgs/tools/cmake/obj/amd64-linux.gcc-sniper/Bootstrap.cmk/cmake -E cmake_progress_report /data/marg/abhishek/CoMeT/benchmarks/parsec/parsec-2.1/pkgs/tools/cmake/obj/amd64-linux.gcc-sniper/CMakeFiles/CMakeTmp/CMakeFiles 1
Building C object CMakeFiles/cmTryCompileExec.dir/src.c.o
/usr/bin/gcc   -O3 -funroll-loops -fprefetch-loop-arrays -static-libgcc -Wl,--hash-style=both,--as-needed -DPARSEC_VERSION=2.1 -DENABLE_PARSEC_HOOKS -I/data/marg/abhishek/CoMeT/benchmarks/parsec/parsec-2.1/pkgs/libs/hooks/inst/amd64-linux.gcc-sniper/include -I/data/marg/abhishek/CoMeT/benchmarks/tools/hooks -I/data/marg/abhishek/CoMeT/include -DENABLE_PARMACS   -Dcurl_cv_func_send_test   -o CMakeFiles/cmTryCompileExec.dir/src.c.o   -c /data/marg/abhishek/CoMeT/benchmarks/parsec/parsec-2.1/pkgs/tools/cmake/obj/amd64-linux.gcc-sniper/CMakeFiles/CMakeTmp/src.c
/data/marg/abhishek/CoMeT/benchmarks/parsec/parsec-2.1/pkgs/tools/cmake/obj/amd64-linux.gcc-sniper/CMakeFiles/CMakeTmp/src.c:7:13: error: conflicting types for ‘send’
    7 | extern int  send(int, const char *, unsigned int, unsigned int);
      |             ^~~~
In file included from /data/marg/abhishek/CoMeT/benchmarks/parsec/parsec-2.1/pkgs/tools/cmake/obj/amd64-linux.gcc-sniper/CMakeFiles/CMakeTmp/src.c:6:
/usr/include/x86_64-linux-gnu/sys/socket.h:138:16: note: previous declaration of ‘send’ was here
  138 | extern ssize_t send (int __fd, const void *__buf, size_t __n, int __flags);
      |                ^~~~
make[3]: Leaving directory '/data/marg/abhishek/CoMeT/benchmarks/parsec/parsec-2.1/pkgs/tools/cmake/obj/amd64-linux.gcc-sniper/CMakeFiles/CMakeTmp'
make[3]: *** [CMakeFiles/cmTryCompileExec.dir/build.make:56: CMakeFiles/cmTryCompileExec.dir/src.c.o] Error 1
make[2]: *** [Makefile:111: cmTryCompileExec/fast] Error 2
make[2]: Leaving directory '/data/marg/abhishek/CoMeT/benchmarks/parsec/parsec-2.1/pkgs/tools/cmake/obj/amd64-linux.gcc-sniper/CMakeFiles/CMakeTmp'

Source file was:
#define __unused1
#undef inline
#define __unused2

#include <sys/types.h>
#include <sys/socket.h>
extern int  send(int, const char *, unsigned int, unsigned int);
#define __unused5 1

int main() { 
                    int s=0;
                    const char * buf=0;
                    unsigned int len=0;
                    unsigned int flags=0;
                    int res = send(s, buf, len, flags) ; return 0; }
Performing C SOURCE FILE Test int send(ssize_t, const void *, size_t, int) (curl_cv_func_send_test) failed with the following output:
Change Dir: /data/marg/abhishek/CoMeT/benchmarks/parsec/parsec-2.1/pkgs/tools/cmake/obj/amd64-linux.gcc-sniper/CMakeFiles/CMakeTmp

Run Build Command:/usr/bin/make "cmTryCompileExec/fast"
make[2]: Entering directory '/data/marg/abhishek/CoMeT/benchmarks/parsec/parsec-2.1/pkgs/tools/cmake/obj/amd64-linux.gcc-sniper/CMakeFiles/CMakeTmp'
/usr/bin/make -f CMakeFiles/cmTryCompileExec.dir/build.make CMakeFiles/cmTryCompileExec.dir/build
make[3]: Entering directory '/data/marg/abhishek/CoMeT/benchmarks/parsec/parsec-2.1/pkgs/tools/cmake/obj/amd64-linux.gcc-sniper/CMakeFiles/CMakeTmp'
/data/marg/abhishek/CoMeT/benchmarks/parsec/parsec-2.1/pkgs/tools/cmake/obj/amd64-linux.gcc-sniper/Bootstrap.cmk/cmake -E cmake_progress_report /data/marg/abhishek/CoMeT/benchmarks/parsec/parsec-2.1/pkgs/tools/cmake/obj/amd64-linux.gcc-sniper/CMakeFiles/CMakeTmp/CMakeFiles 1
Building C object CMakeFiles/cmTryCompileExec.dir/src.c.o
/usr/bin/gcc   -O3 -funroll-loops -fprefetch-loop-arrays -static-libgcc -Wl,--hash-style=both,--as-needed -DPARSEC_VERSION=2.1 -DENABLE_PARSEC_HOOKS -I/data/marg/abhishek/CoMeT/benchmarks/parsec/parsec-2.1/pkgs/libs/hooks/inst/amd64-linux.gcc-sniper/include -I/data/marg/abhishek/CoMeT/benchmarks/tools/hooks -I/data/marg/abhishek/CoMeT/include -DENABLE_PARMACS   -Dcurl_cv_func_send_test   -o CMakeFiles/cmTryCompileExec.dir/src.c.o   -c /data/marg/abhishek/CoMeT/benchmarks/parsec/parsec-2.1/pkgs/tools/cmake/obj/amd64-linux.gcc-sniper/CMakeFiles/CMakeTmp/src.c
/data/marg/abhishek/CoMeT/benchmarks/parsec/parsec-2.1/pkgs/tools/cmake/obj/amd64-linux.gcc-sniper/CMakeFiles/CMakeTmp/src.c:7:13: error: conflicting types for ‘send’
    7 | extern int  send(ssize_t, const void *, size_t, int);
      |             ^~~~
In file included from /data/marg/abhishek/CoMeT/benchmarks/parsec/parsec-2.1/pkgs/tools/cmake/obj/amd64-linux.gcc-sniper/CMakeFiles/CMakeTmp/src.c:6:
/usr/include/x86_64-linux-gnu/sys/socket.h:138:16: note: previous declaration of ‘send’ was here
  138 | extern ssize_t send (int __fd, const void *__buf, size_t __n, int __flags);
      |                ^~~~
make[3]: Leaving directory '/data/marg/abhishek/CoMeT/benchmarks/parsec/parsec-2.1/pkgs/tools/cmake/obj/amd64-linux.gcc-sniper/CMakeFiles/CMakeTmp'
make[3]: *** [CMakeFiles/cmTryCompileExec.dir/build.make:56: CMakeFiles/cmTryCompileExec.dir/src.c.o] Error 1
make[2]: *** [Makefile:111: cmTryCompileExec/fast] Error 2
make[2]: Leaving directory '/data/marg/abhishek/CoMeT/benchmarks/parsec/parsec-2.1/pkgs/tools/cmake/obj/amd64-linux.gcc-sniper/CMakeFiles/CMakeTmp'

Source file was:
#define __unused1
#undef inline
#define __unused2

#include <sys/types.h>
#include <sys/socket.h>
extern int  send(ssize_t, const void *, size_t, int);
#define __unused5 1

int main() { 
                    ssize_t s=0;
                    const void * buf=0;
                    size_t len=0;
                    int flags=0;
                    int res = send(s, buf, len, flags) ; return 0; }
Performing C SOURCE FILE Test int send(ssize_t, const void *, size_t, unsigned int) (curl_cv_func_send_test) failed with the following output:
Change Dir: /data/marg/abhishek/CoMeT/benchmarks/parsec/parsec-2.1/pkgs/tools/cmake/obj/amd64-linux.gcc-sniper/CMakeFiles/CMakeTmp

Run Build Command:/usr/bin/make "cmTryCompileExec/fast"
make[2]: Entering directory '/data/marg/abhishek/CoMeT/benchmarks/parsec/parsec-2.1/pkgs/tools/cmake/obj/amd64-linux.gcc-sniper/CMakeFiles/CMakeTmp'
/usr/bin/make -f CMakeFiles/cmTryCompileExec.dir/build.make CMakeFiles/cmTryCompileExec.dir/build
make[3]: Entering directory '/data/marg/abhishek/CoMeT/benchmarks/parsec/parsec-2.1/pkgs/tools/cmake/obj/amd64-linux.gcc-sniper/CMakeFiles/CMakeTmp'
/data/marg/abhishek/CoMeT/benchmarks/parsec/parsec-2.1/pkgs/tools/cmake/obj/amd64-linux.gcc-sniper/Bootstrap.cmk/cmake -E cmake_progress_report /data/marg/abhishek/CoMeT/benchmarks/parsec/parsec-2.1/pkgs/tools/cmake/obj/amd64-linux.gcc-sniper/CMakeFiles/CMakeTmp/CMakeFiles 1
Building C object CMakeFiles/cmTryCompileExec.dir/src.c.o
/usr/bin/gcc   -O3 -funroll-loops -fprefetch-loop-arrays -static-libgcc -Wl,--hash-style=both,--as-needed -DPARSEC_VERSION=2.1 -DENABLE_PARSEC_HOOKS -I/data/marg/abhishek/CoMeT/benchmarks/parsec/parsec-2.1/pkgs/libs/hooks/inst/amd64-linux.gcc-sniper/include -I/data/marg/abhishek/CoMeT/benchmarks/tools/hooks -I/data/marg/abhishek/CoMeT/include -DENABLE_PARMACS   -Dcurl_cv_func_send_test   -o CMakeFiles/cmTryCompileExec.dir/src.c.o   -c /data/marg/abhishek/CoMeT/benchmarks/parsec/parsec-2.1/pkgs/tools/cmake/obj/amd64-linux.gcc-sniper/CMakeFiles/CMakeTmp/src.c
/data/marg/abhishek/CoMeT/benchmarks/parsec/parsec-2.1/pkgs/tools/cmake/obj/amd64-linux.gcc-sniper/CMakeFiles/CMakeTmp/src.c:7:13: error: conflicting types for ‘send’
    7 | extern int  send(ssize_t, const void *, size_t, unsigned int);
      |             ^~~~
In file included from /data/marg/abhishek/CoMeT/benchmarks/parsec/parsec-2.1/pkgs/tools/cmake/obj/amd64-linux.gcc-sniper/CMakeFiles/CMakeTmp/src.c:6:
/usr/include/x86_64-linux-gnu/sys/socket.h:138:16: note: previous declaration of ‘send’ was here
  138 | extern ssize_t send (int __fd, const void *__buf, size_t __n, int __flags);
      |                ^~~~
make[3]: Leaving directory '/data/marg/abhishek/CoMeT/benchmarks/parsec/parsec-2.1/pkgs/tools/cmake/obj/amd64-linux.gcc-sniper/CMakeFiles/CMakeTmp'
make[3]: *** [CMakeFiles/cmTryCompileExec.dir/build.make:56: CMakeFiles/cmTryCompileExec.dir/src.c.o] Error 1
make[2]: *** [Makefile:111: cmTryCompileExec/fast] Error 2
make[2]: Leaving directory '/data/marg/abhishek/CoMeT/benchmarks/parsec/parsec-2.1/pkgs/tools/cmake/obj/amd64-linux.gcc-sniper/CMakeFiles/CMakeTmp'

Source file was:
#define __unused1
#undef inline
#define __unused2

#include <sys/types.h>
#include <sys/socket.h>
extern int  send(ssize_t, const void *, size_t, unsigned int);
#define __unused5 1

int main() { 
                    ssize_t s=0;
                    const void * buf=0;
                    size_t len=0;
                    unsigned int flags=0;
                    int res = send(s, buf, len, flags) ; return 0; }
Performing C SOURCE FILE Test int send(ssize_t, const void *, int, int) (curl_cv_func_send_test) failed with the following output:
Change Dir: /data/marg/abhishek/CoMeT/benchmarks/parsec/parsec-2.1/pkgs/tools/cmake/obj/amd64-linux.gcc-sniper/CMakeFiles/CMakeTmp

Run Build Command:/usr/bin/make "cmTryCompileExec/fast"
make[2]: Entering directory '/data/marg/abhishek/CoMeT/benchmarks/parsec/parsec-2.1/pkgs/tools/cmake/obj/amd64-linux.gcc-sniper/CMakeFiles/CMakeTmp'
/usr/bin/make -f CMakeFiles/cmTryCompileExec.dir/build.make CMakeFiles/cmTryCompileExec.dir/build
make[3]: Entering directory '/data/marg/abhishek/CoMeT/benchmarks/parsec/parsec-2.1/pkgs/tools/cmake/obj/amd64-linux.gcc-sniper/CMakeFiles/CMakeTmp'
/data/marg/abhishek/CoMeT/benchmarks/parsec/parsec-2.1/pkgs/tools/cmake/obj/amd64-linux.gcc-sniper/Bootstrap.cmk/cmake -E cmake_progress_report /data/marg/abhishek/CoMeT/benchmarks/parsec/parsec-2.1/pkgs/tools/cmake/obj/amd64-linux.gcc-sniper/CMakeFiles/CMakeTmp/CMakeFiles 1
Building C object CMakeFiles/cmTryCompileExec.dir/src.c.o
/usr/bin/gcc   -O3 -funroll-loops -fprefetch-loop-arrays -static-libgcc -Wl,--hash-style=both,--as-needed -DPARSEC_VERSION=2.1 -DENABLE_PARSEC_HOOKS -I/data/marg/abhishek/CoMeT/benchmarks/parsec/parsec-2.1/pkgs/libs/hooks/inst/amd64-linux.gcc-sniper/include -I/data/marg/abhishek/CoMeT/benchmarks/tools/hooks -I/data/marg/abhishek/CoMeT/include -DENABLE_PARMACS   -Dcurl_cv_func_send_test   -o CMakeFiles/cmTryCompileExec.dir/src.c.o   -c /data/marg/abhishek/CoMeT/benchmarks/parsec/parsec-2.1/pkgs/tools/cmake/obj/amd64-linux.gcc-sniper/CMakeFiles/CMakeTmp/src.c
/data/marg/abhishek/CoMeT/benchmarks/parsec/parsec-2.1/pkgs/tools/cmake/obj/amd64-linux.gcc-sniper/CMakeFiles/CMakeTmp/src.c:7:13: error: conflicting types for ‘send’
    7 | extern int  send(ssize_t, const void *, int, int);
      |             ^~~~
In file included from /data/marg/abhishek/CoMeT/benchmarks/parsec/parsec-2.1/pkgs/tools/cmake/obj/amd64-linux.gcc-sniper/CMakeFiles/CMakeTmp/src.c:6:
/usr/include/x86_64-linux-gnu/sys/socket.h:138:16: note: previous declaration of ‘send’ was here
  138 | extern ssize_t send (int __fd, const void *__buf, size_t __n, int __flags);
      |                ^~~~
make[3]: Leaving directory '/data/marg/abhishek/CoMeT/benchmarks/parsec/parsec-2.1/pkgs/tools/cmake/obj/amd64-linux.gcc-sniper/CMakeFiles/CMakeTmp'
make[3]: *** [CMakeFiles/cmTryCompileExec.dir/build.make:56: CMakeFiles/cmTryCompileExec.dir/src.c.o] Error 1
make[2]: *** [Makefile:111: cmTryCompileExec/fast] Error 2
make[2]: Leaving directory '/data/marg/abhishek/CoMeT/benchmarks/parsec/parsec-2.1/pkgs/tools/cmake/obj/amd64-linux.gcc-sniper/CMakeFiles/CMakeTmp'

Source file was:
#define __unused1
#undef inline
#define __unused2

#include <sys/types.h>
#include <sys/socket.h>
extern int  send(ssize_t, const void *, int, int);
#define __unused5 1

int main() { 
                    ssize_t s=0;
                    const void * buf=0;
                    int len=0;
                    int flags=0;
                    int res = send(s, buf, len, flags) ; return 0; }
Performing C SOURCE FILE Test int send(ssize_t, const void *, int, unsigned int) (curl_cv_func_send_test) failed with the following output:
Change Dir: /data/marg/abhishek/CoMeT/benchmarks/parsec/parsec-2.1/pkgs/tools/cmake/obj/amd64-linux.gcc-sniper/CMakeFiles/CMakeTmp

Run Build Command:/usr/bin/make "cmTryCompileExec/fast"
make[2]: Entering directory '/data/marg/abhishek/CoMeT/benchmarks/parsec/parsec-2.1/pkgs/tools/cmake/obj/amd64-linux.gcc-sniper/CMakeFiles/CMakeTmp'
/usr/bin/make -f CMakeFiles/cmTryCompileExec.dir/build.make CMakeFiles/cmTryCompileExec.dir/build
make[3]: Entering directory '/data/marg/abhishek/CoMeT/benchmarks/parsec/parsec-2.1/pkgs/tools/cmake/obj/amd64-linux.gcc-sniper/CMakeFiles/CMakeTmp'
/data/marg/abhishek/CoMeT/benchmarks/parsec/parsec-2.1/pkgs/tools/cmake/obj/amd64-linux.gcc-sniper/Bootstrap.cmk/cmake -E cmake_progress_report /data/marg/abhishek/CoMeT/benchmarks/parsec/parsec-2.1/pkgs/tools/cmake/obj/amd64-linux.gcc-sniper/CMakeFiles/CMakeTmp/CMakeFiles 1
Building C object CMakeFiles/cmTryCompileExec.dir/src.c.o
/usr/bin/gcc   -O3 -funroll-loops -fprefetch-loop-arrays -static-libgcc -Wl,--hash-style=both,--as-needed -DPARSEC_VERSION=2.1 -DENABLE_PARSEC_HOOKS -I/data/marg/abhishek/CoMeT/benchmarks/parsec/parsec-2.1/pkgs/libs/hooks/inst/amd64-linux.gcc-sniper/include -I/data/marg/abhishek/CoMeT/benchmarks/tools/hooks -I/data/marg/abhishek/CoMeT/include -DENABLE_PARMACS   -Dcurl_cv_func_send_test   -o CMakeFiles/cmTryCompileExec.dir/src.c.o   -c /data/marg/abhishek/CoMeT/benchmarks/parsec/parsec-2.1/pkgs/tools/cmake/obj/amd64-linux.gcc-sniper/CMakeFiles/CMakeTmp/src.c
/data/marg/abhishek/CoMeT/benchmarks/parsec/parsec-2.1/pkgs/tools/cmake/obj/amd64-linux.gcc-sniper/CMakeFiles/CMakeTmp/src.c:7:13: error: conflicting types for ‘send’
    7 | extern int  send(ssize_t, const void *, int, unsigned int);
      |             ^~~~
In file included from /data/marg/abhishek/CoMeT/benchmarks/parsec/parsec-2.1/pkgs/tools/cmake/obj/amd64-linux.gcc-sniper/CMakeFiles/CMakeTmp/src.c:6:
/usr/include/x86_64-linux-gnu/sys/socket.h:138:16: note: previous declaration of ‘send’ was here
  138 | extern ssize_t send (int __fd, const void *__buf, size_t __n, int __flags);
      |                ^~~~
make[3]: Leaving directory '/data/marg/abhishek/CoMeT/benchmarks/parsec/parsec-2.1/pkgs/tools/cmake/obj/amd64-linux.gcc-sniper/CMakeFiles/CMakeTmp'
make[3]: *** [CMakeFiles/cmTryCompileExec.dir/build.make:56: CMakeFiles/cmTryCompileExec.dir/src.c.o] Error 1
make[2]: *** [Makefile:111: cmTryCompileExec/fast] Error 2
make[2]: Leaving directory '/data/marg/abhishek/CoMeT/benchmarks/parsec/parsec-2.1/pkgs/tools/cmake/obj/amd64-linux.gcc-sniper/CMakeFiles/CMakeTmp'

Source file was:
#define __unused1
#undef inline
#define __unused2

#include <sys/types.h>
#include <sys/socket.h>
extern int  send(ssize_t, const void *, int, unsigned int);
#define __unused5 1

int main() { 
                    ssize_t s=0;
                    const void * buf=0;
                    int len=0;
                    unsigned int flags=0;
                    int res = send(s, buf, len, flags) ; return 0; }
Performing C SOURCE FILE Test int send(ssize_t, const void *, socklen_t, int) (curl_cv_func_send_test) failed with the following output:
Change Dir: /data/marg/abhishek/CoMeT/benchmarks/parsec/parsec-2.1/pkgs/tools/cmake/obj/amd64-linux.gcc-sniper/CMakeFiles/CMakeTmp

Run Build Command:/usr/bin/make "cmTryCompileExec/fast"
make[2]: Entering directory '/data/marg/abhishek/CoMeT/benchmarks/parsec/parsec-2.1/pkgs/tools/cmake/obj/amd64-linux.gcc-sniper/CMakeFiles/CMakeTmp'
/usr/bin/make -f CMakeFiles/cmTryCompileExec.dir/build.make CMakeFiles/cmTryCompileExec.dir/build
make[3]: Entering directory '/data/marg/abhishek/CoMeT/benchmarks/parsec/parsec-2.1/pkgs/tools/cmake/obj/amd64-linux.gcc-sniper/CMakeFiles/CMakeTmp'
/data/marg/abhishek/CoMeT/benchmarks/parsec/parsec-2.1/pkgs/tools/cmake/obj/amd64-linux.gcc-sniper/Bootstrap.cmk/cmake -E cmake_progress_report /data/marg/abhishek/CoMeT/benchmarks/parsec/parsec-2.1/pkgs/tools/cmake/obj/amd64-linux.gcc-sniper/CMakeFiles/CMakeTmp/CMakeFiles 1
Building C object CMakeFiles/cmTryCompileExec.dir/src.c.o
/usr/bin/gcc   -O3 -funroll-loops -fprefetch-loop-arrays -static-libgcc -Wl,--hash-style=both,--as-needed -DPARSEC_VERSION=2.1 -DENABLE_PARSEC_HOOKS -I/data/marg/abhishek/CoMeT/benchmarks/parsec/parsec-2.1/pkgs/libs/hooks/inst/amd64-linux.gcc-sniper/include -I/data/marg/abhishek/CoMeT/benchmarks/tools/hooks -I/data/marg/abhishek/CoMeT/include -DENABLE_PARMACS   -Dcurl_cv_func_send_test   -o CMakeFiles/cmTryCompileExec.dir/src.c.o   -c /data/marg/abhishek/CoMeT/benchmarks/parsec/parsec-2.1/pkgs/tools/cmake/obj/amd64-linux.gcc-sniper/CMakeFiles/CMakeTmp/src.c
/data/marg/abhishek/CoMeT/benchmarks/parsec/parsec-2.1/pkgs/tools/cmake/obj/amd64-linux.gcc-sniper/CMakeFiles/CMakeTmp/src.c:7:13: error: conflicting types for ‘send’
    7 | extern int  send(ssize_t, const void *, socklen_t, int);
      |             ^~~~
In file included from /data/marg/abhishek/CoMeT/benchmarks/parsec/parsec-2.1/pkgs/tools/cmake/obj/amd64-linux.gcc-sniper/CMakeFiles/CMakeTmp/src.c:6:
/usr/include/x86_64-linux-gnu/sys/socket.h:138:16: note: previous declaration of ‘send’ was here
  138 | extern ssize_t send (int __fd, const void *__buf, size_t __n, int __flags);
      |                ^~~~
make[3]: Leaving directory '/data/marg/abhishek/CoMeT/benchmarks/parsec/parsec-2.1/pkgs/tools/cmake/obj/amd64-linux.gcc-sniper/CMakeFiles/CMakeTmp'
make[3]: *** [CMakeFiles/cmTryCompileExec.dir/build.make:56: CMakeFiles/cmTryCompileExec.dir/src.c.o] Error 1
make[2]: *** [Makefile:111: cmTryCompileExec/fast] Error 2
make[2]: Leaving directory '/data/marg/abhishek/CoMeT/benchmarks/parsec/parsec-2.1/pkgs/tools/cmake/obj/amd64-linux.gcc-sniper/CMakeFiles/CMakeTmp'

Source file was:
#define __unused1
#undef inline
#define __unused2

#include <sys/types.h>
#include <sys/socket.h>
extern int  send(ssize_t, const void *, socklen_t, int);
#define __unused5 1

int main() { 
                    ssize_t s=0;
                    const void * buf=0;
                    socklen_t len=0;
                    int flags=0;
                    int res = send(s, buf, len, flags) ; return 0; }
Performing C SOURCE FILE Test int send(ssize_t, const void *, socklen_t, unsigned int) (curl_cv_func_send_test) failed with the following output:
Change Dir: /data/marg/abhishek/CoMeT/benchmarks/parsec/parsec-2.1/pkgs/tools/cmake/obj/amd64-linux.gcc-sniper/CMakeFiles/CMakeTmp

Run Build Command:/usr/bin/make "cmTryCompileExec/fast"
make[2]: Entering directory '/data/marg/abhishek/CoMeT/benchmarks/parsec/parsec-2.1/pkgs/tools/cmake/obj/amd64-linux.gcc-sniper/CMakeFiles/CMakeTmp'
/usr/bin/make -f CMakeFiles/cmTryCompileExec.dir/build.make CMakeFiles/cmTryCompileExec.dir/build
make[3]: Entering directory '/data/marg/abhishek/CoMeT/benchmarks/parsec/parsec-2.1/pkgs/tools/cmake/obj/amd64-linux.gcc-sniper/CMakeFiles/CMakeTmp'
/data/marg/abhishek/CoMeT/benchmarks/parsec/parsec-2.1/pkgs/tools/cmake/obj/amd64-linux.gcc-sniper/Bootstrap.cmk/cmake -E cmake_progress_report /data/marg/abhishek/CoMeT/benchmarks/parsec/parsec-2.1/pkgs/tools/cmake/obj/amd64-linux.gcc-sniper/CMakeFiles/CMakeTmp/CMakeFiles 1
Building C object CMakeFiles/cmTryCompileExec.dir/src.c.o
/usr/bin/gcc   -O3 -funroll-loops -fprefetch-loop-arrays -static-libgcc -Wl,--hash-style=both,--as-needed -DPARSEC_VERSION=2.1 -DENABLE_PARSEC_HOOKS -I/data/marg/abhishek/CoMeT/benchmarks/parsec/parsec-2.1/pkgs/libs/hooks/inst/amd64-linux.gcc-sniper/include -I/data/marg/abhishek/CoMeT/benchmarks/tools/hooks -I/data/marg/abhishek/CoMeT/include -DENABLE_PARMACS   -Dcurl_cv_func_send_test   -o CMakeFiles/cmTryCompileExec.dir/src.c.o   -c /data/marg/abhishek/CoMeT/benchmarks/parsec/parsec-2.1/pkgs/tools/cmake/obj/amd64-linux.gcc-sniper/CMakeFiles/CMakeTmp/src.c
/data/marg/abhishek/CoMeT/benchmarks/parsec/parsec-2.1/pkgs/tools/cmake/obj/amd64-linux.gcc-sniper/CMakeFiles/CMakeTmp/src.c:7:13: error: conflicting types for ‘send’
    7 | extern int  send(ssize_t, const void *, socklen_t, unsigned int);
      |             ^~~~
In file included from /data/marg/abhishek/CoMeT/benchmarks/parsec/parsec-2.1/pkgs/tools/cmake/obj/amd64-linux.gcc-sniper/CMakeFiles/CMakeTmp/src.c:6:
/usr/include/x86_64-linux-gnu/sys/socket.h:138:16: note: previous declaration of ‘send’ was here
  138 | extern ssize_t send (int __fd, const void *__buf, size_t __n, int __flags);
      |                ^~~~
make[3]: Leaving directory '/data/marg/abhishek/CoMeT/benchmarks/parsec/parsec-2.1/pkgs/tools/cmake/obj/amd64-linux.gcc-sniper/CMakeFiles/CMakeTmp'
make[3]: *** [CMakeFiles/cmTryCompileExec.dir/build.make:56: CMakeFiles/cmTryCompileExec.dir/src.c.o] Error 1
make[2]: *** [Makefile:111: cmTryCompileExec/fast] Error 2
make[2]: Leaving directory '/data/marg/abhishek/CoMeT/benchmarks/parsec/parsec-2.1/pkgs/tools/cmake/obj/amd64-linux.gcc-sniper/CMakeFiles/CMakeTmp'

Source file was:
#define __unused1
#undef inline
#define __unused2

#include <sys/types.h>
#include <sys/socket.h>
extern int  send(ssize_t, const void *, socklen_t, unsigned int);
#define __unused5 1

int main() { 
                    ssize_t s=0;
                    const void * buf=0;
                    socklen_t len=0;
                    unsigned int flags=0;
                    int res = send(s, buf, len, flags) ; return 0; }
Performing C SOURCE FILE Test int send(ssize_t, const void *, unsigned int, int) (curl_cv_func_send_test) failed with the following output:
Change Dir: /data/marg/abhishek/CoMeT/benchmarks/parsec/parsec-2.1/pkgs/tools/cmake/obj/amd64-linux.gcc-sniper/CMakeFiles/CMakeTmp

Run Build Command:/usr/bin/make "cmTryCompileExec/fast"
make[2]: Entering directory '/data/marg/abhishek/CoMeT/benchmarks/parsec/parsec-2.1/pkgs/tools/cmake/obj/amd64-linux.gcc-sniper/CMakeFiles/CMakeTmp'
/usr/bin/make -f CMakeFiles/cmTryCompileExec.dir/build.make CMakeFiles/cmTryCompileExec.dir/build
make[3]: Entering directory '/data/marg/abhishek/CoMeT/benchmarks/parsec/parsec-2.1/pkgs/tools/cmake/obj/amd64-linux.gcc-sniper/CMakeFiles/CMakeTmp'
/data/marg/abhishek/CoMeT/benchmarks/parsec/parsec-2.1/pkgs/tools/cmake/obj/amd64-linux.gcc-sniper/Bootstrap.cmk/cmake -E cmake_progress_report /data/marg/abhishek/CoMeT/benchmarks/parsec/parsec-2.1/pkgs/tools/cmake/obj/amd64-linux.gcc-sniper/CMakeFiles/CMakeTmp/CMakeFiles 1
Building C object CMakeFiles/cmTryCompileExec.dir/src.c.o
/usr/bin/gcc   -O3 -funroll-loops -fprefetch-loop-arrays -static-libgcc -Wl,--hash-style=both,--as-needed -DPARSEC_VERSION=2.1 -DENABLE_PARSEC_HOOKS -I/data/marg/abhishek/CoMeT/benchmarks/parsec/parsec-2.1/pkgs/libs/hooks/inst/amd64-linux.gcc-sniper/include -I/data/marg/abhishek/CoMeT/benchmarks/tools/hooks -I/data/marg/abhishek/CoMeT/include -DENABLE_PARMACS   -Dcurl_cv_func_send_test   -o CMakeFiles/cmTryCompileExec.dir/src.c.o   -c /data/marg/abhishek/CoMeT/benchmarks/parsec/parsec-2.1/pkgs/tools/cmake/obj/amd64-linux.gcc-sniper/CMakeFiles/CMakeTmp/src.c
/data/marg/abhishek/CoMeT/benchmarks/parsec/parsec-2.1/pkgs/tools/cmake/obj/amd64-linux.gcc-sniper/CMakeFiles/CMakeTmp/src.c:7:13: error: conflicting types for ‘send’
    7 | extern int  send(ssize_t, const void *, unsigned int, int);
      |             ^~~~
In file included from /data/marg/abhishek/CoMeT/benchmarks/parsec/parsec-2.1/pkgs/tools/cmake/obj/amd64-linux.gcc-sniper/CMakeFiles/CMakeTmp/src.c:6:
/usr/include/x86_64-linux-gnu/sys/socket.h:138:16: note: previous declaration of ‘send’ was here
  138 | extern ssize_t send (int __fd, const void *__buf, size_t __n, int __flags);
      |                ^~~~
make[3]: *** [CMakeFiles/cmTryCompileExec.dir/build.make:56: CMakeFiles/cmTryCompileExec.dir/src.c.o] Error 1
make[3]: Leaving directory '/data/marg/abhishek/CoMeT/benchmarks/parsec/parsec-2.1/pkgs/tools/cmake/obj/amd64-linux.gcc-sniper/CMakeFiles/CMakeTmp'
make[2]: *** [Makefile:111: cmTryCompileExec/fast] Error 2
make[2]: Leaving directory '/data/marg/abhishek/CoMeT/benchmarks/parsec/parsec-2.1/pkgs/tools/cmake/obj/amd64-linux.gcc-sniper/CMakeFiles/CMakeTmp'

Source file was:
#define __unused1
#undef inline
#define __unused2

#include <sys/types.h>
#include <sys/socket.h>
extern int  send(ssize_t, const void *, unsigned int, int);
#define __unused5 1

int main() { 
                    ssize_t s=0;
                    const void * buf=0;
                    unsigned int len=0;
                    int flags=0;
                    int res = send(s, buf, len, flags) ; return 0; }
Performing C SOURCE FILE Test int send(ssize_t, const void *, unsigned int, unsigned int) (curl_cv_func_send_test) failed with the following output:
Change Dir: /data/marg/abhishek/CoMeT/benchmarks/parsec/parsec-2.1/pkgs/tools/cmake/obj/amd64-linux.gcc-sniper/CMakeFiles/CMakeTmp

Run Build Command:/usr/bin/make "cmTryCompileExec/fast"
make[2]: Entering directory '/data/marg/abhishek/CoMeT/benchmarks/parsec/parsec-2.1/pkgs/tools/cmake/obj/amd64-linux.gcc-sniper/CMakeFiles/CMakeTmp'
/usr/bin/make -f CMakeFiles/cmTryCompileExec.dir/build.make CMakeFiles/cmTryCompileExec.dir/build
make[3]: Entering directory '/data/marg/abhishek/CoMeT/benchmarks/parsec/parsec-2.1/pkgs/tools/cmake/obj/amd64-linux.gcc-sniper/CMakeFiles/CMakeTmp'
/data/marg/abhishek/CoMeT/benchmarks/parsec/parsec-2.1/pkgs/tools/cmake/obj/amd64-linux.gcc-sniper/Bootstrap.cmk/cmake -E cmake_progress_report /data/marg/abhishek/CoMeT/benchmarks/parsec/parsec-2.1/pkgs/tools/cmake/obj/amd64-linux.gcc-sniper/CMakeFiles/CMakeTmp/CMakeFiles 1
Building C object CMakeFiles/cmTryCompileExec.dir/src.c.o
/usr/bin/gcc   -O3 -funroll-loops -fprefetch-loop-arrays -static-libgcc -Wl,--hash-style=both,--as-needed -DPARSEC_VERSION=2.1 -DENABLE_PARSEC_HOOKS -I/data/marg/abhishek/CoMeT/benchmarks/parsec/parsec-2.1/pkgs/libs/hooks/inst/amd64-linux.gcc-sniper/include -I/data/marg/abhishek/CoMeT/benchmarks/tools/hooks -I/data/marg/abhishek/CoMeT/include -DENABLE_PARMACS   -Dcurl_cv_func_send_test   -o CMakeFiles/cmTryCompileExec.dir/src.c.o   -c /data/marg/abhishek/CoMeT/benchmarks/parsec/parsec-2.1/pkgs/tools/cmake/obj/amd64-linux.gcc-sniper/CMakeFiles/CMakeTmp/src.c
/data/marg/abhishek/CoMeT/benchmarks/parsec/parsec-2.1/pkgs/tools/cmake/obj/amd64-linux.gcc-sniper/CMakeFiles/CMakeTmp/src.c:7:13: error: conflicting types for ‘send’
    7 | extern int  send(ssize_t, const void *, unsigned int, unsigned int);
      |             ^~~~
In file included from /data/marg/abhishek/CoMeT/benchmarks/parsec/parsec-2.1/pkgs/tools/cmake/obj/amd64-linux.gcc-sniper/CMakeFiles/CMakeTmp/src.c:6:
/usr/include/x86_64-linux-gnu/sys/socket.h:138:16: note: previous declaration of ‘send’ was here
  138 | extern ssize_t send (int __fd, const void *__buf, size_t __n, int __flags);
      |                ^~~~
make[3]: Leaving directory '/data/marg/abhishek/CoMeT/benchmarks/parsec/parsec-2.1/pkgs/tools/cmake/obj/amd64-linux.gcc-sniper/CMakeFiles/CMakeTmp'
make[3]: *** [CMakeFiles/cmTryCompileExec.dir/build.make:56: CMakeFiles/cmTryCompileExec.dir/src.c.o] Error 1
make[2]: *** [Makefile:111: cmTryCompileExec/fast] Error 2
make[2]: Leaving directory '/data/marg/abhishek/CoMeT/benchmarks/parsec/parsec-2.1/pkgs/tools/cmake/obj/amd64-linux.gcc-sniper/CMakeFiles/CMakeTmp'

Source file was:
#define __unused1
#undef inline
#define __unused2

#include <sys/types.h>
#include <sys/socket.h>
extern int  send(ssize_t, const void *, unsigned int, unsigned int);
#define __unused5 1

int main() { 
                    ssize_t s=0;
                    const void * buf=0;
                    unsigned int len=0;
                    unsigned int flags=0;
                    int res = send(s, buf, len, flags) ; return 0; }
Performing C SOURCE FILE Test int send(ssize_t, void *, size_t, int) (curl_cv_func_send_test) failed with the following output:
Change Dir: /data/marg/abhishek/CoMeT/benchmarks/parsec/parsec-2.1/pkgs/tools/cmake/obj/amd64-linux.gcc-sniper/CMakeFiles/CMakeTmp

Run Build Command:/usr/bin/make "cmTryCompileExec/fast"
make[2]: Entering directory '/data/marg/abhishek/CoMeT/benchmarks/parsec/parsec-2.1/pkgs/tools/cmake/obj/amd64-linux.gcc-sniper/CMakeFiles/CMakeTmp'
/usr/bin/make -f CMakeFiles/cmTryCompileExec.dir/build.make CMakeFiles/cmTryCompileExec.dir/build
make[3]: Entering directory '/data/marg/abhishek/CoMeT/benchmarks/parsec/parsec-2.1/pkgs/tools/cmake/obj/amd64-linux.gcc-sniper/CMakeFiles/CMakeTmp'
/data/marg/abhishek/CoMeT/benchmarks/parsec/parsec-2.1/pkgs/tools/cmake/obj/amd64-linux.gcc-sniper/Bootstrap.cmk/cmake -E cmake_progress_report /data/marg/abhishek/CoMeT/benchmarks/parsec/parsec-2.1/pkgs/tools/cmake/obj/amd64-linux.gcc-sniper/CMakeFiles/CMakeTmp/CMakeFiles 1
Building C object CMakeFiles/cmTryCompileExec.dir/src.c.o
/usr/bin/gcc   -O3 -funroll-loops -fprefetch-loop-arrays -static-libgcc -Wl,--hash-style=both,--as-needed -DPARSEC_VERSION=2.1 -DENABLE_PARSEC_HOOKS -I/data/marg/abhishek/CoMeT/benchmarks/parsec/parsec-2.1/pkgs/libs/hooks/inst/amd64-linux.gcc-sniper/include -I/data/marg/abhishek/CoMeT/benchmarks/tools/hooks -I/data/marg/abhishek/CoMeT/include -DENABLE_PARMACS   -Dcurl_cv_func_send_test   -o CMakeFiles/cmTryCompileExec.dir/src.c.o   -c /data/marg/abhishek/CoMeT/benchmarks/parsec/parsec-2.1/pkgs/tools/cmake/obj/amd64-linux.gcc-sniper/CMakeFiles/CMakeTmp/src.c
/data/marg/abhishek/CoMeT/benchmarks/parsec/parsec-2.1/pkgs/tools/cmake/obj/amd64-linux.gcc-sniper/CMakeFiles/CMakeTmp/src.c:7:13: error: conflicting types for ‘send’
    7 | extern int  send(ssize_t, void *, size_t, int);
      |             ^~~~
In file included from /data/marg/abhishek/CoMeT/benchmarks/parsec/parsec-2.1/pkgs/tools/cmake/obj/amd64-linux.gcc-sniper/CMakeFiles/CMakeTmp/src.c:6:
/usr/include/x86_64-linux-gnu/sys/socket.h:138:16: note: previous declaration of ‘send’ was here
  138 | extern ssize_t send (int __fd, const void *__buf, size_t __n, int __flags);
      |                ^~~~
make[3]: Leaving directory '/data/marg/abhishek/CoMeT/benchmarks/parsec/parsec-2.1/pkgs/tools/cmake/obj/amd64-linux.gcc-sniper/CMakeFiles/CMakeTmp'
make[3]: *** [CMakeFiles/cmTryCompileExec.dir/build.make:56: CMakeFiles/cmTryCompileExec.dir/src.c.o] Error 1
make[2]: *** [Makefile:111: cmTryCompileExec/fast] Error 2
make[2]: Leaving directory '/data/marg/abhishek/CoMeT/benchmarks/parsec/parsec-2.1/pkgs/tools/cmake/obj/amd64-linux.gcc-sniper/CMakeFiles/CMakeTmp'

Source file was:
#define __unused1
#undef inline
#define __unused2

#include <sys/types.h>
#include <sys/socket.h>
extern int  send(ssize_t, void *, size_t, int);
#define __unused5 1

int main() { 
                    ssize_t s=0;
                    void * buf=0;
                    size_t len=0;
                    int flags=0;
                    int res = send(s, buf, len, flags) ; return 0; }
Performing C SOURCE FILE Test int send(ssize_t, void *, size_t, unsigned int) (curl_cv_func_send_test) failed with the following output:
Change Dir: /data/marg/abhishek/CoMeT/benchmarks/parsec/parsec-2.1/pkgs/tools/cmake/obj/amd64-linux.gcc-sniper/CMakeFiles/CMakeTmp

Run Build Command:/usr/bin/make "cmTryCompileExec/fast"
make[2]: Entering directory '/data/marg/abhishek/CoMeT/benchmarks/parsec/parsec-2.1/pkgs/tools/cmake/obj/amd64-linux.gcc-sniper/CMakeFiles/CMakeTmp'
/usr/bin/make -f CMakeFiles/cmTryCompileExec.dir/build.make CMakeFiles/cmTryCompileExec.dir/build
make[3]: Entering directory '/data/marg/abhishek/CoMeT/benchmarks/parsec/parsec-2.1/pkgs/tools/cmake/obj/amd64-linux.gcc-sniper/CMakeFiles/CMakeTmp'
/data/marg/abhishek/CoMeT/benchmarks/parsec/parsec-2.1/pkgs/tools/cmake/obj/amd64-linux.gcc-sniper/Bootstrap.cmk/cmake -E cmake_progress_report /data/marg/abhishek/CoMeT/benchmarks/parsec/parsec-2.1/pkgs/tools/cmake/obj/amd64-linux.gcc-sniper/CMakeFiles/CMakeTmp/CMakeFiles 1
Building C object CMakeFiles/cmTryCompileExec.dir/src.c.o
/usr/bin/gcc   -O3 -funroll-loops -fprefetch-loop-arrays -static-libgcc -Wl,--hash-style=both,--as-needed -DPARSEC_VERSION=2.1 -DENABLE_PARSEC_HOOKS -I/data/marg/abhishek/CoMeT/benchmarks/parsec/parsec-2.1/pkgs/libs/hooks/inst/amd64-linux.gcc-sniper/include -I/data/marg/abhishek/CoMeT/benchmarks/tools/hooks -I/data/marg/abhishek/CoMeT/include -DENABLE_PARMACS   -Dcurl_cv_func_send_test   -o CMakeFiles/cmTryCompileExec.dir/src.c.o   -c /data/marg/abhishek/CoMeT/benchmarks/parsec/parsec-2.1/pkgs/tools/cmake/obj/amd64-linux.gcc-sniper/CMakeFiles/CMakeTmp/src.c
/data/marg/abhishek/CoMeT/benchmarks/parsec/parsec-2.1/pkgs/tools/cmake/obj/amd64-linux.gcc-sniper/CMakeFiles/CMakeTmp/src.c:7:13: error: conflicting types for ‘send’
    7 | extern int  send(ssize_t, void *, size_t, unsigned int);
      |             ^~~~
In file included from /data/marg/abhishek/CoMeT/benchmarks/parsec/parsec-2.1/pkgs/tools/cmake/obj/amd64-linux.gcc-sniper/CMakeFiles/CMakeTmp/src.c:6:
/usr/include/x86_64-linux-gnu/sys/socket.h:138:16: note: previous declaration of ‘send’ was here
  138 | extern ssize_t send (int __fd, const void *__buf, size_t __n, int __flags);
      |                ^~~~
make[3]: Leaving directory '/data/marg/abhishek/CoMeT/benchmarks/parsec/parsec-2.1/pkgs/tools/cmake/obj/amd64-linux.gcc-sniper/CMakeFiles/CMakeTmp'
make[3]: *** [CMakeFiles/cmTryCompileExec.dir/build.make:56: CMakeFiles/cmTryCompileExec.dir/src.c.o] Error 1
make[2]: *** [Makefile:111: cmTryCompileExec/fast] Error 2
make[2]: Leaving directory '/data/marg/abhishek/CoMeT/benchmarks/parsec/parsec-2.1/pkgs/tools/cmake/obj/amd64-linux.gcc-sniper/CMakeFiles/CMakeTmp'

Source file was:
#define __unused1
#undef inline
#define __unused2

#include <sys/types.h>
#include <sys/socket.h>
extern int  send(ssize_t, void *, size_t, unsigned int);
#define __unused5 1

int main() { 
                    ssize_t s=0;
                    void * buf=0;
                    size_t len=0;
                    unsigned int flags=0;
                    int res = send(s, buf, len, flags) ; return 0; }
Performing C SOURCE FILE Test int send(ssize_t, void *, int, int) (curl_cv_func_send_test) failed with the following output:
Change Dir: /data/marg/abhishek/CoMeT/benchmarks/parsec/parsec-2.1/pkgs/tools/cmake/obj/amd64-linux.gcc-sniper/CMakeFiles/CMakeTmp

Run Build Command:/usr/bin/make "cmTryCompileExec/fast"
make[2]: Entering directory '/data/marg/abhishek/CoMeT/benchmarks/parsec/parsec-2.1/pkgs/tools/cmake/obj/amd64-linux.gcc-sniper/CMakeFiles/CMakeTmp'
/usr/bin/make -f CMakeFiles/cmTryCompileExec.dir/build.make CMakeFiles/cmTryCompileExec.dir/build
make[3]: Entering directory '/data/marg/abhishek/CoMeT/benchmarks/parsec/parsec-2.1/pkgs/tools/cmake/obj/amd64-linux.gcc-sniper/CMakeFiles/CMakeTmp'
/data/marg/abhishek/CoMeT/benchmarks/parsec/parsec-2.1/pkgs/tools/cmake/obj/amd64-linux.gcc-sniper/Bootstrap.cmk/cmake -E cmake_progress_report /data/marg/abhishek/CoMeT/benchmarks/parsec/parsec-2.1/pkgs/tools/cmake/obj/amd64-linux.gcc-sniper/CMakeFiles/CMakeTmp/CMakeFiles 1
Building C object CMakeFiles/cmTryCompileExec.dir/src.c.o
/usr/bin/gcc   -O3 -funroll-loops -fprefetch-loop-arrays -static-libgcc -Wl,--hash-style=both,--as-needed -DPARSEC_VERSION=2.1 -DENABLE_PARSEC_HOOKS -I/data/marg/abhishek/CoMeT/benchmarks/parsec/parsec-2.1/pkgs/libs/hooks/inst/amd64-linux.gcc-sniper/include -I/data/marg/abhishek/CoMeT/benchmarks/tools/hooks -I/data/marg/abhishek/CoMeT/include -DENABLE_PARMACS   -Dcurl_cv_func_send_test   -o CMakeFiles/cmTryCompileExec.dir/src.c.o   -c /data/marg/abhishek/CoMeT/benchmarks/parsec/parsec-2.1/pkgs/tools/cmake/obj/amd64-linux.gcc-sniper/CMakeFiles/CMakeTmp/src.c
/data/marg/abhishek/CoMeT/benchmarks/parsec/parsec-2.1/pkgs/tools/cmake/obj/amd64-linux.gcc-sniper/CMakeFiles/CMakeTmp/src.c:7:13: error: conflicting types for ‘send’
    7 | extern int  send(ssize_t, void *, int, int);
      |             ^~~~
In file included from /data/marg/abhishek/CoMeT/benchmarks/parsec/parsec-2.1/pkgs/tools/cmake/obj/amd64-linux.gcc-sniper/CMakeFiles/CMakeTmp/src.c:6:
/usr/include/x86_64-linux-gnu/sys/socket.h:138:16: note: previous declaration of ‘send’ was here
  138 | extern ssize_t send (int __fd, const void *__buf, size_t __n, int __flags);
      |                ^~~~
make[3]: Leaving directory '/data/marg/abhishek/CoMeT/benchmarks/parsec/parsec-2.1/pkgs/tools/cmake/obj/amd64-linux.gcc-sniper/CMakeFiles/CMakeTmp'
make[3]: *** [CMakeFiles/cmTryCompileExec.dir/build.make:56: CMakeFiles/cmTryCompileExec.dir/src.c.o] Error 1
make[2]: *** [Makefile:111: cmTryCompileExec/fast] Error 2
make[2]: Leaving directory '/data/marg/abhishek/CoMeT/benchmarks/parsec/parsec-2.1/pkgs/tools/cmake/obj/amd64-linux.gcc-sniper/CMakeFiles/CMakeTmp'

Source file was:
#define __unused1
#undef inline
#define __unused2

#include <sys/types.h>
#include <sys/socket.h>
extern int  send(ssize_t, void *, int, int);
#define __unused5 1

int main() { 
                    ssize_t s=0;
                    void * buf=0;
                    int len=0;
                    int flags=0;
                    int res = send(s, buf, len, flags) ; return 0; }
Performing C SOURCE FILE Test int send(ssize_t, void *, int, unsigned int) (curl_cv_func_send_test) failed with the following output:
Change Dir: /data/marg/abhishek/CoMeT/benchmarks/parsec/parsec-2.1/pkgs/tools/cmake/obj/amd64-linux.gcc-sniper/CMakeFiles/CMakeTmp

Run Build Command:/usr/bin/make "cmTryCompileExec/fast"
make[2]: Entering directory '/data/marg/abhishek/CoMeT/benchmarks/parsec/parsec-2.1/pkgs/tools/cmake/obj/amd64-linux.gcc-sniper/CMakeFiles/CMakeTmp'
/usr/bin/make -f CMakeFiles/cmTryCompileExec.dir/build.make CMakeFiles/cmTryCompileExec.dir/build
make[3]: Entering directory '/data/marg/abhishek/CoMeT/benchmarks/parsec/parsec-2.1/pkgs/tools/cmake/obj/amd64-linux.gcc-sniper/CMakeFiles/CMakeTmp'
/data/marg/abhishek/CoMeT/benchmarks/parsec/parsec-2.1/pkgs/tools/cmake/obj/amd64-linux.gcc-sniper/Bootstrap.cmk/cmake -E cmake_progress_report /data/marg/abhishek/CoMeT/benchmarks/parsec/parsec-2.1/pkgs/tools/cmake/obj/amd64-linux.gcc-sniper/CMakeFiles/CMakeTmp/CMakeFiles 1
Building C object CMakeFiles/cmTryCompileExec.dir/src.c.o
/usr/bin/gcc   -O3 -funroll-loops -fprefetch-loop-arrays -static-libgcc -Wl,--hash-style=both,--as-needed -DPARSEC_VERSION=2.1 -DENABLE_PARSEC_HOOKS -I/data/marg/abhishek/CoMeT/benchmarks/parsec/parsec-2.1/pkgs/libs/hooks/inst/amd64-linux.gcc-sniper/include -I/data/marg/abhishek/CoMeT/benchmarks/tools/hooks -I/data/marg/abhishek/CoMeT/include -DENABLE_PARMACS   -Dcurl_cv_func_send_test   -o CMakeFiles/cmTryCompileExec.dir/src.c.o   -c /data/marg/abhishek/CoMeT/benchmarks/parsec/parsec-2.1/pkgs/tools/cmake/obj/amd64-linux.gcc-sniper/CMakeFiles/CMakeTmp/src.c
/data/marg/abhishek/CoMeT/benchmarks/parsec/parsec-2.1/pkgs/tools/cmake/obj/amd64-linux.gcc-sniper/CMakeFiles/CMakeTmp/src.c:7:13: error: conflicting types for ‘send’
    7 | extern int  send(ssize_t, void *, int, unsigned int);
      |             ^~~~
In file included from /data/marg/abhishek/CoMeT/benchmarks/parsec/parsec-2.1/pkgs/tools/cmake/obj/amd64-linux.gcc-sniper/CMakeFiles/CMakeTmp/src.c:6:
/usr/include/x86_64-linux-gnu/sys/socket.h:138:16: note: previous declaration of ‘send’ was here
  138 | extern ssize_t send (int __fd, const void *__buf, size_t __n, int __flags);
      |                ^~~~
make[3]: Leaving directory '/data/marg/abhishek/CoMeT/benchmarks/parsec/parsec-2.1/pkgs/tools/cmake/obj/amd64-linux.gcc-sniper/CMakeFiles/CMakeTmp'
make[3]: *** [CMakeFiles/cmTryCompileExec.dir/build.make:56: CMakeFiles/cmTryCompileExec.dir/src.c.o] Error 1
make[2]: *** [Makefile:111: cmTryCompileExec/fast] Error 2
make[2]: Leaving directory '/data/marg/abhishek/CoMeT/benchmarks/parsec/parsec-2.1/pkgs/tools/cmake/obj/amd64-linux.gcc-sniper/CMakeFiles/CMakeTmp'

Source file was:
#define __unused1
#undef inline
#define __unused2

#include <sys/types.h>
#include <sys/socket.h>
extern int  send(ssize_t, void *, int, unsigned int);
#define __unused5 1

int main() { 
                    ssize_t s=0;
                    void * buf=0;
                    int len=0;
                    unsigned int flags=0;
                    int res = send(s, buf, len, flags) ; return 0; }
Performing C SOURCE FILE Test int send(ssize_t, void *, socklen_t, int) (curl_cv_func_send_test) failed with the following output:
Change Dir: /data/marg/abhishek/CoMeT/benchmarks/parsec/parsec-2.1/pkgs/tools/cmake/obj/amd64-linux.gcc-sniper/CMakeFiles/CMakeTmp

Run Build Command:/usr/bin/make "cmTryCompileExec/fast"
make[2]: Entering directory '/data/marg/abhishek/CoMeT/benchmarks/parsec/parsec-2.1/pkgs/tools/cmake/obj/amd64-linux.gcc-sniper/CMakeFiles/CMakeTmp'
/usr/bin/make -f CMakeFiles/cmTryCompileExec.dir/build.make CMakeFiles/cmTryCompileExec.dir/build
make[3]: Entering directory '/data/marg/abhishek/CoMeT/benchmarks/parsec/parsec-2.1/pkgs/tools/cmake/obj/amd64-linux.gcc-sniper/CMakeFiles/CMakeTmp'
/data/marg/abhishek/CoMeT/benchmarks/parsec/parsec-2.1/pkgs/tools/cmake/obj/amd64-linux.gcc-sniper/Bootstrap.cmk/cmake -E cmake_progress_report /data/marg/abhishek/CoMeT/benchmarks/parsec/parsec-2.1/pkgs/tools/cmake/obj/amd64-linux.gcc-sniper/CMakeFiles/CMakeTmp/CMakeFiles 1
Building C object CMakeFiles/cmTryCompileExec.dir/src.c.o
/usr/bin/gcc   -O3 -funroll-loops -fprefetch-loop-arrays -static-libgcc -Wl,--hash-style=both,--as-needed -DPARSEC_VERSION=2.1 -DENABLE_PARSEC_HOOKS -I/data/marg/abhishek/CoMeT/benchmarks/parsec/parsec-2.1/pkgs/libs/hooks/inst/amd64-linux.gcc-sniper/include -I/data/marg/abhishek/CoMeT/benchmarks/tools/hooks -I/data/marg/abhishek/CoMeT/include -DENABLE_PARMACS   -Dcurl_cv_func_send_test   -o CMakeFiles/cmTryCompileExec.dir/src.c.o   -c /data/marg/abhishek/CoMeT/benchmarks/parsec/parsec-2.1/pkgs/tools/cmake/obj/amd64-linux.gcc-sniper/CMakeFiles/CMakeTmp/src.c
/data/marg/abhishek/CoMeT/benchmarks/parsec/parsec-2.1/pkgs/tools/cmake/obj/amd64-linux.gcc-sniper/CMakeFiles/CMakeTmp/src.c:7:13: error: conflicting types for ‘send’
    7 | extern int  send(ssize_t, void *, socklen_t, int);
      |             ^~~~
In file included from /data/marg/abhishek/CoMeT/benchmarks/parsec/parsec-2.1/pkgs/tools/cmake/obj/amd64-linux.gcc-sniper/CMakeFiles/CMakeTmp/src.c:6:
/usr/include/x86_64-linux-gnu/sys/socket.h:138:16: note: previous declaration of ‘send’ was here
  138 | extern ssize_t send (int __fd, const void *__buf, size_t __n, int __flags);
      |                ^~~~
make[3]: Leaving directory '/data/marg/abhishek/CoMeT/benchmarks/parsec/parsec-2.1/pkgs/tools/cmake/obj/amd64-linux.gcc-sniper/CMakeFiles/CMakeTmp'
make[3]: *** [CMakeFiles/cmTryCompileExec.dir/build.make:56: CMakeFiles/cmTryCompileExec.dir/src.c.o] Error 1
make[2]: *** [Makefile:111: cmTryCompileExec/fast] Error 2
make[2]: Leaving directory '/data/marg/abhishek/CoMeT/benchmarks/parsec/parsec-2.1/pkgs/tools/cmake/obj/amd64-linux.gcc-sniper/CMakeFiles/CMakeTmp'

Source file was:
#define __unused1
#undef inline
#define __unused2

#include <sys/types.h>
#include <sys/socket.h>
extern int  send(ssize_t, void *, socklen_t, int);
#define __unused5 1

int main() { 
                    ssize_t s=0;
                    void * buf=0;
                    socklen_t len=0;
                    int flags=0;
                    int res = send(s, buf, len, flags) ; return 0; }
Performing C SOURCE FILE Test int send(ssize_t, void *, socklen_t, unsigned int) (curl_cv_func_send_test) failed with the following output:
Change Dir: /data/marg/abhishek/CoMeT/benchmarks/parsec/parsec-2.1/pkgs/tools/cmake/obj/amd64-linux.gcc-sniper/CMakeFiles/CMakeTmp

Run Build Command:/usr/bin/make "cmTryCompileExec/fast"
make[2]: Entering directory '/data/marg/abhishek/CoMeT/benchmarks/parsec/parsec-2.1/pkgs/tools/cmake/obj/amd64-linux.gcc-sniper/CMakeFiles/CMakeTmp'
/usr/bin/make -f CMakeFiles/cmTryCompileExec.dir/build.make CMakeFiles/cmTryCompileExec.dir/build
make[3]: Entering directory '/data/marg/abhishek/CoMeT/benchmarks/parsec/parsec-2.1/pkgs/tools/cmake/obj/amd64-linux.gcc-sniper/CMakeFiles/CMakeTmp'
/data/marg/abhishek/CoMeT/benchmarks/parsec/parsec-2.1/pkgs/tools/cmake/obj/amd64-linux.gcc-sniper/Bootstrap.cmk/cmake -E cmake_progress_report /data/marg/abhishek/CoMeT/benchmarks/parsec/parsec-2.1/pkgs/tools/cmake/obj/amd64-linux.gcc-sniper/CMakeFiles/CMakeTmp/CMakeFiles 1
Building C object CMakeFiles/cmTryCompileExec.dir/src.c.o
/usr/bin/gcc   -O3 -funroll-loops -fprefetch-loop-arrays -static-libgcc -Wl,--hash-style=both,--as-needed -DPARSEC_VERSION=2.1 -DENABLE_PARSEC_HOOKS -I/data/marg/abhishek/CoMeT/benchmarks/parsec/parsec-2.1/pkgs/libs/hooks/inst/amd64-linux.gcc-sniper/include -I/data/marg/abhishek/CoMeT/benchmarks/tools/hooks -I/data/marg/abhishek/CoMeT/include -DENABLE_PARMACS   -Dcurl_cv_func_send_test   -o CMakeFiles/cmTryCompileExec.dir/src.c.o   -c /data/marg/abhishek/CoMeT/benchmarks/parsec/parsec-2.1/pkgs/tools/cmake/obj/amd64-linux.gcc-sniper/CMakeFiles/CMakeTmp/src.c
/data/marg/abhishek/CoMeT/benchmarks/parsec/parsec-2.1/pkgs/tools/cmake/obj/amd64-linux.gcc-sniper/CMakeFiles/CMakeTmp/src.c:7:13: error: conflicting types for ‘send’
    7 | extern int  send(ssize_t, void *, socklen_t, unsigned int);
      |             ^~~~
In file included from /data/marg/abhishek/CoMeT/benchmarks/parsec/parsec-2.1/pkgs/tools/cmake/obj/amd64-linux.gcc-sniper/CMakeFiles/CMakeTmp/src.c:6:
/usr/include/x86_64-linux-gnu/sys/socket.h:138:16: note: previous declaration of ‘send’ was here
  138 | extern ssize_t send (int __fd, const void *__buf, size_t __n, int __flags);
      |                ^~~~
make[3]: Leaving directory '/data/marg/abhishek/CoMeT/benchmarks/parsec/parsec-2.1/pkgs/tools/cmake/obj/amd64-linux.gcc-sniper/CMakeFiles/CMakeTmp'
make[3]: *** [CMakeFiles/cmTryCompileExec.dir/build.make:56: CMakeFiles/cmTryCompileExec.dir/src.c.o] Error 1
make[2]: *** [Makefile:111: cmTryCompileExec/fast] Error 2
make[2]: Leaving directory '/data/marg/abhishek/CoMeT/benchmarks/parsec/parsec-2.1/pkgs/tools/cmake/obj/amd64-linux.gcc-sniper/CMakeFiles/CMakeTmp'

Source file was:
#define __unused1
#undef inline
#define __unused2

#include <sys/types.h>
#include <sys/socket.h>
extern int  send(ssize_t, void *, socklen_t, unsigned int);
#define __unused5 1

int main() { 
                    ssize_t s=0;
                    void * buf=0;
                    socklen_t len=0;
                    unsigned int flags=0;
                    int res = send(s, buf, len, flags) ; return 0; }
Performing C SOURCE FILE Test int send(ssize_t, void *, unsigned int, int) (curl_cv_func_send_test) failed with the following output:
Change Dir: /data/marg/abhishek/CoMeT/benchmarks/parsec/parsec-2.1/pkgs/tools/cmake/obj/amd64-linux.gcc-sniper/CMakeFiles/CMakeTmp

Run Build Command:/usr/bin/make "cmTryCompileExec/fast"
make[2]: Entering directory '/data/marg/abhishek/CoMeT/benchmarks/parsec/parsec-2.1/pkgs/tools/cmake/obj/amd64-linux.gcc-sniper/CMakeFiles/CMakeTmp'
/usr/bin/make -f CMakeFiles/cmTryCompileExec.dir/build.make CMakeFiles/cmTryCompileExec.dir/build
make[3]: Entering directory '/data/marg/abhishek/CoMeT/benchmarks/parsec/parsec-2.1/pkgs/tools/cmake/obj/amd64-linux.gcc-sniper/CMakeFiles/CMakeTmp'
/data/marg/abhishek/CoMeT/benchmarks/parsec/parsec-2.1/pkgs/tools/cmake/obj/amd64-linux.gcc-sniper/Bootstrap.cmk/cmake -E cmake_progress_report /data/marg/abhishek/CoMeT/benchmarks/parsec/parsec-2.1/pkgs/tools/cmake/obj/amd64-linux.gcc-sniper/CMakeFiles/CMakeTmp/CMakeFiles 1
Building C object CMakeFiles/cmTryCompileExec.dir/src.c.o
/usr/bin/gcc   -O3 -funroll-loops -fprefetch-loop-arrays -static-libgcc -Wl,--hash-style=both,--as-needed -DPARSEC_VERSION=2.1 -DENABLE_PARSEC_HOOKS -I/data/marg/abhishek/CoMeT/benchmarks/parsec/parsec-2.1/pkgs/libs/hooks/inst/amd64-linux.gcc-sniper/include -I/data/marg/abhishek/CoMeT/benchmarks/tools/hooks -I/data/marg/abhishek/CoMeT/include -DENABLE_PARMACS   -Dcurl_cv_func_send_test   -o CMakeFiles/cmTryCompileExec.dir/src.c.o   -c /data/marg/abhishek/CoMeT/benchmarks/parsec/parsec-2.1/pkgs/tools/cmake/obj/amd64-linux.gcc-sniper/CMakeFiles/CMakeTmp/src.c
/data/marg/abhishek/CoMeT/benchmarks/parsec/parsec-2.1/pkgs/tools/cmake/obj/amd64-linux.gcc-sniper/CMakeFiles/CMakeTmp/src.c:7:13: error: conflicting types for ‘send’
    7 | extern int  send(ssize_t, void *, unsigned int, int);
      |             ^~~~
In file included from /data/marg/abhishek/CoMeT/benchmarks/parsec/parsec-2.1/pkgs/tools/cmake/obj/amd64-linux.gcc-sniper/CMakeFiles/CMakeTmp/src.c:6:
/usr/include/x86_64-linux-gnu/sys/socket.h:138:16: note: previous declaration of ‘send’ was here
  138 | extern ssize_t send (int __fd, const void *__buf, size_t __n, int __flags);
      |                ^~~~
make[3]: *** [CMakeFiles/cmTryCompileExec.dir/build.make:56: CMakeFiles/cmTryCompileExec.dir/src.c.o] Error 1
make[3]: Leaving directory '/data/marg/abhishek/CoMeT/benchmarks/parsec/parsec-2.1/pkgs/tools/cmake/obj/amd64-linux.gcc-sniper/CMakeFiles/CMakeTmp'
make[2]: *** [Makefile:111: cmTryCompileExec/fast] Error 2
make[2]: Leaving directory '/data/marg/abhishek/CoMeT/benchmarks/parsec/parsec-2.1/pkgs/tools/cmake/obj/amd64-linux.gcc-sniper/CMakeFiles/CMakeTmp'

Source file was:
#define __unused1
#undef inline
#define __unused2

#include <sys/types.h>
#include <sys/socket.h>
extern int  send(ssize_t, void *, unsigned int, int);
#define __unused5 1

int main() { 
                    ssize_t s=0;
                    void * buf=0;
                    unsigned int len=0;
                    int flags=0;
                    int res = send(s, buf, len, flags) ; return 0; }
Performing C SOURCE FILE Test int send(ssize_t, void *, unsigned int, unsigned int) (curl_cv_func_send_test) failed with the following output:
Change Dir: /data/marg/abhishek/CoMeT/benchmarks/parsec/parsec-2.1/pkgs/tools/cmake/obj/amd64-linux.gcc-sniper/CMakeFiles/CMakeTmp

Run Build Command:/usr/bin/make "cmTryCompileExec/fast"
make[2]: Entering directory '/data/marg/abhishek/CoMeT/benchmarks/parsec/parsec-2.1/pkgs/tools/cmake/obj/amd64-linux.gcc-sniper/CMakeFiles/CMakeTmp'
/usr/bin/make -f CMakeFiles/cmTryCompileExec.dir/build.make CMakeFiles/cmTryCompileExec.dir/build
make[3]: Entering directory '/data/marg/abhishek/CoMeT/benchmarks/parsec/parsec-2.1/pkgs/tools/cmake/obj/amd64-linux.gcc-sniper/CMakeFiles/CMakeTmp'
/data/marg/abhishek/CoMeT/benchmarks/parsec/parsec-2.1/pkgs/tools/cmake/obj/amd64-linux.gcc-sniper/Bootstrap.cmk/cmake -E cmake_progress_report /data/marg/abhishek/CoMeT/benchmarks/parsec/parsec-2.1/pkgs/tools/cmake/obj/amd64-linux.gcc-sniper/CMakeFiles/CMakeTmp/CMakeFiles 1
Building C object CMakeFiles/cmTryCompileExec.dir/src.c.o
/usr/bin/gcc   -O3 -funroll-loops -fprefetch-loop-arrays -static-libgcc -Wl,--hash-style=both,--as-needed -DPARSEC_VERSION=2.1 -DENABLE_PARSEC_HOOKS -I/data/marg/abhishek/CoMeT/benchmarks/parsec/parsec-2.1/pkgs/libs/hooks/inst/amd64-linux.gcc-sniper/include -I/data/marg/abhishek/CoMeT/benchmarks/tools/hooks -I/data/marg/abhishek/CoMeT/include -DENABLE_PARMACS   -Dcurl_cv_func_send_test   -o CMakeFiles/cmTryCompileExec.dir/src.c.o   -c /data/marg/abhishek/CoMeT/benchmarks/parsec/parsec-2.1/pkgs/tools/cmake/obj/amd64-linux.gcc-sniper/CMakeFiles/CMakeTmp/src.c
/data/marg/abhishek/CoMeT/benchmarks/parsec/parsec-2.1/pkgs/tools/cmake/obj/amd64-linux.gcc-sniper/CMakeFiles/CMakeTmp/src.c:7:13: error: conflicting types for ‘send’
    7 | extern int  send(ssize_t, void *, unsigned int, unsigned int);
      |             ^~~~
In file included from /data/marg/abhishek/CoMeT/benchmarks/parsec/parsec-2.1/pkgs/tools/cmake/obj/amd64-linux.gcc-sniper/CMakeFiles/CMakeTmp/src.c:6:
/usr/include/x86_64-linux-gnu/sys/socket.h:138:16: note: previous declaration of ‘send’ was here
  138 | extern ssize_t send (int __fd, const void *__buf, size_t __n, int __flags);
      |                ^~~~
make[3]: Leaving directory '/data/marg/abhishek/CoMeT/benchmarks/parsec/parsec-2.1/pkgs/tools/cmake/obj/amd64-linux.gcc-sniper/CMakeFiles/CMakeTmp'
make[3]: *** [CMakeFiles/cmTryCompileExec.dir/build.make:56: CMakeFiles/cmTryCompileExec.dir/src.c.o] Error 1
make[2]: *** [Makefile:111: cmTryCompileExec/fast] Error 2
make[2]: Leaving directory '/data/marg/abhishek/CoMeT/benchmarks/parsec/parsec-2.1/pkgs/tools/cmake/obj/amd64-linux.gcc-sniper/CMakeFiles/CMakeTmp'

Source file was:
#define __unused1
#undef inline
#define __unused2

#include <sys/types.h>
#include <sys/socket.h>
extern int  send(ssize_t, void *, unsigned int, unsigned int);
#define __unused5 1

int main() { 
                    ssize_t s=0;
                    void * buf=0;
                    unsigned int len=0;
                    unsigned int flags=0;
                    int res = send(s, buf, len, flags) ; return 0; }
Performing C SOURCE FILE Test int send(ssize_t, char *, size_t, int) (curl_cv_func_send_test) failed with the following output:
Change Dir: /data/marg/abhishek/CoMeT/benchmarks/parsec/parsec-2.1/pkgs/tools/cmake/obj/amd64-linux.gcc-sniper/CMakeFiles/CMakeTmp

Run Build Command:/usr/bin/make "cmTryCompileExec/fast"
make[2]: Entering directory '/data/marg/abhishek/CoMeT/benchmarks/parsec/parsec-2.1/pkgs/tools/cmake/obj/amd64-linux.gcc-sniper/CMakeFiles/CMakeTmp'
/usr/bin/make -f CMakeFiles/cmTryCompileExec.dir/build.make CMakeFiles/cmTryCompileExec.dir/build
make[3]: Entering directory '/data/marg/abhishek/CoMeT/benchmarks/parsec/parsec-2.1/pkgs/tools/cmake/obj/amd64-linux.gcc-sniper/CMakeFiles/CMakeTmp'
/data/marg/abhishek/CoMeT/benchmarks/parsec/parsec-2.1/pkgs/tools/cmake/obj/amd64-linux.gcc-sniper/Bootstrap.cmk/cmake -E cmake_progress_report /data/marg/abhishek/CoMeT/benchmarks/parsec/parsec-2.1/pkgs/tools/cmake/obj/amd64-linux.gcc-sniper/CMakeFiles/CMakeTmp/CMakeFiles 1
Building C object CMakeFiles/cmTryCompileExec.dir/src.c.o
/usr/bin/gcc   -O3 -funroll-loops -fprefetch-loop-arrays -static-libgcc -Wl,--hash-style=both,--as-needed -DPARSEC_VERSION=2.1 -DENABLE_PARSEC_HOOKS -I/data/marg/abhishek/CoMeT/benchmarks/parsec/parsec-2.1/pkgs/libs/hooks/inst/amd64-linux.gcc-sniper/include -I/data/marg/abhishek/CoMeT/benchmarks/tools/hooks -I/data/marg/abhishek/CoMeT/include -DENABLE_PARMACS   -Dcurl_cv_func_send_test   -o CMakeFiles/cmTryCompileExec.dir/src.c.o   -c /data/marg/abhishek/CoMeT/benchmarks/parsec/parsec-2.1/pkgs/tools/cmake/obj/amd64-linux.gcc-sniper/CMakeFiles/CMakeTmp/src.c
/data/marg/abhishek/CoMeT/benchmarks/parsec/parsec-2.1/pkgs/tools/cmake/obj/amd64-linux.gcc-sniper/CMakeFiles/CMakeTmp/src.c:7:13: error: conflicting types for ‘send’
    7 | extern int  send(ssize_t, char *, size_t, int);
      |             ^~~~
In file included from /data/marg/abhishek/CoMeT/benchmarks/parsec/parsec-2.1/pkgs/tools/cmake/obj/amd64-linux.gcc-sniper/CMakeFiles/CMakeTmp/src.c:6:
/usr/include/x86_64-linux-gnu/sys/socket.h:138:16: note: previous declaration of ‘send’ was here
  138 | extern ssize_t send (int __fd, const void *__buf, size_t __n, int __flags);
      |                ^~~~
make[3]: *** [CMakeFiles/cmTryCompileExec.dir/build.make:56: CMakeFiles/cmTryCompileExec.dir/src.c.o] Error 1
make[3]: Leaving directory '/data/marg/abhishek/CoMeT/benchmarks/parsec/parsec-2.1/pkgs/tools/cmake/obj/amd64-linux.gcc-sniper/CMakeFiles/CMakeTmp'
make[2]: *** [Makefile:111: cmTryCompileExec/fast] Error 2
make[2]: Leaving directory '/data/marg/abhishek/CoMeT/benchmarks/parsec/parsec-2.1/pkgs/tools/cmake/obj/amd64-linux.gcc-sniper/CMakeFiles/CMakeTmp'

Source file was:
#define __unused1
#undef inline
#define __unused2

#include <sys/types.h>
#include <sys/socket.h>
extern int  send(ssize_t, char *, size_t, int);
#define __unused5 1

int main() { 
                    ssize_t s=0;
                    char * buf=0;
                    size_t len=0;
                    int flags=0;
                    int res = send(s, buf, len, flags) ; return 0; }
Performing C SOURCE FILE Test int send(ssize_t, char *, size_t, unsigned int) (curl_cv_func_send_test) failed with the following output:
Change Dir: /data/marg/abhishek/CoMeT/benchmarks/parsec/parsec-2.1/pkgs/tools/cmake/obj/amd64-linux.gcc-sniper/CMakeFiles/CMakeTmp

Run Build Command:/usr/bin/make "cmTryCompileExec/fast"
make[2]: Entering directory '/data/marg/abhishek/CoMeT/benchmarks/parsec/parsec-2.1/pkgs/tools/cmake/obj/amd64-linux.gcc-sniper/CMakeFiles/CMakeTmp'
/usr/bin/make -f CMakeFiles/cmTryCompileExec.dir/build.make CMakeFiles/cmTryCompileExec.dir/build
make[3]: Entering directory '/data/marg/abhishek/CoMeT/benchmarks/parsec/parsec-2.1/pkgs/tools/cmake/obj/amd64-linux.gcc-sniper/CMakeFiles/CMakeTmp'
/data/marg/abhishek/CoMeT/benchmarks/parsec/parsec-2.1/pkgs/tools/cmake/obj/amd64-linux.gcc-sniper/Bootstrap.cmk/cmake -E cmake_progress_report /data/marg/abhishek/CoMeT/benchmarks/parsec/parsec-2.1/pkgs/tools/cmake/obj/amd64-linux.gcc-sniper/CMakeFiles/CMakeTmp/CMakeFiles 1
Building C object CMakeFiles/cmTryCompileExec.dir/src.c.o
/usr/bin/gcc   -O3 -funroll-loops -fprefetch-loop-arrays -static-libgcc -Wl,--hash-style=both,--as-needed -DPARSEC_VERSION=2.1 -DENABLE_PARSEC_HOOKS -I/data/marg/abhishek/CoMeT/benchmarks/parsec/parsec-2.1/pkgs/libs/hooks/inst/amd64-linux.gcc-sniper/include -I/data/marg/abhishek/CoMeT/benchmarks/tools/hooks -I/data/marg/abhishek/CoMeT/include -DENABLE_PARMACS   -Dcurl_cv_func_send_test   -o CMakeFiles/cmTryCompileExec.dir/src.c.o   -c /data/marg/abhishek/CoMeT/benchmarks/parsec/parsec-2.1/pkgs/tools/cmake/obj/amd64-linux.gcc-sniper/CMakeFiles/CMakeTmp/src.c
/data/marg/abhishek/CoMeT/benchmarks/parsec/parsec-2.1/pkgs/tools/cmake/obj/amd64-linux.gcc-sniper/CMakeFiles/CMakeTmp/src.c:7:13: error: conflicting types for ‘send’
    7 | extern int  send(ssize_t, char *, size_t, unsigned int);
      |             ^~~~
In file included from /data/marg/abhishek/CoMeT/benchmarks/parsec/parsec-2.1/pkgs/tools/cmake/obj/amd64-linux.gcc-sniper/CMakeFiles/CMakeTmp/src.c:6:
/usr/include/x86_64-linux-gnu/sys/socket.h:138:16: note: previous declaration of ‘send’ was here
  138 | extern ssize_t send (int __fd, const void *__buf, size_t __n, int __flags);
      |                ^~~~
make[3]: Leaving directory '/data/marg/abhishek/CoMeT/benchmarks/parsec/parsec-2.1/pkgs/tools/cmake/obj/amd64-linux.gcc-sniper/CMakeFiles/CMakeTmp'
make[3]: *** [CMakeFiles/cmTryCompileExec.dir/build.make:56: CMakeFiles/cmTryCompileExec.dir/src.c.o] Error 1
make[2]: *** [Makefile:111: cmTryCompileExec/fast] Error 2
make[2]: Leaving directory '/data/marg/abhishek/CoMeT/benchmarks/parsec/parsec-2.1/pkgs/tools/cmake/obj/amd64-linux.gcc-sniper/CMakeFiles/CMakeTmp'

Source file was:
#define __unused1
#undef inline
#define __unused2

#include <sys/types.h>
#include <sys/socket.h>
extern int  send(ssize_t, char *, size_t, unsigned int);
#define __unused5 1

int main() { 
                    ssize_t s=0;
                    char * buf=0;
                    size_t len=0;
                    unsigned int flags=0;
                    int res = send(s, buf, len, flags) ; return 0; }
Performing C SOURCE FILE Test int send(ssize_t, char *, int, int) (curl_cv_func_send_test) failed with the following output:
Change Dir: /data/marg/abhishek/CoMeT/benchmarks/parsec/parsec-2.1/pkgs/tools/cmake/obj/amd64-linux.gcc-sniper/CMakeFiles/CMakeTmp

Run Build Command:/usr/bin/make "cmTryCompileExec/fast"
make[2]: Entering directory '/data/marg/abhishek/CoMeT/benchmarks/parsec/parsec-2.1/pkgs/tools/cmake/obj/amd64-linux.gcc-sniper/CMakeFiles/CMakeTmp'
/usr/bin/make -f CMakeFiles/cmTryCompileExec.dir/build.make CMakeFiles/cmTryCompileExec.dir/build
make[3]: Entering directory '/data/marg/abhishek/CoMeT/benchmarks/parsec/parsec-2.1/pkgs/tools/cmake/obj/amd64-linux.gcc-sniper/CMakeFiles/CMakeTmp'
/data/marg/abhishek/CoMeT/benchmarks/parsec/parsec-2.1/pkgs/tools/cmake/obj/amd64-linux.gcc-sniper/Bootstrap.cmk/cmake -E cmake_progress_report /data/marg/abhishek/CoMeT/benchmarks/parsec/parsec-2.1/pkgs/tools/cmake/obj/amd64-linux.gcc-sniper/CMakeFiles/CMakeTmp/CMakeFiles 1
Building C object CMakeFiles/cmTryCompileExec.dir/src.c.o
/usr/bin/gcc   -O3 -funroll-loops -fprefetch-loop-arrays -static-libgcc -Wl,--hash-style=both,--as-needed -DPARSEC_VERSION=2.1 -DENABLE_PARSEC_HOOKS -I/data/marg/abhishek/CoMeT/benchmarks/parsec/parsec-2.1/pkgs/libs/hooks/inst/amd64-linux.gcc-sniper/include -I/data/marg/abhishek/CoMeT/benchmarks/tools/hooks -I/data/marg/abhishek/CoMeT/include -DENABLE_PARMACS   -Dcurl_cv_func_send_test   -o CMakeFiles/cmTryCompileExec.dir/src.c.o   -c /data/marg/abhishek/CoMeT/benchmarks/parsec/parsec-2.1/pkgs/tools/cmake/obj/amd64-linux.gcc-sniper/CMakeFiles/CMakeTmp/src.c
/data/marg/abhishek/CoMeT/benchmarks/parsec/parsec-2.1/pkgs/tools/cmake/obj/amd64-linux.gcc-sniper/CMakeFiles/CMakeTmp/src.c:7:13: error: conflicting types for ‘send’
    7 | extern int  send(ssize_t, char *, int, int);
      |             ^~~~
In file included from /data/marg/abhishek/CoMeT/benchmarks/parsec/parsec-2.1/pkgs/tools/cmake/obj/amd64-linux.gcc-sniper/CMakeFiles/CMakeTmp/src.c:6:
/usr/include/x86_64-linux-gnu/sys/socket.h:138:16: note: previous declaration of ‘send’ was here
  138 | extern ssize_t send (int __fd, const void *__buf, size_t __n, int __flags);
      |                ^~~~
make[3]: Leaving directory '/data/marg/abhishek/CoMeT/benchmarks/parsec/parsec-2.1/pkgs/tools/cmake/obj/amd64-linux.gcc-sniper/CMakeFiles/CMakeTmp'
make[3]: *** [CMakeFiles/cmTryCompileExec.dir/build.make:56: CMakeFiles/cmTryCompileExec.dir/src.c.o] Error 1
make[2]: *** [Makefile:111: cmTryCompileExec/fast] Error 2
make[2]: Leaving directory '/data/marg/abhishek/CoMeT/benchmarks/parsec/parsec-2.1/pkgs/tools/cmake/obj/amd64-linux.gcc-sniper/CMakeFiles/CMakeTmp'

Source file was:
#define __unused1
#undef inline
#define __unused2

#include <sys/types.h>
#include <sys/socket.h>
extern int  send(ssize_t, char *, int, int);
#define __unused5 1

int main() { 
                    ssize_t s=0;
                    char * buf=0;
                    int len=0;
                    int flags=0;
                    int res = send(s, buf, len, flags) ; return 0; }
Performing C SOURCE FILE Test int send(ssize_t, char *, int, unsigned int) (curl_cv_func_send_test) failed with the following output:
Change Dir: /data/marg/abhishek/CoMeT/benchmarks/parsec/parsec-2.1/pkgs/tools/cmake/obj/amd64-linux.gcc-sniper/CMakeFiles/CMakeTmp

Run Build Command:/usr/bin/make "cmTryCompileExec/fast"
make[2]: Entering directory '/data/marg/abhishek/CoMeT/benchmarks/parsec/parsec-2.1/pkgs/tools/cmake/obj/amd64-linux.gcc-sniper/CMakeFiles/CMakeTmp'
/usr/bin/make -f CMakeFiles/cmTryCompileExec.dir/build.make CMakeFiles/cmTryCompileExec.dir/build
make[3]: Entering directory '/data/marg/abhishek/CoMeT/benchmarks/parsec/parsec-2.1/pkgs/tools/cmake/obj/amd64-linux.gcc-sniper/CMakeFiles/CMakeTmp'
/data/marg/abhishek/CoMeT/benchmarks/parsec/parsec-2.1/pkgs/tools/cmake/obj/amd64-linux.gcc-sniper/Bootstrap.cmk/cmake -E cmake_progress_report /data/marg/abhishek/CoMeT/benchmarks/parsec/parsec-2.1/pkgs/tools/cmake/obj/amd64-linux.gcc-sniper/CMakeFiles/CMakeTmp/CMakeFiles 1
Building C object CMakeFiles/cmTryCompileExec.dir/src.c.o
/usr/bin/gcc   -O3 -funroll-loops -fprefetch-loop-arrays -static-libgcc -Wl,--hash-style=both,--as-needed -DPARSEC_VERSION=2.1 -DENABLE_PARSEC_HOOKS -I/data/marg/abhishek/CoMeT/benchmarks/parsec/parsec-2.1/pkgs/libs/hooks/inst/amd64-linux.gcc-sniper/include -I/data/marg/abhishek/CoMeT/benchmarks/tools/hooks -I/data/marg/abhishek/CoMeT/include -DENABLE_PARMACS   -Dcurl_cv_func_send_test   -o CMakeFiles/cmTryCompileExec.dir/src.c.o   -c /data/marg/abhishek/CoMeT/benchmarks/parsec/parsec-2.1/pkgs/tools/cmake/obj/amd64-linux.gcc-sniper/CMakeFiles/CMakeTmp/src.c
/data/marg/abhishek/CoMeT/benchmarks/parsec/parsec-2.1/pkgs/tools/cmake/obj/amd64-linux.gcc-sniper/CMakeFiles/CMakeTmp/src.c:7:13: error: conflicting types for ‘send’
    7 | extern int  send(ssize_t, char *, int, unsigned int);
      |             ^~~~
In file included from /data/marg/abhishek/CoMeT/benchmarks/parsec/parsec-2.1/pkgs/tools/cmake/obj/amd64-linux.gcc-sniper/CMakeFiles/CMakeTmp/src.c:6:
/usr/include/x86_64-linux-gnu/sys/socket.h:138:16: note: previous declaration of ‘send’ was here
  138 | extern ssize_t send (int __fd, const void *__buf, size_t __n, int __flags);
      |                ^~~~
make[3]: Leaving directory '/data/marg/abhishek/CoMeT/benchmarks/parsec/parsec-2.1/pkgs/tools/cmake/obj/amd64-linux.gcc-sniper/CMakeFiles/CMakeTmp'
make[3]: *** [CMakeFiles/cmTryCompileExec.dir/build.make:56: CMakeFiles/cmTryCompileExec.dir/src.c.o] Error 1
make[2]: *** [Makefile:111: cmTryCompileExec/fast] Error 2
make[2]: Leaving directory '/data/marg/abhishek/CoMeT/benchmarks/parsec/parsec-2.1/pkgs/tools/cmake/obj/amd64-linux.gcc-sniper/CMakeFiles/CMakeTmp'

Source file was:
#define __unused1
#undef inline
#define __unused2

#include <sys/types.h>
#include <sys/socket.h>
extern int  send(ssize_t, char *, int, unsigned int);
#define __unused5 1

int main() { 
                    ssize_t s=0;
                    char * buf=0;
                    int len=0;
                    unsigned int flags=0;
                    int res = send(s, buf, len, flags) ; return 0; }
Performing C SOURCE FILE Test int send(ssize_t, char *, socklen_t, int) (curl_cv_func_send_test) failed with the following output:
Change Dir: /data/marg/abhishek/CoMeT/benchmarks/parsec/parsec-2.1/pkgs/tools/cmake/obj/amd64-linux.gcc-sniper/CMakeFiles/CMakeTmp

Run Build Command:/usr/bin/make "cmTryCompileExec/fast"
make[2]: Entering directory '/data/marg/abhishek/CoMeT/benchmarks/parsec/parsec-2.1/pkgs/tools/cmake/obj/amd64-linux.gcc-sniper/CMakeFiles/CMakeTmp'
/usr/bin/make -f CMakeFiles/cmTryCompileExec.dir/build.make CMakeFiles/cmTryCompileExec.dir/build
make[3]: Entering directory '/data/marg/abhishek/CoMeT/benchmarks/parsec/parsec-2.1/pkgs/tools/cmake/obj/amd64-linux.gcc-sniper/CMakeFiles/CMakeTmp'
/data/marg/abhishek/CoMeT/benchmarks/parsec/parsec-2.1/pkgs/tools/cmake/obj/amd64-linux.gcc-sniper/Bootstrap.cmk/cmake -E cmake_progress_report /data/marg/abhishek/CoMeT/benchmarks/parsec/parsec-2.1/pkgs/tools/cmake/obj/amd64-linux.gcc-sniper/CMakeFiles/CMakeTmp/CMakeFiles 1
Building C object CMakeFiles/cmTryCompileExec.dir/src.c.o
/usr/bin/gcc   -O3 -funroll-loops -fprefetch-loop-arrays -static-libgcc -Wl,--hash-style=both,--as-needed -DPARSEC_VERSION=2.1 -DENABLE_PARSEC_HOOKS -I/data/marg/abhishek/CoMeT/benchmarks/parsec/parsec-2.1/pkgs/libs/hooks/inst/amd64-linux.gcc-sniper/include -I/data/marg/abhishek/CoMeT/benchmarks/tools/hooks -I/data/marg/abhishek/CoMeT/include -DENABLE_PARMACS   -Dcurl_cv_func_send_test   -o CMakeFiles/cmTryCompileExec.dir/src.c.o   -c /data/marg/abhishek/CoMeT/benchmarks/parsec/parsec-2.1/pkgs/tools/cmake/obj/amd64-linux.gcc-sniper/CMakeFiles/CMakeTmp/src.c
/data/marg/abhishek/CoMeT/benchmarks/parsec/parsec-2.1/pkgs/tools/cmake/obj/amd64-linux.gcc-sniper/CMakeFiles/CMakeTmp/src.c:7:13: error: conflicting types for ‘send’
    7 | extern int  send(ssize_t, char *, socklen_t, int);
      |             ^~~~
In file included from /data/marg/abhishek/CoMeT/benchmarks/parsec/parsec-2.1/pkgs/tools/cmake/obj/amd64-linux.gcc-sniper/CMakeFiles/CMakeTmp/src.c:6:
/usr/include/x86_64-linux-gnu/sys/socket.h:138:16: note: previous declaration of ‘send’ was here
  138 | extern ssize_t send (int __fd, const void *__buf, size_t __n, int __flags);
      |                ^~~~
make[3]: Leaving directory '/data/marg/abhishek/CoMeT/benchmarks/parsec/parsec-2.1/pkgs/tools/cmake/obj/amd64-linux.gcc-sniper/CMakeFiles/CMakeTmp'
make[3]: *** [CMakeFiles/cmTryCompileExec.dir/build.make:56: CMakeFiles/cmTryCompileExec.dir/src.c.o] Error 1
make[2]: *** [Makefile:111: cmTryCompileExec/fast] Error 2
make[2]: Leaving directory '/data/marg/abhishek/CoMeT/benchmarks/parsec/parsec-2.1/pkgs/tools/cmake/obj/amd64-linux.gcc-sniper/CMakeFiles/CMakeTmp'

Source file was:
#define __unused1
#undef inline
#define __unused2

#include <sys/types.h>
#include <sys/socket.h>
extern int  send(ssize_t, char *, socklen_t, int);
#define __unused5 1

int main() { 
                    ssize_t s=0;
                    char * buf=0;
                    socklen_t len=0;
                    int flags=0;
                    int res = send(s, buf, len, flags) ; return 0; }
Performing C SOURCE FILE Test int send(ssize_t, char *, socklen_t, unsigned int) (curl_cv_func_send_test) failed with the following output:
Change Dir: /data/marg/abhishek/CoMeT/benchmarks/parsec/parsec-2.1/pkgs/tools/cmake/obj/amd64-linux.gcc-sniper/CMakeFiles/CMakeTmp

Run Build Command:/usr/bin/make "cmTryCompileExec/fast"
make[2]: Entering directory '/data/marg/abhishek/CoMeT/benchmarks/parsec/parsec-2.1/pkgs/tools/cmake/obj/amd64-linux.gcc-sniper/CMakeFiles/CMakeTmp'
/usr/bin/make -f CMakeFiles/cmTryCompileExec.dir/build.make CMakeFiles/cmTryCompileExec.dir/build
make[3]: Entering directory '/data/marg/abhishek/CoMeT/benchmarks/parsec/parsec-2.1/pkgs/tools/cmake/obj/amd64-linux.gcc-sniper/CMakeFiles/CMakeTmp'
/data/marg/abhishek/CoMeT/benchmarks/parsec/parsec-2.1/pkgs/tools/cmake/obj/amd64-linux.gcc-sniper/Bootstrap.cmk/cmake -E cmake_progress_report /data/marg/abhishek/CoMeT/benchmarks/parsec/parsec-2.1/pkgs/tools/cmake/obj/amd64-linux.gcc-sniper/CMakeFiles/CMakeTmp/CMakeFiles 1
Building C object CMakeFiles/cmTryCompileExec.dir/src.c.o
/usr/bin/gcc   -O3 -funroll-loops -fprefetch-loop-arrays -static-libgcc -Wl,--hash-style=both,--as-needed -DPARSEC_VERSION=2.1 -DENABLE_PARSEC_HOOKS -I/data/marg/abhishek/CoMeT/benchmarks/parsec/parsec-2.1/pkgs/libs/hooks/inst/amd64-linux.gcc-sniper/include -I/data/marg/abhishek/CoMeT/benchmarks/tools/hooks -I/data/marg/abhishek/CoMeT/include -DENABLE_PARMACS   -Dcurl_cv_func_send_test   -o CMakeFiles/cmTryCompileExec.dir/src.c.o   -c /data/marg/abhishek/CoMeT/benchmarks/parsec/parsec-2.1/pkgs/tools/cmake/obj/amd64-linux.gcc-sniper/CMakeFiles/CMakeTmp/src.c
/data/marg/abhishek/CoMeT/benchmarks/parsec/parsec-2.1/pkgs/tools/cmake/obj/amd64-linux.gcc-sniper/CMakeFiles/CMakeTmp/src.c:7:13: error: conflicting types for ‘send’
    7 | extern int  send(ssize_t, char *, socklen_t, unsigned int);
      |             ^~~~
In file included from /data/marg/abhishek/CoMeT/benchmarks/parsec/parsec-2.1/pkgs/tools/cmake/obj/amd64-linux.gcc-sniper/CMakeFiles/CMakeTmp/src.c:6:
/usr/include/x86_64-linux-gnu/sys/socket.h:138:16: note: previous declaration of ‘send’ was here
  138 | extern ssize_t send (int __fd, const void *__buf, size_t __n, int __flags);
      |                ^~~~
make[3]: Leaving directory '/data/marg/abhishek/CoMeT/benchmarks/parsec/parsec-2.1/pkgs/tools/cmake/obj/amd64-linux.gcc-sniper/CMakeFiles/CMakeTmp'
make[3]: *** [CMakeFiles/cmTryCompileExec.dir/build.make:56: CMakeFiles/cmTryCompileExec.dir/src.c.o] Error 1
make[2]: *** [Makefile:111: cmTryCompileExec/fast] Error 2
make[2]: Leaving directory '/data/marg/abhishek/CoMeT/benchmarks/parsec/parsec-2.1/pkgs/tools/cmake/obj/amd64-linux.gcc-sniper/CMakeFiles/CMakeTmp'

Source file was:
#define __unused1
#undef inline
#define __unused2

#include <sys/types.h>
#include <sys/socket.h>
extern int  send(ssize_t, char *, socklen_t, unsigned int);
#define __unused5 1

int main() { 
                    ssize_t s=0;
                    char * buf=0;
                    socklen_t len=0;
                    unsigned int flags=0;
                    int res = send(s, buf, len, flags) ; return 0; }
Performing C SOURCE FILE Test int send(ssize_t, char *, unsigned int, int) (curl_cv_func_send_test) failed with the following output:
Change Dir: /data/marg/abhishek/CoMeT/benchmarks/parsec/parsec-2.1/pkgs/tools/cmake/obj/amd64-linux.gcc-sniper/CMakeFiles/CMakeTmp

Run Build Command:/usr/bin/make "cmTryCompileExec/fast"
make[2]: Entering directory '/data/marg/abhishek/CoMeT/benchmarks/parsec/parsec-2.1/pkgs/tools/cmake/obj/amd64-linux.gcc-sniper/CMakeFiles/CMakeTmp'
/usr/bin/make -f CMakeFiles/cmTryCompileExec.dir/build.make CMakeFiles/cmTryCompileExec.dir/build
make[3]: Entering directory '/data/marg/abhishek/CoMeT/benchmarks/parsec/parsec-2.1/pkgs/tools/cmake/obj/amd64-linux.gcc-sniper/CMakeFiles/CMakeTmp'
/data/marg/abhishek/CoMeT/benchmarks/parsec/parsec-2.1/pkgs/tools/cmake/obj/amd64-linux.gcc-sniper/Bootstrap.cmk/cmake -E cmake_progress_report /data/marg/abhishek/CoMeT/benchmarks/parsec/parsec-2.1/pkgs/tools/cmake/obj/amd64-linux.gcc-sniper/CMakeFiles/CMakeTmp/CMakeFiles 1
Building C object CMakeFiles/cmTryCompileExec.dir/src.c.o
/usr/bin/gcc   -O3 -funroll-loops -fprefetch-loop-arrays -static-libgcc -Wl,--hash-style=both,--as-needed -DPARSEC_VERSION=2.1 -DENABLE_PARSEC_HOOKS -I/data/marg/abhishek/CoMeT/benchmarks/parsec/parsec-2.1/pkgs/libs/hooks/inst/amd64-linux.gcc-sniper/include -I/data/marg/abhishek/CoMeT/benchmarks/tools/hooks -I/data/marg/abhishek/CoMeT/include -DENABLE_PARMACS   -Dcurl_cv_func_send_test   -o CMakeFiles/cmTryCompileExec.dir/src.c.o   -c /data/marg/abhishek/CoMeT/benchmarks/parsec/parsec-2.1/pkgs/tools/cmake/obj/amd64-linux.gcc-sniper/CMakeFiles/CMakeTmp/src.c
/data/marg/abhishek/CoMeT/benchmarks/parsec/parsec-2.1/pkgs/tools/cmake/obj/amd64-linux.gcc-sniper/CMakeFiles/CMakeTmp/src.c:7:13: error: conflicting types for ‘send’
    7 | extern int  send(ssize_t, char *, unsigned int, int);
      |             ^~~~
In file included from /data/marg/abhishek/CoMeT/benchmarks/parsec/parsec-2.1/pkgs/tools/cmake/obj/amd64-linux.gcc-sniper/CMakeFiles/CMakeTmp/src.c:6:
/usr/include/x86_64-linux-gnu/sys/socket.h:138:16: note: previous declaration of ‘send’ was here
  138 | extern ssize_t send (int __fd, const void *__buf, size_t __n, int __flags);
      |                ^~~~
make[3]: Leaving directory '/data/marg/abhishek/CoMeT/benchmarks/parsec/parsec-2.1/pkgs/tools/cmake/obj/amd64-linux.gcc-sniper/CMakeFiles/CMakeTmp'
make[3]: *** [CMakeFiles/cmTryCompileExec.dir/build.make:56: CMakeFiles/cmTryCompileExec.dir/src.c.o] Error 1
make[2]: *** [Makefile:111: cmTryCompileExec/fast] Error 2
make[2]: Leaving directory '/data/marg/abhishek/CoMeT/benchmarks/parsec/parsec-2.1/pkgs/tools/cmake/obj/amd64-linux.gcc-sniper/CMakeFiles/CMakeTmp'

Source file was:
#define __unused1
#undef inline
#define __unused2

#include <sys/types.h>
#include <sys/socket.h>
extern int  send(ssize_t, char *, unsigned int, int);
#define __unused5 1

int main() { 
                    ssize_t s=0;
                    char * buf=0;
                    unsigned int len=0;
                    int flags=0;
                    int res = send(s, buf, len, flags) ; return 0; }
Performing C SOURCE FILE Test int send(ssize_t, char *, unsigned int, unsigned int) (curl_cv_func_send_test) failed with the following output:
Change Dir: /data/marg/abhishek/CoMeT/benchmarks/parsec/parsec-2.1/pkgs/tools/cmake/obj/amd64-linux.gcc-sniper/CMakeFiles/CMakeTmp

Run Build Command:/usr/bin/make "cmTryCompileExec/fast"
make[2]: Entering directory '/data/marg/abhishek/CoMeT/benchmarks/parsec/parsec-2.1/pkgs/tools/cmake/obj/amd64-linux.gcc-sniper/CMakeFiles/CMakeTmp'
/usr/bin/make -f CMakeFiles/cmTryCompileExec.dir/build.make CMakeFiles/cmTryCompileExec.dir/build
make[3]: Entering directory '/data/marg/abhishek/CoMeT/benchmarks/parsec/parsec-2.1/pkgs/tools/cmake/obj/amd64-linux.gcc-sniper/CMakeFiles/CMakeTmp'
/data/marg/abhishek/CoMeT/benchmarks/parsec/parsec-2.1/pkgs/tools/cmake/obj/amd64-linux.gcc-sniper/Bootstrap.cmk/cmake -E cmake_progress_report /data/marg/abhishek/CoMeT/benchmarks/parsec/parsec-2.1/pkgs/tools/cmake/obj/amd64-linux.gcc-sniper/CMakeFiles/CMakeTmp/CMakeFiles 1
Building C object CMakeFiles/cmTryCompileExec.dir/src.c.o
/usr/bin/gcc   -O3 -funroll-loops -fprefetch-loop-arrays -static-libgcc -Wl,--hash-style=both,--as-needed -DPARSEC_VERSION=2.1 -DENABLE_PARSEC_HOOKS -I/data/marg/abhishek/CoMeT/benchmarks/parsec/parsec-2.1/pkgs/libs/hooks/inst/amd64-linux.gcc-sniper/include -I/data/marg/abhishek/CoMeT/benchmarks/tools/hooks -I/data/marg/abhishek/CoMeT/include -DENABLE_PARMACS   -Dcurl_cv_func_send_test   -o CMakeFiles/cmTryCompileExec.dir/src.c.o   -c /data/marg/abhishek/CoMeT/benchmarks/parsec/parsec-2.1/pkgs/tools/cmake/obj/amd64-linux.gcc-sniper/CMakeFiles/CMakeTmp/src.c
/data/marg/abhishek/CoMeT/benchmarks/parsec/parsec-2.1/pkgs/tools/cmake/obj/amd64-linux.gcc-sniper/CMakeFiles/CMakeTmp/src.c:7:13: error: conflicting types for ‘send’
    7 | extern int  send(ssize_t, char *, unsigned int, unsigned int);
      |             ^~~~
In file included from /data/marg/abhishek/CoMeT/benchmarks/parsec/parsec-2.1/pkgs/tools/cmake/obj/amd64-linux.gcc-sniper/CMakeFiles/CMakeTmp/src.c:6:
/usr/include/x86_64-linux-gnu/sys/socket.h:138:16: note: previous declaration of ‘send’ was here
  138 | extern ssize_t send (int __fd, const void *__buf, size_t __n, int __flags);
      |                ^~~~
make[3]: Leaving directory '/data/marg/abhishek/CoMeT/benchmarks/parsec/parsec-2.1/pkgs/tools/cmake/obj/amd64-linux.gcc-sniper/CMakeFiles/CMakeTmp'
make[3]: *** [CMakeFiles/cmTryCompileExec.dir/build.make:56: CMakeFiles/cmTryCompileExec.dir/src.c.o] Error 1
make[2]: *** [Makefile:111: cmTryCompileExec/fast] Error 2
make[2]: Leaving directory '/data/marg/abhishek/CoMeT/benchmarks/parsec/parsec-2.1/pkgs/tools/cmake/obj/amd64-linux.gcc-sniper/CMakeFiles/CMakeTmp'

Source file was:
#define __unused1
#undef inline
#define __unused2

#include <sys/types.h>
#include <sys/socket.h>
extern int  send(ssize_t, char *, unsigned int, unsigned int);
#define __unused5 1

int main() { 
                    ssize_t s=0;
                    char * buf=0;
                    unsigned int len=0;
                    unsigned int flags=0;
                    int res = send(s, buf, len, flags) ; return 0; }
Performing C SOURCE FILE Test int send(ssize_t, const char *, size_t, int) (curl_cv_func_send_test) failed with the following output:
Change Dir: /data/marg/abhishek/CoMeT/benchmarks/parsec/parsec-2.1/pkgs/tools/cmake/obj/amd64-linux.gcc-sniper/CMakeFiles/CMakeTmp

Run Build Command:/usr/bin/make "cmTryCompileExec/fast"
make[2]: Entering directory '/data/marg/abhishek/CoMeT/benchmarks/parsec/parsec-2.1/pkgs/tools/cmake/obj/amd64-linux.gcc-sniper/CMakeFiles/CMakeTmp'
/usr/bin/make -f CMakeFiles/cmTryCompileExec.dir/build.make CMakeFiles/cmTryCompileExec.dir/build
make[3]: Entering directory '/data/marg/abhishek/CoMeT/benchmarks/parsec/parsec-2.1/pkgs/tools/cmake/obj/amd64-linux.gcc-sniper/CMakeFiles/CMakeTmp'
/data/marg/abhishek/CoMeT/benchmarks/parsec/parsec-2.1/pkgs/tools/cmake/obj/amd64-linux.gcc-sniper/Bootstrap.cmk/cmake -E cmake_progress_report /data/marg/abhishek/CoMeT/benchmarks/parsec/parsec-2.1/pkgs/tools/cmake/obj/amd64-linux.gcc-sniper/CMakeFiles/CMakeTmp/CMakeFiles 1
Building C object CMakeFiles/cmTryCompileExec.dir/src.c.o
/usr/bin/gcc   -O3 -funroll-loops -fprefetch-loop-arrays -static-libgcc -Wl,--hash-style=both,--as-needed -DPARSEC_VERSION=2.1 -DENABLE_PARSEC_HOOKS -I/data/marg/abhishek/CoMeT/benchmarks/parsec/parsec-2.1/pkgs/libs/hooks/inst/amd64-linux.gcc-sniper/include -I/data/marg/abhishek/CoMeT/benchmarks/tools/hooks -I/data/marg/abhishek/CoMeT/include -DENABLE_PARMACS   -Dcurl_cv_func_send_test   -o CMakeFiles/cmTryCompileExec.dir/src.c.o   -c /data/marg/abhishek/CoMeT/benchmarks/parsec/parsec-2.1/pkgs/tools/cmake/obj/amd64-linux.gcc-sniper/CMakeFiles/CMakeTmp/src.c
/data/marg/abhishek/CoMeT/benchmarks/parsec/parsec-2.1/pkgs/tools/cmake/obj/amd64-linux.gcc-sniper/CMakeFiles/CMakeTmp/src.c:7:13: error: conflicting types for ‘send’
    7 | extern int  send(ssize_t, const char *, size_t, int);
      |             ^~~~
In file included from /data/marg/abhishek/CoMeT/benchmarks/parsec/parsec-2.1/pkgs/tools/cmake/obj/amd64-linux.gcc-sniper/CMakeFiles/CMakeTmp/src.c:6:
/usr/include/x86_64-linux-gnu/sys/socket.h:138:16: note: previous declaration of ‘send’ was here
  138 | extern ssize_t send (int __fd, const void *__buf, size_t __n, int __flags);
      |                ^~~~
make[3]: Leaving directory '/data/marg/abhishek/CoMeT/benchmarks/parsec/parsec-2.1/pkgs/tools/cmake/obj/amd64-linux.gcc-sniper/CMakeFiles/CMakeTmp'
make[3]: *** [CMakeFiles/cmTryCompileExec.dir/build.make:56: CMakeFiles/cmTryCompileExec.dir/src.c.o] Error 1
make[2]: *** [Makefile:111: cmTryCompileExec/fast] Error 2
make[2]: Leaving directory '/data/marg/abhishek/CoMeT/benchmarks/parsec/parsec-2.1/pkgs/tools/cmake/obj/amd64-linux.gcc-sniper/CMakeFiles/CMakeTmp'

Source file was:
#define __unused1
#undef inline
#define __unused2

#include <sys/types.h>
#include <sys/socket.h>
extern int  send(ssize_t, const char *, size_t, int);
#define __unused5 1

int main() { 
                    ssize_t s=0;
                    const char * buf=0;
                    size_t len=0;
                    int flags=0;
                    int res = send(s, buf, len, flags) ; return 0; }
Performing C SOURCE FILE Test int send(ssize_t, const char *, size_t, unsigned int) (curl_cv_func_send_test) failed with the following output:
Change Dir: /data/marg/abhishek/CoMeT/benchmarks/parsec/parsec-2.1/pkgs/tools/cmake/obj/amd64-linux.gcc-sniper/CMakeFiles/CMakeTmp

Run Build Command:/usr/bin/make "cmTryCompileExec/fast"
make[2]: Entering directory '/data/marg/abhishek/CoMeT/benchmarks/parsec/parsec-2.1/pkgs/tools/cmake/obj/amd64-linux.gcc-sniper/CMakeFiles/CMakeTmp'
/usr/bin/make -f CMakeFiles/cmTryCompileExec.dir/build.make CMakeFiles/cmTryCompileExec.dir/build
make[3]: Entering directory '/data/marg/abhishek/CoMeT/benchmarks/parsec/parsec-2.1/pkgs/tools/cmake/obj/amd64-linux.gcc-sniper/CMakeFiles/CMakeTmp'
/data/marg/abhishek/CoMeT/benchmarks/parsec/parsec-2.1/pkgs/tools/cmake/obj/amd64-linux.gcc-sniper/Bootstrap.cmk/cmake -E cmake_progress_report /data/marg/abhishek/CoMeT/benchmarks/parsec/parsec-2.1/pkgs/tools/cmake/obj/amd64-linux.gcc-sniper/CMakeFiles/CMakeTmp/CMakeFiles 1
Building C object CMakeFiles/cmTryCompileExec.dir/src.c.o
/usr/bin/gcc   -O3 -funroll-loops -fprefetch-loop-arrays -static-libgcc -Wl,--hash-style=both,--as-needed -DPARSEC_VERSION=2.1 -DENABLE_PARSEC_HOOKS -I/data/marg/abhishek/CoMeT/benchmarks/parsec/parsec-2.1/pkgs/libs/hooks/inst/amd64-linux.gcc-sniper/include -I/data/marg/abhishek/CoMeT/benchmarks/tools/hooks -I/data/marg/abhishek/CoMeT/include -DENABLE_PARMACS   -Dcurl_cv_func_send_test   -o CMakeFiles/cmTryCompileExec.dir/src.c.o   -c /data/marg/abhishek/CoMeT/benchmarks/parsec/parsec-2.1/pkgs/tools/cmake/obj/amd64-linux.gcc-sniper/CMakeFiles/CMakeTmp/src.c
/data/marg/abhishek/CoMeT/benchmarks/parsec/parsec-2.1/pkgs/tools/cmake/obj/amd64-linux.gcc-sniper/CMakeFiles/CMakeTmp/src.c:7:13: error: conflicting types for ‘send’
    7 | extern int  send(ssize_t, const char *, size_t, unsigned int);
      |             ^~~~
In file included from /data/marg/abhishek/CoMeT/benchmarks/parsec/parsec-2.1/pkgs/tools/cmake/obj/amd64-linux.gcc-sniper/CMakeFiles/CMakeTmp/src.c:6:
/usr/include/x86_64-linux-gnu/sys/socket.h:138:16: note: previous declaration of ‘send’ was here
  138 | extern ssize_t send (int __fd, const void *__buf, size_t __n, int __flags);
      |                ^~~~
make[3]: Leaving directory '/data/marg/abhishek/CoMeT/benchmarks/parsec/parsec-2.1/pkgs/tools/cmake/obj/amd64-linux.gcc-sniper/CMakeFiles/CMakeTmp'
make[3]: *** [CMakeFiles/cmTryCompileExec.dir/build.make:56: CMakeFiles/cmTryCompileExec.dir/src.c.o] Error 1
make[2]: *** [Makefile:111: cmTryCompileExec/fast] Error 2
make[2]: Leaving directory '/data/marg/abhishek/CoMeT/benchmarks/parsec/parsec-2.1/pkgs/tools/cmake/obj/amd64-linux.gcc-sniper/CMakeFiles/CMakeTmp'

Source file was:
#define __unused1
#undef inline
#define __unused2

#include <sys/types.h>
#include <sys/socket.h>
extern int  send(ssize_t, const char *, size_t, unsigned int);
#define __unused5 1

int main() { 
                    ssize_t s=0;
                    const char * buf=0;
                    size_t len=0;
                    unsigned int flags=0;
                    int res = send(s, buf, len, flags) ; return 0; }
Performing C SOURCE FILE Test int send(ssize_t, const char *, int, int) (curl_cv_func_send_test) failed with the following output:
Change Dir: /data/marg/abhishek/CoMeT/benchmarks/parsec/parsec-2.1/pkgs/tools/cmake/obj/amd64-linux.gcc-sniper/CMakeFiles/CMakeTmp

Run Build Command:/usr/bin/make "cmTryCompileExec/fast"
make[2]: Entering directory '/data/marg/abhishek/CoMeT/benchmarks/parsec/parsec-2.1/pkgs/tools/cmake/obj/amd64-linux.gcc-sniper/CMakeFiles/CMakeTmp'
/usr/bin/make -f CMakeFiles/cmTryCompileExec.dir/build.make CMakeFiles/cmTryCompileExec.dir/build
make[3]: Entering directory '/data/marg/abhishek/CoMeT/benchmarks/parsec/parsec-2.1/pkgs/tools/cmake/obj/amd64-linux.gcc-sniper/CMakeFiles/CMakeTmp'
/data/marg/abhishek/CoMeT/benchmarks/parsec/parsec-2.1/pkgs/tools/cmake/obj/amd64-linux.gcc-sniper/Bootstrap.cmk/cmake -E cmake_progress_report /data/marg/abhishek/CoMeT/benchmarks/parsec/parsec-2.1/pkgs/tools/cmake/obj/amd64-linux.gcc-sniper/CMakeFiles/CMakeTmp/CMakeFiles 1
Building C object CMakeFiles/cmTryCompileExec.dir/src.c.o
/usr/bin/gcc   -O3 -funroll-loops -fprefetch-loop-arrays -static-libgcc -Wl,--hash-style=both,--as-needed -DPARSEC_VERSION=2.1 -DENABLE_PARSEC_HOOKS -I/data/marg/abhishek/CoMeT/benchmarks/parsec/parsec-2.1/pkgs/libs/hooks/inst/amd64-linux.gcc-sniper/include -I/data/marg/abhishek/CoMeT/benchmarks/tools/hooks -I/data/marg/abhishek/CoMeT/include -DENABLE_PARMACS   -Dcurl_cv_func_send_test   -o CMakeFiles/cmTryCompileExec.dir/src.c.o   -c /data/marg/abhishek/CoMeT/benchmarks/parsec/parsec-2.1/pkgs/tools/cmake/obj/amd64-linux.gcc-sniper/CMakeFiles/CMakeTmp/src.c
/data/marg/abhishek/CoMeT/benchmarks/parsec/parsec-2.1/pkgs/tools/cmake/obj/amd64-linux.gcc-sniper/CMakeFiles/CMakeTmp/src.c:7:13: error: conflicting types for ‘send’
    7 | extern int  send(ssize_t, const char *, int, int);
      |             ^~~~
In file included from /data/marg/abhishek/CoMeT/benchmarks/parsec/parsec-2.1/pkgs/tools/cmake/obj/amd64-linux.gcc-sniper/CMakeFiles/CMakeTmp/src.c:6:
/usr/include/x86_64-linux-gnu/sys/socket.h:138:16: note: previous declaration of ‘send’ was here
  138 | extern ssize_t send (int __fd, const void *__buf, size_t __n, int __flags);
      |                ^~~~
make[3]: *** [CMakeFiles/cmTryCompileExec.dir/build.make:56: CMakeFiles/cmTryCompileExec.dir/src.c.o] Error 1
make[3]: Leaving directory '/data/marg/abhishek/CoMeT/benchmarks/parsec/parsec-2.1/pkgs/tools/cmake/obj/amd64-linux.gcc-sniper/CMakeFiles/CMakeTmp'
make[2]: *** [Makefile:111: cmTryCompileExec/fast] Error 2
make[2]: Leaving directory '/data/marg/abhishek/CoMeT/benchmarks/parsec/parsec-2.1/pkgs/tools/cmake/obj/amd64-linux.gcc-sniper/CMakeFiles/CMakeTmp'

Source file was:
#define __unused1
#undef inline
#define __unused2

#include <sys/types.h>
#include <sys/socket.h>
extern int  send(ssize_t, const char *, int, int);
#define __unused5 1

int main() { 
                    ssize_t s=0;
                    const char * buf=0;
                    int len=0;
                    int flags=0;
                    int res = send(s, buf, len, flags) ; return 0; }
Performing C SOURCE FILE Test int send(ssize_t, const char *, int, unsigned int) (curl_cv_func_send_test) failed with the following output:
Change Dir: /data/marg/abhishek/CoMeT/benchmarks/parsec/parsec-2.1/pkgs/tools/cmake/obj/amd64-linux.gcc-sniper/CMakeFiles/CMakeTmp

Run Build Command:/usr/bin/make "cmTryCompileExec/fast"
make[2]: Entering directory '/data/marg/abhishek/CoMeT/benchmarks/parsec/parsec-2.1/pkgs/tools/cmake/obj/amd64-linux.gcc-sniper/CMakeFiles/CMakeTmp'
/usr/bin/make -f CMakeFiles/cmTryCompileExec.dir/build.make CMakeFiles/cmTryCompileExec.dir/build
make[3]: Entering directory '/data/marg/abhishek/CoMeT/benchmarks/parsec/parsec-2.1/pkgs/tools/cmake/obj/amd64-linux.gcc-sniper/CMakeFiles/CMakeTmp'
/data/marg/abhishek/CoMeT/benchmarks/parsec/parsec-2.1/pkgs/tools/cmake/obj/amd64-linux.gcc-sniper/Bootstrap.cmk/cmake -E cmake_progress_report /data/marg/abhishek/CoMeT/benchmarks/parsec/parsec-2.1/pkgs/tools/cmake/obj/amd64-linux.gcc-sniper/CMakeFiles/CMakeTmp/CMakeFiles 1
Building C object CMakeFiles/cmTryCompileExec.dir/src.c.o
/usr/bin/gcc   -O3 -funroll-loops -fprefetch-loop-arrays -static-libgcc -Wl,--hash-style=both,--as-needed -DPARSEC_VERSION=2.1 -DENABLE_PARSEC_HOOKS -I/data/marg/abhishek/CoMeT/benchmarks/parsec/parsec-2.1/pkgs/libs/hooks/inst/amd64-linux.gcc-sniper/include -I/data/marg/abhishek/CoMeT/benchmarks/tools/hooks -I/data/marg/abhishek/CoMeT/include -DENABLE_PARMACS   -Dcurl_cv_func_send_test   -o CMakeFiles/cmTryCompileExec.dir/src.c.o   -c /data/marg/abhishek/CoMeT/benchmarks/parsec/parsec-2.1/pkgs/tools/cmake/obj/amd64-linux.gcc-sniper/CMakeFiles/CMakeTmp/src.c
/data/marg/abhishek/CoMeT/benchmarks/parsec/parsec-2.1/pkgs/tools/cmake/obj/amd64-linux.gcc-sniper/CMakeFiles/CMakeTmp/src.c:7:13: error: conflicting types for ‘send’
    7 | extern int  send(ssize_t, const char *, int, unsigned int);
      |             ^~~~
In file included from /data/marg/abhishek/CoMeT/benchmarks/parsec/parsec-2.1/pkgs/tools/cmake/obj/amd64-linux.gcc-sniper/CMakeFiles/CMakeTmp/src.c:6:
/usr/include/x86_64-linux-gnu/sys/socket.h:138:16: note: previous declaration of ‘send’ was here
  138 | extern ssize_t send (int __fd, const void *__buf, size_t __n, int __flags);
      |                ^~~~
make[3]: Leaving directory '/data/marg/abhishek/CoMeT/benchmarks/parsec/parsec-2.1/pkgs/tools/cmake/obj/amd64-linux.gcc-sniper/CMakeFiles/CMakeTmp'
make[3]: *** [CMakeFiles/cmTryCompileExec.dir/build.make:56: CMakeFiles/cmTryCompileExec.dir/src.c.o] Error 1
make[2]: *** [Makefile:111: cmTryCompileExec/fast] Error 2
make[2]: Leaving directory '/data/marg/abhishek/CoMeT/benchmarks/parsec/parsec-2.1/pkgs/tools/cmake/obj/amd64-linux.gcc-sniper/CMakeFiles/CMakeTmp'

Source file was:
#define __unused1
#undef inline
#define __unused2

#include <sys/types.h>
#include <sys/socket.h>
extern int  send(ssize_t, const char *, int, unsigned int);
#define __unused5 1

int main() { 
                    ssize_t s=0;
                    const char * buf=0;
                    int len=0;
                    unsigned int flags=0;
                    int res = send(s, buf, len, flags) ; return 0; }
Performing C SOURCE FILE Test int send(ssize_t, const char *, socklen_t, int) (curl_cv_func_send_test) failed with the following output:
Change Dir: /data/marg/abhishek/CoMeT/benchmarks/parsec/parsec-2.1/pkgs/tools/cmake/obj/amd64-linux.gcc-sniper/CMakeFiles/CMakeTmp

Run Build Command:/usr/bin/make "cmTryCompileExec/fast"
make[2]: Entering directory '/data/marg/abhishek/CoMeT/benchmarks/parsec/parsec-2.1/pkgs/tools/cmake/obj/amd64-linux.gcc-sniper/CMakeFiles/CMakeTmp'
/usr/bin/make -f CMakeFiles/cmTryCompileExec.dir/build.make CMakeFiles/cmTryCompileExec.dir/build
make[3]: Entering directory '/data/marg/abhishek/CoMeT/benchmarks/parsec/parsec-2.1/pkgs/tools/cmake/obj/amd64-linux.gcc-sniper/CMakeFiles/CMakeTmp'
/data/marg/abhishek/CoMeT/benchmarks/parsec/parsec-2.1/pkgs/tools/cmake/obj/amd64-linux.gcc-sniper/Bootstrap.cmk/cmake -E cmake_progress_report /data/marg/abhishek/CoMeT/benchmarks/parsec/parsec-2.1/pkgs/tools/cmake/obj/amd64-linux.gcc-sniper/CMakeFiles/CMakeTmp/CMakeFiles 1
Building C object CMakeFiles/cmTryCompileExec.dir/src.c.o
/usr/bin/gcc   -O3 -funroll-loops -fprefetch-loop-arrays -static-libgcc -Wl,--hash-style=both,--as-needed -DPARSEC_VERSION=2.1 -DENABLE_PARSEC_HOOKS -I/data/marg/abhishek/CoMeT/benchmarks/parsec/parsec-2.1/pkgs/libs/hooks/inst/amd64-linux.gcc-sniper/include -I/data/marg/abhishek/CoMeT/benchmarks/tools/hooks -I/data/marg/abhishek/CoMeT/include -DENABLE_PARMACS   -Dcurl_cv_func_send_test   -o CMakeFiles/cmTryCompileExec.dir/src.c.o   -c /data/marg/abhishek/CoMeT/benchmarks/parsec/parsec-2.1/pkgs/tools/cmake/obj/amd64-linux.gcc-sniper/CMakeFiles/CMakeTmp/src.c
/data/marg/abhishek/CoMeT/benchmarks/parsec/parsec-2.1/pkgs/tools/cmake/obj/amd64-linux.gcc-sniper/CMakeFiles/CMakeTmp/src.c:7:13: error: conflicting types for ‘send’
    7 | extern int  send(ssize_t, const char *, socklen_t, int);
      |             ^~~~
In file included from /data/marg/abhishek/CoMeT/benchmarks/parsec/parsec-2.1/pkgs/tools/cmake/obj/amd64-linux.gcc-sniper/CMakeFiles/CMakeTmp/src.c:6:
/usr/include/x86_64-linux-gnu/sys/socket.h:138:16: note: previous declaration of ‘send’ was here
  138 | extern ssize_t send (int __fd, const void *__buf, size_t __n, int __flags);
      |                ^~~~
make[3]: Leaving directory '/data/marg/abhishek/CoMeT/benchmarks/parsec/parsec-2.1/pkgs/tools/cmake/obj/amd64-linux.gcc-sniper/CMakeFiles/CMakeTmp'
make[3]: *** [CMakeFiles/cmTryCompileExec.dir/build.make:56: CMakeFiles/cmTryCompileExec.dir/src.c.o] Error 1
make[2]: *** [Makefile:111: cmTryCompileExec/fast] Error 2
make[2]: Leaving directory '/data/marg/abhishek/CoMeT/benchmarks/parsec/parsec-2.1/pkgs/tools/cmake/obj/amd64-linux.gcc-sniper/CMakeFiles/CMakeTmp'

Source file was:
#define __unused1
#undef inline
#define __unused2

#include <sys/types.h>
#include <sys/socket.h>
extern int  send(ssize_t, const char *, socklen_t, int);
#define __unused5 1

int main() { 
                    ssize_t s=0;
                    const char * buf=0;
                    socklen_t len=0;
                    int flags=0;
                    int res = send(s, buf, len, flags) ; return 0; }
Performing C SOURCE FILE Test int send(ssize_t, const char *, socklen_t, unsigned int) (curl_cv_func_send_test) failed with the following output:
Change Dir: /data/marg/abhishek/CoMeT/benchmarks/parsec/parsec-2.1/pkgs/tools/cmake/obj/amd64-linux.gcc-sniper/CMakeFiles/CMakeTmp

Run Build Command:/usr/bin/make "cmTryCompileExec/fast"
make[2]: Entering directory '/data/marg/abhishek/CoMeT/benchmarks/parsec/parsec-2.1/pkgs/tools/cmake/obj/amd64-linux.gcc-sniper/CMakeFiles/CMakeTmp'
/usr/bin/make -f CMakeFiles/cmTryCompileExec.dir/build.make CMakeFiles/cmTryCompileExec.dir/build
make[3]: Entering directory '/data/marg/abhishek/CoMeT/benchmarks/parsec/parsec-2.1/pkgs/tools/cmake/obj/amd64-linux.gcc-sniper/CMakeFiles/CMakeTmp'
/data/marg/abhishek/CoMeT/benchmarks/parsec/parsec-2.1/pkgs/tools/cmake/obj/amd64-linux.gcc-sniper/Bootstrap.cmk/cmake -E cmake_progress_report /data/marg/abhishek/CoMeT/benchmarks/parsec/parsec-2.1/pkgs/tools/cmake/obj/amd64-linux.gcc-sniper/CMakeFiles/CMakeTmp/CMakeFiles 1
Building C object CMakeFiles/cmTryCompileExec.dir/src.c.o
/usr/bin/gcc   -O3 -funroll-loops -fprefetch-loop-arrays -static-libgcc -Wl,--hash-style=both,--as-needed -DPARSEC_VERSION=2.1 -DENABLE_PARSEC_HOOKS -I/data/marg/abhishek/CoMeT/benchmarks/parsec/parsec-2.1/pkgs/libs/hooks/inst/amd64-linux.gcc-sniper/include -I/data/marg/abhishek/CoMeT/benchmarks/tools/hooks -I/data/marg/abhishek/CoMeT/include -DENABLE_PARMACS   -Dcurl_cv_func_send_test   -o CMakeFiles/cmTryCompileExec.dir/src.c.o   -c /data/marg/abhishek/CoMeT/benchmarks/parsec/parsec-2.1/pkgs/tools/cmake/obj/amd64-linux.gcc-sniper/CMakeFiles/CMakeTmp/src.c
/data/marg/abhishek/CoMeT/benchmarks/parsec/parsec-2.1/pkgs/tools/cmake/obj/amd64-linux.gcc-sniper/CMakeFiles/CMakeTmp/src.c:7:13: error: conflicting types for ‘send’
    7 | extern int  send(ssize_t, const char *, socklen_t, unsigned int);
      |             ^~~~
In file included from /data/marg/abhishek/CoMeT/benchmarks/parsec/parsec-2.1/pkgs/tools/cmake/obj/amd64-linux.gcc-sniper/CMakeFiles/CMakeTmp/src.c:6:
/usr/include/x86_64-linux-gnu/sys/socket.h:138:16: note: previous declaration of ‘send’ was here
  138 | extern ssize_t send (int __fd, const void *__buf, size_t __n, int __flags);
      |                ^~~~
make[3]: Leaving directory '/data/marg/abhishek/CoMeT/benchmarks/parsec/parsec-2.1/pkgs/tools/cmake/obj/amd64-linux.gcc-sniper/CMakeFiles/CMakeTmp'
make[3]: *** [CMakeFiles/cmTryCompileExec.dir/build.make:56: CMakeFiles/cmTryCompileExec.dir/src.c.o] Error 1
make[2]: *** [Makefile:111: cmTryCompileExec/fast] Error 2
make[2]: Leaving directory '/data/marg/abhishek/CoMeT/benchmarks/parsec/parsec-2.1/pkgs/tools/cmake/obj/amd64-linux.gcc-sniper/CMakeFiles/CMakeTmp'

Source file was:
#define __unused1
#undef inline
#define __unused2

#include <sys/types.h>
#include <sys/socket.h>
extern int  send(ssize_t, const char *, socklen_t, unsigned int);
#define __unused5 1

int main() { 
                    ssize_t s=0;
                    const char * buf=0;
                    socklen_t len=0;
                    unsigned int flags=0;
                    int res = send(s, buf, len, flags) ; return 0; }
Performing C SOURCE FILE Test int send(ssize_t, const char *, unsigned int, int) (curl_cv_func_send_test) failed with the following output:
Change Dir: /data/marg/abhishek/CoMeT/benchmarks/parsec/parsec-2.1/pkgs/tools/cmake/obj/amd64-linux.gcc-sniper/CMakeFiles/CMakeTmp

Run Build Command:/usr/bin/make "cmTryCompileExec/fast"
make[2]: Entering directory '/data/marg/abhishek/CoMeT/benchmarks/parsec/parsec-2.1/pkgs/tools/cmake/obj/amd64-linux.gcc-sniper/CMakeFiles/CMakeTmp'
/usr/bin/make -f CMakeFiles/cmTryCompileExec.dir/build.make CMakeFiles/cmTryCompileExec.dir/build
make[3]: Entering directory '/data/marg/abhishek/CoMeT/benchmarks/parsec/parsec-2.1/pkgs/tools/cmake/obj/amd64-linux.gcc-sniper/CMakeFiles/CMakeTmp'
/data/marg/abhishek/CoMeT/benchmarks/parsec/parsec-2.1/pkgs/tools/cmake/obj/amd64-linux.gcc-sniper/Bootstrap.cmk/cmake -E cmake_progress_report /data/marg/abhishek/CoMeT/benchmarks/parsec/parsec-2.1/pkgs/tools/cmake/obj/amd64-linux.gcc-sniper/CMakeFiles/CMakeTmp/CMakeFiles 1
Building C object CMakeFiles/cmTryCompileExec.dir/src.c.o
/usr/bin/gcc   -O3 -funroll-loops -fprefetch-loop-arrays -static-libgcc -Wl,--hash-style=both,--as-needed -DPARSEC_VERSION=2.1 -DENABLE_PARSEC_HOOKS -I/data/marg/abhishek/CoMeT/benchmarks/parsec/parsec-2.1/pkgs/libs/hooks/inst/amd64-linux.gcc-sniper/include -I/data/marg/abhishek/CoMeT/benchmarks/tools/hooks -I/data/marg/abhishek/CoMeT/include -DENABLE_PARMACS   -Dcurl_cv_func_send_test   -o CMakeFiles/cmTryCompileExec.dir/src.c.o   -c /data/marg/abhishek/CoMeT/benchmarks/parsec/parsec-2.1/pkgs/tools/cmake/obj/amd64-linux.gcc-sniper/CMakeFiles/CMakeTmp/src.c
/data/marg/abhishek/CoMeT/benchmarks/parsec/parsec-2.1/pkgs/tools/cmake/obj/amd64-linux.gcc-sniper/CMakeFiles/CMakeTmp/src.c:7:13: error: conflicting types for ‘send’
    7 | extern int  send(ssize_t, const char *, unsigned int, int);
      |             ^~~~
In file included from /data/marg/abhishek/CoMeT/benchmarks/parsec/parsec-2.1/pkgs/tools/cmake/obj/amd64-linux.gcc-sniper/CMakeFiles/CMakeTmp/src.c:6:
/usr/include/x86_64-linux-gnu/sys/socket.h:138:16: note: previous declaration of ‘send’ was here
  138 | extern ssize_t send (int __fd, const void *__buf, size_t __n, int __flags);
      |                ^~~~
make[3]: Leaving directory '/data/marg/abhishek/CoMeT/benchmarks/parsec/parsec-2.1/pkgs/tools/cmake/obj/amd64-linux.gcc-sniper/CMakeFiles/CMakeTmp'
make[3]: *** [CMakeFiles/cmTryCompileExec.dir/build.make:56: CMakeFiles/cmTryCompileExec.dir/src.c.o] Error 1
make[2]: *** [Makefile:111: cmTryCompileExec/fast] Error 2
make[2]: Leaving directory '/data/marg/abhishek/CoMeT/benchmarks/parsec/parsec-2.1/pkgs/tools/cmake/obj/amd64-linux.gcc-sniper/CMakeFiles/CMakeTmp'

Source file was:
#define __unused1
#undef inline
#define __unused2

#include <sys/types.h>
#include <sys/socket.h>
extern int  send(ssize_t, const char *, unsigned int, int);
#define __unused5 1

int main() { 
                    ssize_t s=0;
                    const char * buf=0;
                    unsigned int len=0;
                    int flags=0;
                    int res = send(s, buf, len, flags) ; return 0; }
Performing C SOURCE FILE Test int send(ssize_t, const char *, unsigned int, unsigned int) (curl_cv_func_send_test) failed with the following output:
Change Dir: /data/marg/abhishek/CoMeT/benchmarks/parsec/parsec-2.1/pkgs/tools/cmake/obj/amd64-linux.gcc-sniper/CMakeFiles/CMakeTmp

Run Build Command:/usr/bin/make "cmTryCompileExec/fast"
make[2]: Entering directory '/data/marg/abhishek/CoMeT/benchmarks/parsec/parsec-2.1/pkgs/tools/cmake/obj/amd64-linux.gcc-sniper/CMakeFiles/CMakeTmp'
/usr/bin/make -f CMakeFiles/cmTryCompileExec.dir/build.make CMakeFiles/cmTryCompileExec.dir/build
make[3]: Entering directory '/data/marg/abhishek/CoMeT/benchmarks/parsec/parsec-2.1/pkgs/tools/cmake/obj/amd64-linux.gcc-sniper/CMakeFiles/CMakeTmp'
/data/marg/abhishek/CoMeT/benchmarks/parsec/parsec-2.1/pkgs/tools/cmake/obj/amd64-linux.gcc-sniper/Bootstrap.cmk/cmake -E cmake_progress_report /data/marg/abhishek/CoMeT/benchmarks/parsec/parsec-2.1/pkgs/tools/cmake/obj/amd64-linux.gcc-sniper/CMakeFiles/CMakeTmp/CMakeFiles 1
Building C object CMakeFiles/cmTryCompileExec.dir/src.c.o
/usr/bin/gcc   -O3 -funroll-loops -fprefetch-loop-arrays -static-libgcc -Wl,--hash-style=both,--as-needed -DPARSEC_VERSION=2.1 -DENABLE_PARSEC_HOOKS -I/data/marg/abhishek/CoMeT/benchmarks/parsec/parsec-2.1/pkgs/libs/hooks/inst/amd64-linux.gcc-sniper/include -I/data/marg/abhishek/CoMeT/benchmarks/tools/hooks -I/data/marg/abhishek/CoMeT/include -DENABLE_PARMACS   -Dcurl_cv_func_send_test   -o CMakeFiles/cmTryCompileExec.dir/src.c.o   -c /data/marg/abhishek/CoMeT/benchmarks/parsec/parsec-2.1/pkgs/tools/cmake/obj/amd64-linux.gcc-sniper/CMakeFiles/CMakeTmp/src.c
/data/marg/abhishek/CoMeT/benchmarks/parsec/parsec-2.1/pkgs/tools/cmake/obj/amd64-linux.gcc-sniper/CMakeFiles/CMakeTmp/src.c:7:13: error: conflicting types for ‘send’
    7 | extern int  send(ssize_t, const char *, unsigned int, unsigned int);
      |             ^~~~
In file included from /data/marg/abhishek/CoMeT/benchmarks/parsec/parsec-2.1/pkgs/tools/cmake/obj/amd64-linux.gcc-sniper/CMakeFiles/CMakeTmp/src.c:6:
/usr/include/x86_64-linux-gnu/sys/socket.h:138:16: note: previous declaration of ‘send’ was here
  138 | extern ssize_t send (int __fd, const void *__buf, size_t __n, int __flags);
      |                ^~~~
make[3]: Leaving directory '/data/marg/abhishek/CoMeT/benchmarks/parsec/parsec-2.1/pkgs/tools/cmake/obj/amd64-linux.gcc-sniper/CMakeFiles/CMakeTmp'
make[3]: *** [CMakeFiles/cmTryCompileExec.dir/build.make:56: CMakeFiles/cmTryCompileExec.dir/src.c.o] Error 1
make[2]: *** [Makefile:111: cmTryCompileExec/fast] Error 2
make[2]: Leaving directory '/data/marg/abhishek/CoMeT/benchmarks/parsec/parsec-2.1/pkgs/tools/cmake/obj/amd64-linux.gcc-sniper/CMakeFiles/CMakeTmp'

Source file was:
#define __unused1
#undef inline
#define __unused2

#include <sys/types.h>
#include <sys/socket.h>
extern int  send(ssize_t, const char *, unsigned int, unsigned int);
#define __unused5 1

int main() { 
                    ssize_t s=0;
                    const char * buf=0;
                    unsigned int len=0;
                    unsigned int flags=0;
                    int res = send(s, buf, len, flags) ; return 0; }
Performing C SOURCE FILE Test int send(SOCKET, const void *, size_t, int) (curl_cv_func_send_test) failed with the following output:
Change Dir: /data/marg/abhishek/CoMeT/benchmarks/parsec/parsec-2.1/pkgs/tools/cmake/obj/amd64-linux.gcc-sniper/CMakeFiles/CMakeTmp

Run Build Command:/usr/bin/make "cmTryCompileExec/fast"
make[2]: Entering directory '/data/marg/abhishek/CoMeT/benchmarks/parsec/parsec-2.1/pkgs/tools/cmake/obj/amd64-linux.gcc-sniper/CMakeFiles/CMakeTmp'
/usr/bin/make -f CMakeFiles/cmTryCompileExec.dir/build.make CMakeFiles/cmTryCompileExec.dir/build
make[3]: Entering directory '/data/marg/abhishek/CoMeT/benchmarks/parsec/parsec-2.1/pkgs/tools/cmake/obj/amd64-linux.gcc-sniper/CMakeFiles/CMakeTmp'
/data/marg/abhishek/CoMeT/benchmarks/parsec/parsec-2.1/pkgs/tools/cmake/obj/amd64-linux.gcc-sniper/Bootstrap.cmk/cmake -E cmake_progress_report /data/marg/abhishek/CoMeT/benchmarks/parsec/parsec-2.1/pkgs/tools/cmake/obj/amd64-linux.gcc-sniper/CMakeFiles/CMakeTmp/CMakeFiles 1
Building C object CMakeFiles/cmTryCompileExec.dir/src.c.o
/usr/bin/gcc   -O3 -funroll-loops -fprefetch-loop-arrays -static-libgcc -Wl,--hash-style=both,--as-needed -DPARSEC_VERSION=2.1 -DENABLE_PARSEC_HOOKS -I/data/marg/abhishek/CoMeT/benchmarks/parsec/parsec-2.1/pkgs/libs/hooks/inst/amd64-linux.gcc-sniper/include -I/data/marg/abhishek/CoMeT/benchmarks/tools/hooks -I/data/marg/abhishek/CoMeT/include -DENABLE_PARMACS   -Dcurl_cv_func_send_test   -o CMakeFiles/cmTryCompileExec.dir/src.c.o   -c /data/marg/abhishek/CoMeT/benchmarks/parsec/parsec-2.1/pkgs/tools/cmake/obj/amd64-linux.gcc-sniper/CMakeFiles/CMakeTmp/src.c
/data/marg/abhishek/CoMeT/benchmarks/parsec/parsec-2.1/pkgs/tools/cmake/obj/amd64-linux.gcc-sniper/CMakeFiles/CMakeTmp/src.c:7:25: error: expected ‘)’ before ‘const’
    7 | extern int  send(SOCKET, const void *, size_t, int);
      |                         ^~~~~~
      |                         )
/data/marg/abhishek/CoMeT/benchmarks/parsec/parsec-2.1/pkgs/tools/cmake/obj/amd64-linux.gcc-sniper/CMakeFiles/CMakeTmp/src.c: In function ‘main’:
/data/marg/abhishek/CoMeT/benchmarks/parsec/parsec-2.1/pkgs/tools/cmake/obj/amd64-linux.gcc-sniper/CMakeFiles/CMakeTmp/src.c:11:21: error: unknown type name ‘SOCKET’
   11 |                     SOCKET s=0;
      |                     ^~~~~~
make[3]: *** [CMakeFiles/cmTryCompileExec.dir/build.make:56: CMakeFiles/cmTryCompileExec.dir/src.c.o] Error 1
make[3]: Leaving directory '/data/marg/abhishek/CoMeT/benchmarks/parsec/parsec-2.1/pkgs/tools/cmake/obj/amd64-linux.gcc-sniper/CMakeFiles/CMakeTmp'
make[2]: *** [Makefile:111: cmTryCompileExec/fast] Error 2
make[2]: Leaving directory '/data/marg/abhishek/CoMeT/benchmarks/parsec/parsec-2.1/pkgs/tools/cmake/obj/amd64-linux.gcc-sniper/CMakeFiles/CMakeTmp'

Source file was:
#define __unused1
#undef inline
#define __unused2

#include <sys/types.h>
#include <sys/socket.h>
extern int  send(SOCKET, const void *, size_t, int);
#define __unused5 1

int main() { 
                    SOCKET s=0;
                    const void * buf=0;
                    size_t len=0;
                    int flags=0;
                    int res = send(s, buf, len, flags) ; return 0; }
Performing C SOURCE FILE Test int send(SOCKET, const void *, size_t, unsigned int) (curl_cv_func_send_test) failed with the following output:
Change Dir: /data/marg/abhishek/CoMeT/benchmarks/parsec/parsec-2.1/pkgs/tools/cmake/obj/amd64-linux.gcc-sniper/CMakeFiles/CMakeTmp

Run Build Command:/usr/bin/make "cmTryCompileExec/fast"
make[2]: Entering directory '/data/marg/abhishek/CoMeT/benchmarks/parsec/parsec-2.1/pkgs/tools/cmake/obj/amd64-linux.gcc-sniper/CMakeFiles/CMakeTmp'
/usr/bin/make -f CMakeFiles/cmTryCompileExec.dir/build.make CMakeFiles/cmTryCompileExec.dir/build
make[3]: Entering directory '/data/marg/abhishek/CoMeT/benchmarks/parsec/parsec-2.1/pkgs/tools/cmake/obj/amd64-linux.gcc-sniper/CMakeFiles/CMakeTmp'
/data/marg/abhishek/CoMeT/benchmarks/parsec/parsec-2.1/pkgs/tools/cmake/obj/amd64-linux.gcc-sniper/Bootstrap.cmk/cmake -E cmake_progress_report /data/marg/abhishek/CoMeT/benchmarks/parsec/parsec-2.1/pkgs/tools/cmake/obj/amd64-linux.gcc-sniper/CMakeFiles/CMakeTmp/CMakeFiles 1
Building C object CMakeFiles/cmTryCompileExec.dir/src.c.o
/usr/bin/gcc   -O3 -funroll-loops -fprefetch-loop-arrays -static-libgcc -Wl,--hash-style=both,--as-needed -DPARSEC_VERSION=2.1 -DENABLE_PARSEC_HOOKS -I/data/marg/abhishek/CoMeT/benchmarks/parsec/parsec-2.1/pkgs/libs/hooks/inst/amd64-linux.gcc-sniper/include -I/data/marg/abhishek/CoMeT/benchmarks/tools/hooks -I/data/marg/abhishek/CoMeT/include -DENABLE_PARMACS   -Dcurl_cv_func_send_test   -o CMakeFiles/cmTryCompileExec.dir/src.c.o   -c /data/marg/abhishek/CoMeT/benchmarks/parsec/parsec-2.1/pkgs/tools/cmake/obj/amd64-linux.gcc-sniper/CMakeFiles/CMakeTmp/src.c
/data/marg/abhishek/CoMeT/benchmarks/parsec/parsec-2.1/pkgs/tools/cmake/obj/amd64-linux.gcc-sniper/CMakeFiles/CMakeTmp/src.c:7:25: error: expected ‘)’ before ‘const’
    7 | extern int  send(SOCKET, const void *, size_t, unsigned int);
      |                         ^~~~~~
      |                         )
/data/marg/abhishek/CoMeT/benchmarks/parsec/parsec-2.1/pkgs/tools/cmake/obj/amd64-linux.gcc-sniper/CMakeFiles/CMakeTmp/src.c: In function ‘main’:
/data/marg/abhishek/CoMeT/benchmarks/parsec/parsec-2.1/pkgs/tools/cmake/obj/amd64-linux.gcc-sniper/CMakeFiles/CMakeTmp/src.c:11:21: error: unknown type name ‘SOCKET’
   11 |                     SOCKET s=0;
      |                     ^~~~~~
make[3]: Leaving directory '/data/marg/abhishek/CoMeT/benchmarks/parsec/parsec-2.1/pkgs/tools/cmake/obj/amd64-linux.gcc-sniper/CMakeFiles/CMakeTmp'
make[3]: *** [CMakeFiles/cmTryCompileExec.dir/build.make:56: CMakeFiles/cmTryCompileExec.dir/src.c.o] Error 1
make[2]: *** [Makefile:111: cmTryCompileExec/fast] Error 2
make[2]: Leaving directory '/data/marg/abhishek/CoMeT/benchmarks/parsec/parsec-2.1/pkgs/tools/cmake/obj/amd64-linux.gcc-sniper/CMakeFiles/CMakeTmp'

Source file was:
#define __unused1
#undef inline
#define __unused2

#include <sys/types.h>
#include <sys/socket.h>
extern int  send(SOCKET, const void *, size_t, unsigned int);
#define __unused5 1

int main() { 
                    SOCKET s=0;
                    const void * buf=0;
                    size_t len=0;
                    unsigned int flags=0;
                    int res = send(s, buf, len, flags) ; return 0; }
Performing C SOURCE FILE Test int send(SOCKET, const void *, int, int) (curl_cv_func_send_test) failed with the following output:
Change Dir: /data/marg/abhishek/CoMeT/benchmarks/parsec/parsec-2.1/pkgs/tools/cmake/obj/amd64-linux.gcc-sniper/CMakeFiles/CMakeTmp

Run Build Command:/usr/bin/make "cmTryCompileExec/fast"
make[2]: Entering directory '/data/marg/abhishek/CoMeT/benchmarks/parsec/parsec-2.1/pkgs/tools/cmake/obj/amd64-linux.gcc-sniper/CMakeFiles/CMakeTmp'
/usr/bin/make -f CMakeFiles/cmTryCompileExec.dir/build.make CMakeFiles/cmTryCompileExec.dir/build
make[3]: Entering directory '/data/marg/abhishek/CoMeT/benchmarks/parsec/parsec-2.1/pkgs/tools/cmake/obj/amd64-linux.gcc-sniper/CMakeFiles/CMakeTmp'
/data/marg/abhishek/CoMeT/benchmarks/parsec/parsec-2.1/pkgs/tools/cmake/obj/amd64-linux.gcc-sniper/Bootstrap.cmk/cmake -E cmake_progress_report /data/marg/abhishek/CoMeT/benchmarks/parsec/parsec-2.1/pkgs/tools/cmake/obj/amd64-linux.gcc-sniper/CMakeFiles/CMakeTmp/CMakeFiles 1
Building C object CMakeFiles/cmTryCompileExec.dir/src.c.o
/usr/bin/gcc   -O3 -funroll-loops -fprefetch-loop-arrays -static-libgcc -Wl,--hash-style=both,--as-needed -DPARSEC_VERSION=2.1 -DENABLE_PARSEC_HOOKS -I/data/marg/abhishek/CoMeT/benchmarks/parsec/parsec-2.1/pkgs/libs/hooks/inst/amd64-linux.gcc-sniper/include -I/data/marg/abhishek/CoMeT/benchmarks/tools/hooks -I/data/marg/abhishek/CoMeT/include -DENABLE_PARMACS   -Dcurl_cv_func_send_test   -o CMakeFiles/cmTryCompileExec.dir/src.c.o   -c /data/marg/abhishek/CoMeT/benchmarks/parsec/parsec-2.1/pkgs/tools/cmake/obj/amd64-linux.gcc-sniper/CMakeFiles/CMakeTmp/src.c
/data/marg/abhishek/CoMeT/benchmarks/parsec/parsec-2.1/pkgs/tools/cmake/obj/amd64-linux.gcc-sniper/CMakeFiles/CMakeTmp/src.c:7:25: error: expected ‘)’ before ‘const’
    7 | extern int  send(SOCKET, const void *, int, int);
      |                         ^~~~~~
      |                         )
/data/marg/abhishek/CoMeT/benchmarks/parsec/parsec-2.1/pkgs/tools/cmake/obj/amd64-linux.gcc-sniper/CMakeFiles/CMakeTmp/src.c: In function ‘main’:
/data/marg/abhishek/CoMeT/benchmarks/parsec/parsec-2.1/pkgs/tools/cmake/obj/amd64-linux.gcc-sniper/CMakeFiles/CMakeTmp/src.c:11:21: error: unknown type name ‘SOCKET’
   11 |                     SOCKET s=0;
      |                     ^~~~~~
make[3]: Leaving directory '/data/marg/abhishek/CoMeT/benchmarks/parsec/parsec-2.1/pkgs/tools/cmake/obj/amd64-linux.gcc-sniper/CMakeFiles/CMakeTmp'
make[3]: *** [CMakeFiles/cmTryCompileExec.dir/build.make:56: CMakeFiles/cmTryCompileExec.dir/src.c.o] Error 1
make[2]: *** [Makefile:111: cmTryCompileExec/fast] Error 2
make[2]: Leaving directory '/data/marg/abhishek/CoMeT/benchmarks/parsec/parsec-2.1/pkgs/tools/cmake/obj/amd64-linux.gcc-sniper/CMakeFiles/CMakeTmp'

Source file was:
#define __unused1
#undef inline
#define __unused2

#include <sys/types.h>
#include <sys/socket.h>
extern int  send(SOCKET, const void *, int, int);
#define __unused5 1

int main() { 
                    SOCKET s=0;
                    const void * buf=0;
                    int len=0;
                    int flags=0;
                    int res = send(s, buf, len, flags) ; return 0; }
Performing C SOURCE FILE Test int send(SOCKET, const void *, int, unsigned int) (curl_cv_func_send_test) failed with the following output:
Change Dir: /data/marg/abhishek/CoMeT/benchmarks/parsec/parsec-2.1/pkgs/tools/cmake/obj/amd64-linux.gcc-sniper/CMakeFiles/CMakeTmp

Run Build Command:/usr/bin/make "cmTryCompileExec/fast"
make[2]: Entering directory '/data/marg/abhishek/CoMeT/benchmarks/parsec/parsec-2.1/pkgs/tools/cmake/obj/amd64-linux.gcc-sniper/CMakeFiles/CMakeTmp'
/usr/bin/make -f CMakeFiles/cmTryCompileExec.dir/build.make CMakeFiles/cmTryCompileExec.dir/build
make[3]: Entering directory '/data/marg/abhishek/CoMeT/benchmarks/parsec/parsec-2.1/pkgs/tools/cmake/obj/amd64-linux.gcc-sniper/CMakeFiles/CMakeTmp'
/data/marg/abhishek/CoMeT/benchmarks/parsec/parsec-2.1/pkgs/tools/cmake/obj/amd64-linux.gcc-sniper/Bootstrap.cmk/cmake -E cmake_progress_report /data/marg/abhishek/CoMeT/benchmarks/parsec/parsec-2.1/pkgs/tools/cmake/obj/amd64-linux.gcc-sniper/CMakeFiles/CMakeTmp/CMakeFiles 1
Building C object CMakeFiles/cmTryCompileExec.dir/src.c.o
/usr/bin/gcc   -O3 -funroll-loops -fprefetch-loop-arrays -static-libgcc -Wl,--hash-style=both,--as-needed -DPARSEC_VERSION=2.1 -DENABLE_PARSEC_HOOKS -I/data/marg/abhishek/CoMeT/benchmarks/parsec/parsec-2.1/pkgs/libs/hooks/inst/amd64-linux.gcc-sniper/include -I/data/marg/abhishek/CoMeT/benchmarks/tools/hooks -I/data/marg/abhishek/CoMeT/include -DENABLE_PARMACS   -Dcurl_cv_func_send_test   -o CMakeFiles/cmTryCompileExec.dir/src.c.o   -c /data/marg/abhishek/CoMeT/benchmarks/parsec/parsec-2.1/pkgs/tools/cmake/obj/amd64-linux.gcc-sniper/CMakeFiles/CMakeTmp/src.c
/data/marg/abhishek/CoMeT/benchmarks/parsec/parsec-2.1/pkgs/tools/cmake/obj/amd64-linux.gcc-sniper/CMakeFiles/CMakeTmp/src.c:7:25: error: expected ‘)’ before ‘const’
    7 | extern int  send(SOCKET, const void *, int, unsigned int);
      |                         ^~~~~~
      |                         )
/data/marg/abhishek/CoMeT/benchmarks/parsec/parsec-2.1/pkgs/tools/cmake/obj/amd64-linux.gcc-sniper/CMakeFiles/CMakeTmp/src.c: In function ‘main’:
/data/marg/abhishek/CoMeT/benchmarks/parsec/parsec-2.1/pkgs/tools/cmake/obj/amd64-linux.gcc-sniper/CMakeFiles/CMakeTmp/src.c:11:21: error: unknown type name ‘SOCKET’
   11 |                     SOCKET s=0;
      |                     ^~~~~~
make[3]: Leaving directory '/data/marg/abhishek/CoMeT/benchmarks/parsec/parsec-2.1/pkgs/tools/cmake/obj/amd64-linux.gcc-sniper/CMakeFiles/CMakeTmp'
make[3]: *** [CMakeFiles/cmTryCompileExec.dir/build.make:56: CMakeFiles/cmTryCompileExec.dir/src.c.o] Error 1
make[2]: *** [Makefile:111: cmTryCompileExec/fast] Error 2
make[2]: Leaving directory '/data/marg/abhishek/CoMeT/benchmarks/parsec/parsec-2.1/pkgs/tools/cmake/obj/amd64-linux.gcc-sniper/CMakeFiles/CMakeTmp'

Source file was:
#define __unused1
#undef inline
#define __unused2

#include <sys/types.h>
#include <sys/socket.h>
extern int  send(SOCKET, const void *, int, unsigned int);
#define __unused5 1

int main() { 
                    SOCKET s=0;
                    const void * buf=0;
                    int len=0;
                    unsigned int flags=0;
                    int res = send(s, buf, len, flags) ; return 0; }
Performing C SOURCE FILE Test int send(SOCKET, const void *, socklen_t, int) (curl_cv_func_send_test) failed with the following output:
Change Dir: /data/marg/abhishek/CoMeT/benchmarks/parsec/parsec-2.1/pkgs/tools/cmake/obj/amd64-linux.gcc-sniper/CMakeFiles/CMakeTmp

Run Build Command:/usr/bin/make "cmTryCompileExec/fast"
make[2]: Entering directory '/data/marg/abhishek/CoMeT/benchmarks/parsec/parsec-2.1/pkgs/tools/cmake/obj/amd64-linux.gcc-sniper/CMakeFiles/CMakeTmp'
/usr/bin/make -f CMakeFiles/cmTryCompileExec.dir/build.make CMakeFiles/cmTryCompileExec.dir/build
make[3]: Entering directory '/data/marg/abhishek/CoMeT/benchmarks/parsec/parsec-2.1/pkgs/tools/cmake/obj/amd64-linux.gcc-sniper/CMakeFiles/CMakeTmp'
/data/marg/abhishek/CoMeT/benchmarks/parsec/parsec-2.1/pkgs/tools/cmake/obj/amd64-linux.gcc-sniper/Bootstrap.cmk/cmake -E cmake_progress_report /data/marg/abhishek/CoMeT/benchmarks/parsec/parsec-2.1/pkgs/tools/cmake/obj/amd64-linux.gcc-sniper/CMakeFiles/CMakeTmp/CMakeFiles 1
Building C object CMakeFiles/cmTryCompileExec.dir/src.c.o
/usr/bin/gcc   -O3 -funroll-loops -fprefetch-loop-arrays -static-libgcc -Wl,--hash-style=both,--as-needed -DPARSEC_VERSION=2.1 -DENABLE_PARSEC_HOOKS -I/data/marg/abhishek/CoMeT/benchmarks/parsec/parsec-2.1/pkgs/libs/hooks/inst/amd64-linux.gcc-sniper/include -I/data/marg/abhishek/CoMeT/benchmarks/tools/hooks -I/data/marg/abhishek/CoMeT/include -DENABLE_PARMACS   -Dcurl_cv_func_send_test   -o CMakeFiles/cmTryCompileExec.dir/src.c.o   -c /data/marg/abhishek/CoMeT/benchmarks/parsec/parsec-2.1/pkgs/tools/cmake/obj/amd64-linux.gcc-sniper/CMakeFiles/CMakeTmp/src.c
/data/marg/abhishek/CoMeT/benchmarks/parsec/parsec-2.1/pkgs/tools/cmake/obj/amd64-linux.gcc-sniper/CMakeFiles/CMakeTmp/src.c:7:25: error: expected ‘)’ before ‘const’
    7 | extern int  send(SOCKET, const void *, socklen_t, int);
      |                         ^~~~~~
      |                         )
/data/marg/abhishek/CoMeT/benchmarks/parsec/parsec-2.1/pkgs/tools/cmake/obj/amd64-linux.gcc-sniper/CMakeFiles/CMakeTmp/src.c: In function ‘main’:
/data/marg/abhishek/CoMeT/benchmarks/parsec/parsec-2.1/pkgs/tools/cmake/obj/amd64-linux.gcc-sniper/CMakeFiles/CMakeTmp/src.c:11:21: error: unknown type name ‘SOCKET’
   11 |                     SOCKET s=0;
      |                     ^~~~~~
make[3]: Leaving directory '/data/marg/abhishek/CoMeT/benchmarks/parsec/parsec-2.1/pkgs/tools/cmake/obj/amd64-linux.gcc-sniper/CMakeFiles/CMakeTmp'
make[3]: *** [CMakeFiles/cmTryCompileExec.dir/build.make:56: CMakeFiles/cmTryCompileExec.dir/src.c.o] Error 1
make[2]: *** [Makefile:111: cmTryCompileExec/fast] Error 2
make[2]: Leaving directory '/data/marg/abhishek/CoMeT/benchmarks/parsec/parsec-2.1/pkgs/tools/cmake/obj/amd64-linux.gcc-sniper/CMakeFiles/CMakeTmp'

Source file was:
#define __unused1
#undef inline
#define __unused2

#include <sys/types.h>
#include <sys/socket.h>
extern int  send(SOCKET, const void *, socklen_t, int);
#define __unused5 1

int main() { 
                    SOCKET s=0;
                    const void * buf=0;
                    socklen_t len=0;
                    int flags=0;
                    int res = send(s, buf, len, flags) ; return 0; }
Performing C SOURCE FILE Test int send(SOCKET, const void *, socklen_t, unsigned int) (curl_cv_func_send_test) failed with the following output:
Change Dir: /data/marg/abhishek/CoMeT/benchmarks/parsec/parsec-2.1/pkgs/tools/cmake/obj/amd64-linux.gcc-sniper/CMakeFiles/CMakeTmp

Run Build Command:/usr/bin/make "cmTryCompileExec/fast"
make[2]: Entering directory '/data/marg/abhishek/CoMeT/benchmarks/parsec/parsec-2.1/pkgs/tools/cmake/obj/amd64-linux.gcc-sniper/CMakeFiles/CMakeTmp'
/usr/bin/make -f CMakeFiles/cmTryCompileExec.dir/build.make CMakeFiles/cmTryCompileExec.dir/build
make[3]: Entering directory '/data/marg/abhishek/CoMeT/benchmarks/parsec/parsec-2.1/pkgs/tools/cmake/obj/amd64-linux.gcc-sniper/CMakeFiles/CMakeTmp'
/data/marg/abhishek/CoMeT/benchmarks/parsec/parsec-2.1/pkgs/tools/cmake/obj/amd64-linux.gcc-sniper/Bootstrap.cmk/cmake -E cmake_progress_report /data/marg/abhishek/CoMeT/benchmarks/parsec/parsec-2.1/pkgs/tools/cmake/obj/amd64-linux.gcc-sniper/CMakeFiles/CMakeTmp/CMakeFiles 1
Building C object CMakeFiles/cmTryCompileExec.dir/src.c.o
/usr/bin/gcc   -O3 -funroll-loops -fprefetch-loop-arrays -static-libgcc -Wl,--hash-style=both,--as-needed -DPARSEC_VERSION=2.1 -DENABLE_PARSEC_HOOKS -I/data/marg/abhishek/CoMeT/benchmarks/parsec/parsec-2.1/pkgs/libs/hooks/inst/amd64-linux.gcc-sniper/include -I/data/marg/abhishek/CoMeT/benchmarks/tools/hooks -I/data/marg/abhishek/CoMeT/include -DENABLE_PARMACS   -Dcurl_cv_func_send_test   -o CMakeFiles/cmTryCompileExec.dir/src.c.o   -c /data/marg/abhishek/CoMeT/benchmarks/parsec/parsec-2.1/pkgs/tools/cmake/obj/amd64-linux.gcc-sniper/CMakeFiles/CMakeTmp/src.c
/data/marg/abhishek/CoMeT/benchmarks/parsec/parsec-2.1/pkgs/tools/cmake/obj/amd64-linux.gcc-sniper/CMakeFiles/CMakeTmp/src.c:7:25: error: expected ‘)’ before ‘const’
    7 | extern int  send(SOCKET, const void *, socklen_t, unsigned int);
      |                         ^~~~~~
      |                         )
/data/marg/abhishek/CoMeT/benchmarks/parsec/parsec-2.1/pkgs/tools/cmake/obj/amd64-linux.gcc-sniper/CMakeFiles/CMakeTmp/src.c: In function ‘main’:
/data/marg/abhishek/CoMeT/benchmarks/parsec/parsec-2.1/pkgs/tools/cmake/obj/amd64-linux.gcc-sniper/CMakeFiles/CMakeTmp/src.c:11:21: error: unknown type name ‘SOCKET’
   11 |                     SOCKET s=0;
      |                     ^~~~~~
make[3]: *** [CMakeFiles/cmTryCompileExec.dir/build.make:56: CMakeFiles/cmTryCompileExec.dir/src.c.o] Error 1
make[3]: Leaving directory '/data/marg/abhishek/CoMeT/benchmarks/parsec/parsec-2.1/pkgs/tools/cmake/obj/amd64-linux.gcc-sniper/CMakeFiles/CMakeTmp'
make[2]: *** [Makefile:111: cmTryCompileExec/fast] Error 2
make[2]: Leaving directory '/data/marg/abhishek/CoMeT/benchmarks/parsec/parsec-2.1/pkgs/tools/cmake/obj/amd64-linux.gcc-sniper/CMakeFiles/CMakeTmp'

Source file was:
#define __unused1
#undef inline
#define __unused2

#include <sys/types.h>
#include <sys/socket.h>
extern int  send(SOCKET, const void *, socklen_t, unsigned int);
#define __unused5 1

int main() { 
                    SOCKET s=0;
                    const void * buf=0;
                    socklen_t len=0;
                    unsigned int flags=0;
                    int res = send(s, buf, len, flags) ; return 0; }
Performing C SOURCE FILE Test int send(SOCKET, const void *, unsigned int, int) (curl_cv_func_send_test) failed with the following output:
Change Dir: /data/marg/abhishek/CoMeT/benchmarks/parsec/parsec-2.1/pkgs/tools/cmake/obj/amd64-linux.gcc-sniper/CMakeFiles/CMakeTmp

Run Build Command:/usr/bin/make "cmTryCompileExec/fast"
make[2]: Entering directory '/data/marg/abhishek/CoMeT/benchmarks/parsec/parsec-2.1/pkgs/tools/cmake/obj/amd64-linux.gcc-sniper/CMakeFiles/CMakeTmp'
/usr/bin/make -f CMakeFiles/cmTryCompileExec.dir/build.make CMakeFiles/cmTryCompileExec.dir/build
make[3]: Entering directory '/data/marg/abhishek/CoMeT/benchmarks/parsec/parsec-2.1/pkgs/tools/cmake/obj/amd64-linux.gcc-sniper/CMakeFiles/CMakeTmp'
/data/marg/abhishek/CoMeT/benchmarks/parsec/parsec-2.1/pkgs/tools/cmake/obj/amd64-linux.gcc-sniper/Bootstrap.cmk/cmake -E cmake_progress_report /data/marg/abhishek/CoMeT/benchmarks/parsec/parsec-2.1/pkgs/tools/cmake/obj/amd64-linux.gcc-sniper/CMakeFiles/CMakeTmp/CMakeFiles 1
Building C object CMakeFiles/cmTryCompileExec.dir/src.c.o
/usr/bin/gcc   -O3 -funroll-loops -fprefetch-loop-arrays -static-libgcc -Wl,--hash-style=both,--as-needed -DPARSEC_VERSION=2.1 -DENABLE_PARSEC_HOOKS -I/data/marg/abhishek/CoMeT/benchmarks/parsec/parsec-2.1/pkgs/libs/hooks/inst/amd64-linux.gcc-sniper/include -I/data/marg/abhishek/CoMeT/benchmarks/tools/hooks -I/data/marg/abhishek/CoMeT/include -DENABLE_PARMACS   -Dcurl_cv_func_send_test   -o CMakeFiles/cmTryCompileExec.dir/src.c.o   -c /data/marg/abhishek/CoMeT/benchmarks/parsec/parsec-2.1/pkgs/tools/cmake/obj/amd64-linux.gcc-sniper/CMakeFiles/CMakeTmp/src.c
/data/marg/abhishek/CoMeT/benchmarks/parsec/parsec-2.1/pkgs/tools/cmake/obj/amd64-linux.gcc-sniper/CMakeFiles/CMakeTmp/src.c:7:25: error: expected ‘)’ before ‘const’
    7 | extern int  send(SOCKET, const void *, unsigned int, int);
      |                         ^~~~~~
      |                         )
/data/marg/abhishek/CoMeT/benchmarks/parsec/parsec-2.1/pkgs/tools/cmake/obj/amd64-linux.gcc-sniper/CMakeFiles/CMakeTmp/src.c: In function ‘main’:
/data/marg/abhishek/CoMeT/benchmarks/parsec/parsec-2.1/pkgs/tools/cmake/obj/amd64-linux.gcc-sniper/CMakeFiles/CMakeTmp/src.c:11:21: error: unknown type name ‘SOCKET’
   11 |                     SOCKET s=0;
      |                     ^~~~~~
make[3]: Leaving directory '/data/marg/abhishek/CoMeT/benchmarks/parsec/parsec-2.1/pkgs/tools/cmake/obj/amd64-linux.gcc-sniper/CMakeFiles/CMakeTmp'
make[3]: *** [CMakeFiles/cmTryCompileExec.dir/build.make:56: CMakeFiles/cmTryCompileExec.dir/src.c.o] Error 1
make[2]: *** [Makefile:111: cmTryCompileExec/fast] Error 2
make[2]: Leaving directory '/data/marg/abhishek/CoMeT/benchmarks/parsec/parsec-2.1/pkgs/tools/cmake/obj/amd64-linux.gcc-sniper/CMakeFiles/CMakeTmp'

Source file was:
#define __unused1
#undef inline
#define __unused2

#include <sys/types.h>
#include <sys/socket.h>
extern int  send(SOCKET, const void *, unsigned int, int);
#define __unused5 1

int main() { 
                    SOCKET s=0;
                    const void * buf=0;
                    unsigned int len=0;
                    int flags=0;
                    int res = send(s, buf, len, flags) ; return 0; }
Performing C SOURCE FILE Test int send(SOCKET, const void *, unsigned int, unsigned int) (curl_cv_func_send_test) failed with the following output:
Change Dir: /data/marg/abhishek/CoMeT/benchmarks/parsec/parsec-2.1/pkgs/tools/cmake/obj/amd64-linux.gcc-sniper/CMakeFiles/CMakeTmp

Run Build Command:/usr/bin/make "cmTryCompileExec/fast"
make[2]: Entering directory '/data/marg/abhishek/CoMeT/benchmarks/parsec/parsec-2.1/pkgs/tools/cmake/obj/amd64-linux.gcc-sniper/CMakeFiles/CMakeTmp'
/usr/bin/make -f CMakeFiles/cmTryCompileExec.dir/build.make CMakeFiles/cmTryCompileExec.dir/build
make[3]: Entering directory '/data/marg/abhishek/CoMeT/benchmarks/parsec/parsec-2.1/pkgs/tools/cmake/obj/amd64-linux.gcc-sniper/CMakeFiles/CMakeTmp'
/data/marg/abhishek/CoMeT/benchmarks/parsec/parsec-2.1/pkgs/tools/cmake/obj/amd64-linux.gcc-sniper/Bootstrap.cmk/cmake -E cmake_progress_report /data/marg/abhishek/CoMeT/benchmarks/parsec/parsec-2.1/pkgs/tools/cmake/obj/amd64-linux.gcc-sniper/CMakeFiles/CMakeTmp/CMakeFiles 1
Building C object CMakeFiles/cmTryCompileExec.dir/src.c.o
/usr/bin/gcc   -O3 -funroll-loops -fprefetch-loop-arrays -static-libgcc -Wl,--hash-style=both,--as-needed -DPARSEC_VERSION=2.1 -DENABLE_PARSEC_HOOKS -I/data/marg/abhishek/CoMeT/benchmarks/parsec/parsec-2.1/pkgs/libs/hooks/inst/amd64-linux.gcc-sniper/include -I/data/marg/abhishek/CoMeT/benchmarks/tools/hooks -I/data/marg/abhishek/CoMeT/include -DENABLE_PARMACS   -Dcurl_cv_func_send_test   -o CMakeFiles/cmTryCompileExec.dir/src.c.o   -c /data/marg/abhishek/CoMeT/benchmarks/parsec/parsec-2.1/pkgs/tools/cmake/obj/amd64-linux.gcc-sniper/CMakeFiles/CMakeTmp/src.c
/data/marg/abhishek/CoMeT/benchmarks/parsec/parsec-2.1/pkgs/tools/cmake/obj/amd64-linux.gcc-sniper/CMakeFiles/CMakeTmp/src.c:7:25: error: expected ‘)’ before ‘const’
    7 | extern int  send(SOCKET, const void *, unsigned int, unsigned int);
      |                         ^~~~~~
      |                         )
/data/marg/abhishek/CoMeT/benchmarks/parsec/parsec-2.1/pkgs/tools/cmake/obj/amd64-linux.gcc-sniper/CMakeFiles/CMakeTmp/src.c: In function ‘main’:
/data/marg/abhishek/CoMeT/benchmarks/parsec/parsec-2.1/pkgs/tools/cmake/obj/amd64-linux.gcc-sniper/CMakeFiles/CMakeTmp/src.c:11:21: error: unknown type name ‘SOCKET’
   11 |                     SOCKET s=0;
      |                     ^~~~~~
make[3]: Leaving directory '/data/marg/abhishek/CoMeT/benchmarks/parsec/parsec-2.1/pkgs/tools/cmake/obj/amd64-linux.gcc-sniper/CMakeFiles/CMakeTmp'
make[3]: *** [CMakeFiles/cmTryCompileExec.dir/build.make:56: CMakeFiles/cmTryCompileExec.dir/src.c.o] Error 1
make[2]: *** [Makefile:111: cmTryCompileExec/fast] Error 2
make[2]: Leaving directory '/data/marg/abhishek/CoMeT/benchmarks/parsec/parsec-2.1/pkgs/tools/cmake/obj/amd64-linux.gcc-sniper/CMakeFiles/CMakeTmp'

Source file was:
#define __unused1
#undef inline
#define __unused2

#include <sys/types.h>
#include <sys/socket.h>
extern int  send(SOCKET, const void *, unsigned int, unsigned int);
#define __unused5 1

int main() { 
                    SOCKET s=0;
                    const void * buf=0;
                    unsigned int len=0;
                    unsigned int flags=0;
                    int res = send(s, buf, len, flags) ; return 0; }
Performing C SOURCE FILE Test int send(SOCKET, void *, size_t, int) (curl_cv_func_send_test) failed with the following output:
Change Dir: /data/marg/abhishek/CoMeT/benchmarks/parsec/parsec-2.1/pkgs/tools/cmake/obj/amd64-linux.gcc-sniper/CMakeFiles/CMakeTmp

Run Build Command:/usr/bin/make "cmTryCompileExec/fast"
make[2]: Entering directory '/data/marg/abhishek/CoMeT/benchmarks/parsec/parsec-2.1/pkgs/tools/cmake/obj/amd64-linux.gcc-sniper/CMakeFiles/CMakeTmp'
/usr/bin/make -f CMakeFiles/cmTryCompileExec.dir/build.make CMakeFiles/cmTryCompileExec.dir/build
make[3]: Entering directory '/data/marg/abhishek/CoMeT/benchmarks/parsec/parsec-2.1/pkgs/tools/cmake/obj/amd64-linux.gcc-sniper/CMakeFiles/CMakeTmp'
/data/marg/abhishek/CoMeT/benchmarks/parsec/parsec-2.1/pkgs/tools/cmake/obj/amd64-linux.gcc-sniper/Bootstrap.cmk/cmake -E cmake_progress_report /data/marg/abhishek/CoMeT/benchmarks/parsec/parsec-2.1/pkgs/tools/cmake/obj/amd64-linux.gcc-sniper/CMakeFiles/CMakeTmp/CMakeFiles 1
Building C object CMakeFiles/cmTryCompileExec.dir/src.c.o
/usr/bin/gcc   -O3 -funroll-loops -fprefetch-loop-arrays -static-libgcc -Wl,--hash-style=both,--as-needed -DPARSEC_VERSION=2.1 -DENABLE_PARSEC_HOOKS -I/data/marg/abhishek/CoMeT/benchmarks/parsec/parsec-2.1/pkgs/libs/hooks/inst/amd64-linux.gcc-sniper/include -I/data/marg/abhishek/CoMeT/benchmarks/tools/hooks -I/data/marg/abhishek/CoMeT/include -DENABLE_PARMACS   -Dcurl_cv_func_send_test   -o CMakeFiles/cmTryCompileExec.dir/src.c.o   -c /data/marg/abhishek/CoMeT/benchmarks/parsec/parsec-2.1/pkgs/tools/cmake/obj/amd64-linux.gcc-sniper/CMakeFiles/CMakeTmp/src.c
/data/marg/abhishek/CoMeT/benchmarks/parsec/parsec-2.1/pkgs/tools/cmake/obj/amd64-linux.gcc-sniper/CMakeFiles/CMakeTmp/src.c:7:25: error: expected ‘)’ before ‘void’
    7 | extern int  send(SOCKET, void *, size_t, int);
      |                         ^~~~~
      |                         )
/data/marg/abhishek/CoMeT/benchmarks/parsec/parsec-2.1/pkgs/tools/cmake/obj/amd64-linux.gcc-sniper/CMakeFiles/CMakeTmp/src.c: In function ‘main’:
/data/marg/abhishek/CoMeT/benchmarks/parsec/parsec-2.1/pkgs/tools/cmake/obj/amd64-linux.gcc-sniper/CMakeFiles/CMakeTmp/src.c:11:21: error: unknown type name ‘SOCKET’
   11 |                     SOCKET s=0;
      |                     ^~~~~~
make[3]: Leaving directory '/data/marg/abhishek/CoMeT/benchmarks/parsec/parsec-2.1/pkgs/tools/cmake/obj/amd64-linux.gcc-sniper/CMakeFiles/CMakeTmp'
make[3]: *** [CMakeFiles/cmTryCompileExec.dir/build.make:56: CMakeFiles/cmTryCompileExec.dir/src.c.o] Error 1
make[2]: *** [Makefile:111: cmTryCompileExec/fast] Error 2
make[2]: Leaving directory '/data/marg/abhishek/CoMeT/benchmarks/parsec/parsec-2.1/pkgs/tools/cmake/obj/amd64-linux.gcc-sniper/CMakeFiles/CMakeTmp'

Source file was:
#define __unused1
#undef inline
#define __unused2

#include <sys/types.h>
#include <sys/socket.h>
extern int  send(SOCKET, void *, size_t, int);
#define __unused5 1

int main() { 
                    SOCKET s=0;
                    void * buf=0;
                    size_t len=0;
                    int flags=0;
                    int res = send(s, buf, len, flags) ; return 0; }
Performing C SOURCE FILE Test int send(SOCKET, void *, size_t, unsigned int) (curl_cv_func_send_test) failed with the following output:
Change Dir: /data/marg/abhishek/CoMeT/benchmarks/parsec/parsec-2.1/pkgs/tools/cmake/obj/amd64-linux.gcc-sniper/CMakeFiles/CMakeTmp

Run Build Command:/usr/bin/make "cmTryCompileExec/fast"
make[2]: Entering directory '/data/marg/abhishek/CoMeT/benchmarks/parsec/parsec-2.1/pkgs/tools/cmake/obj/amd64-linux.gcc-sniper/CMakeFiles/CMakeTmp'
/usr/bin/make -f CMakeFiles/cmTryCompileExec.dir/build.make CMakeFiles/cmTryCompileExec.dir/build
make[3]: Entering directory '/data/marg/abhishek/CoMeT/benchmarks/parsec/parsec-2.1/pkgs/tools/cmake/obj/amd64-linux.gcc-sniper/CMakeFiles/CMakeTmp'
/data/marg/abhishek/CoMeT/benchmarks/parsec/parsec-2.1/pkgs/tools/cmake/obj/amd64-linux.gcc-sniper/Bootstrap.cmk/cmake -E cmake_progress_report /data/marg/abhishek/CoMeT/benchmarks/parsec/parsec-2.1/pkgs/tools/cmake/obj/amd64-linux.gcc-sniper/CMakeFiles/CMakeTmp/CMakeFiles 1
Building C object CMakeFiles/cmTryCompileExec.dir/src.c.o
/usr/bin/gcc   -O3 -funroll-loops -fprefetch-loop-arrays -static-libgcc -Wl,--hash-style=both,--as-needed -DPARSEC_VERSION=2.1 -DENABLE_PARSEC_HOOKS -I/data/marg/abhishek/CoMeT/benchmarks/parsec/parsec-2.1/pkgs/libs/hooks/inst/amd64-linux.gcc-sniper/include -I/data/marg/abhishek/CoMeT/benchmarks/tools/hooks -I/data/marg/abhishek/CoMeT/include -DENABLE_PARMACS   -Dcurl_cv_func_send_test   -o CMakeFiles/cmTryCompileExec.dir/src.c.o   -c /data/marg/abhishek/CoMeT/benchmarks/parsec/parsec-2.1/pkgs/tools/cmake/obj/amd64-linux.gcc-sniper/CMakeFiles/CMakeTmp/src.c
/data/marg/abhishek/CoMeT/benchmarks/parsec/parsec-2.1/pkgs/tools/cmake/obj/amd64-linux.gcc-sniper/CMakeFiles/CMakeTmp/src.c:7:25: error: expected ‘)’ before ‘void’
    7 | extern int  send(SOCKET, void *, size_t, unsigned int);
      |                         ^~~~~
      |                         )
/data/marg/abhishek/CoMeT/benchmarks/parsec/parsec-2.1/pkgs/tools/cmake/obj/amd64-linux.gcc-sniper/CMakeFiles/CMakeTmp/src.c: In function ‘main’:
/data/marg/abhishek/CoMeT/benchmarks/parsec/parsec-2.1/pkgs/tools/cmake/obj/amd64-linux.gcc-sniper/CMakeFiles/CMakeTmp/src.c:11:21: error: unknown type name ‘SOCKET’
   11 |                     SOCKET s=0;
      |                     ^~~~~~
make[3]: Leaving directory '/data/marg/abhishek/CoMeT/benchmarks/parsec/parsec-2.1/pkgs/tools/cmake/obj/amd64-linux.gcc-sniper/CMakeFiles/CMakeTmp'
make[3]: *** [CMakeFiles/cmTryCompileExec.dir/build.make:56: CMakeFiles/cmTryCompileExec.dir/src.c.o] Error 1
make[2]: *** [Makefile:111: cmTryCompileExec/fast] Error 2
make[2]: Leaving directory '/data/marg/abhishek/CoMeT/benchmarks/parsec/parsec-2.1/pkgs/tools/cmake/obj/amd64-linux.gcc-sniper/CMakeFiles/CMakeTmp'

Source file was:
#define __unused1
#undef inline
#define __unused2

#include <sys/types.h>
#include <sys/socket.h>
extern int  send(SOCKET, void *, size_t, unsigned int);
#define __unused5 1

int main() { 
                    SOCKET s=0;
                    void * buf=0;
                    size_t len=0;
                    unsigned int flags=0;
                    int res = send(s, buf, len, flags) ; return 0; }
Performing C SOURCE FILE Test int send(SOCKET, void *, int, int) (curl_cv_func_send_test) failed with the following output:
Change Dir: /data/marg/abhishek/CoMeT/benchmarks/parsec/parsec-2.1/pkgs/tools/cmake/obj/amd64-linux.gcc-sniper/CMakeFiles/CMakeTmp

Run Build Command:/usr/bin/make "cmTryCompileExec/fast"
make[2]: Entering directory '/data/marg/abhishek/CoMeT/benchmarks/parsec/parsec-2.1/pkgs/tools/cmake/obj/amd64-linux.gcc-sniper/CMakeFiles/CMakeTmp'
/usr/bin/make -f CMakeFiles/cmTryCompileExec.dir/build.make CMakeFiles/cmTryCompileExec.dir/build
make[3]: Entering directory '/data/marg/abhishek/CoMeT/benchmarks/parsec/parsec-2.1/pkgs/tools/cmake/obj/amd64-linux.gcc-sniper/CMakeFiles/CMakeTmp'
/data/marg/abhishek/CoMeT/benchmarks/parsec/parsec-2.1/pkgs/tools/cmake/obj/amd64-linux.gcc-sniper/Bootstrap.cmk/cmake -E cmake_progress_report /data/marg/abhishek/CoMeT/benchmarks/parsec/parsec-2.1/pkgs/tools/cmake/obj/amd64-linux.gcc-sniper/CMakeFiles/CMakeTmp/CMakeFiles 1
Building C object CMakeFiles/cmTryCompileExec.dir/src.c.o
/usr/bin/gcc   -O3 -funroll-loops -fprefetch-loop-arrays -static-libgcc -Wl,--hash-style=both,--as-needed -DPARSEC_VERSION=2.1 -DENABLE_PARSEC_HOOKS -I/data/marg/abhishek/CoMeT/benchmarks/parsec/parsec-2.1/pkgs/libs/hooks/inst/amd64-linux.gcc-sniper/include -I/data/marg/abhishek/CoMeT/benchmarks/tools/hooks -I/data/marg/abhishek/CoMeT/include -DENABLE_PARMACS   -Dcurl_cv_func_send_test   -o CMakeFiles/cmTryCompileExec.dir/src.c.o   -c /data/marg/abhishek/CoMeT/benchmarks/parsec/parsec-2.1/pkgs/tools/cmake/obj/amd64-linux.gcc-sniper/CMakeFiles/CMakeTmp/src.c
/data/marg/abhishek/CoMeT/benchmarks/parsec/parsec-2.1/pkgs/tools/cmake/obj/amd64-linux.gcc-sniper/CMakeFiles/CMakeTmp/src.c:7:25: error: expected ‘)’ before ‘void’
    7 | extern int  send(SOCKET, void *, int, int);
      |                         ^~~~~
      |                         )
/data/marg/abhishek/CoMeT/benchmarks/parsec/parsec-2.1/pkgs/tools/cmake/obj/amd64-linux.gcc-sniper/CMakeFiles/CMakeTmp/src.c: In function ‘main’:
/data/marg/abhishek/CoMeT/benchmarks/parsec/parsec-2.1/pkgs/tools/cmake/obj/amd64-linux.gcc-sniper/CMakeFiles/CMakeTmp/src.c:11:21: error: unknown type name ‘SOCKET’
   11 |                     SOCKET s=0;
      |                     ^~~~~~
make[3]: *** [CMakeFiles/cmTryCompileExec.dir/build.make:56: CMakeFiles/cmTryCompileExec.dir/src.c.o] Error 1
make[3]: Leaving directory '/data/marg/abhishek/CoMeT/benchmarks/parsec/parsec-2.1/pkgs/tools/cmake/obj/amd64-linux.gcc-sniper/CMakeFiles/CMakeTmp'
make[2]: *** [Makefile:111: cmTryCompileExec/fast] Error 2
make[2]: Leaving directory '/data/marg/abhishek/CoMeT/benchmarks/parsec/parsec-2.1/pkgs/tools/cmake/obj/amd64-linux.gcc-sniper/CMakeFiles/CMakeTmp'

Source file was:
#define __unused1
#undef inline
#define __unused2

#include <sys/types.h>
#include <sys/socket.h>
extern int  send(SOCKET, void *, int, int);
#define __unused5 1

int main() { 
                    SOCKET s=0;
                    void * buf=0;
                    int len=0;
                    int flags=0;
                    int res = send(s, buf, len, flags) ; return 0; }
Performing C SOURCE FILE Test int send(SOCKET, void *, int, unsigned int) (curl_cv_func_send_test) failed with the following output:
Change Dir: /data/marg/abhishek/CoMeT/benchmarks/parsec/parsec-2.1/pkgs/tools/cmake/obj/amd64-linux.gcc-sniper/CMakeFiles/CMakeTmp

Run Build Command:/usr/bin/make "cmTryCompileExec/fast"
make[2]: Entering directory '/data/marg/abhishek/CoMeT/benchmarks/parsec/parsec-2.1/pkgs/tools/cmake/obj/amd64-linux.gcc-sniper/CMakeFiles/CMakeTmp'
/usr/bin/make -f CMakeFiles/cmTryCompileExec.dir/build.make CMakeFiles/cmTryCompileExec.dir/build
make[3]: Entering directory '/data/marg/abhishek/CoMeT/benchmarks/parsec/parsec-2.1/pkgs/tools/cmake/obj/amd64-linux.gcc-sniper/CMakeFiles/CMakeTmp'
/data/marg/abhishek/CoMeT/benchmarks/parsec/parsec-2.1/pkgs/tools/cmake/obj/amd64-linux.gcc-sniper/Bootstrap.cmk/cmake -E cmake_progress_report /data/marg/abhishek/CoMeT/benchmarks/parsec/parsec-2.1/pkgs/tools/cmake/obj/amd64-linux.gcc-sniper/CMakeFiles/CMakeTmp/CMakeFiles 1
Building C object CMakeFiles/cmTryCompileExec.dir/src.c.o
/usr/bin/gcc   -O3 -funroll-loops -fprefetch-loop-arrays -static-libgcc -Wl,--hash-style=both,--as-needed -DPARSEC_VERSION=2.1 -DENABLE_PARSEC_HOOKS -I/data/marg/abhishek/CoMeT/benchmarks/parsec/parsec-2.1/pkgs/libs/hooks/inst/amd64-linux.gcc-sniper/include -I/data/marg/abhishek/CoMeT/benchmarks/tools/hooks -I/data/marg/abhishek/CoMeT/include -DENABLE_PARMACS   -Dcurl_cv_func_send_test   -o CMakeFiles/cmTryCompileExec.dir/src.c.o   -c /data/marg/abhishek/CoMeT/benchmarks/parsec/parsec-2.1/pkgs/tools/cmake/obj/amd64-linux.gcc-sniper/CMakeFiles/CMakeTmp/src.c
/data/marg/abhishek/CoMeT/benchmarks/parsec/parsec-2.1/pkgs/tools/cmake/obj/amd64-linux.gcc-sniper/CMakeFiles/CMakeTmp/src.c:7:25: error: expected ‘)’ before ‘void’
    7 | extern int  send(SOCKET, void *, int, unsigned int);
      |                         ^~~~~
      |                         )
/data/marg/abhishek/CoMeT/benchmarks/parsec/parsec-2.1/pkgs/tools/cmake/obj/amd64-linux.gcc-sniper/CMakeFiles/CMakeTmp/src.c: In function ‘main’:
/data/marg/abhishek/CoMeT/benchmarks/parsec/parsec-2.1/pkgs/tools/cmake/obj/amd64-linux.gcc-sniper/CMakeFiles/CMakeTmp/src.c:11:21: error: unknown type name ‘SOCKET’
   11 |                     SOCKET s=0;
      |                     ^~~~~~
make[3]: *** [CMakeFiles/cmTryCompileExec.dir/build.make:56: CMakeFiles/cmTryCompileExec.dir/src.c.o] Error 1
make[3]: Leaving directory '/data/marg/abhishek/CoMeT/benchmarks/parsec/parsec-2.1/pkgs/tools/cmake/obj/amd64-linux.gcc-sniper/CMakeFiles/CMakeTmp'
make[2]: *** [Makefile:111: cmTryCompileExec/fast] Error 2
make[2]: Leaving directory '/data/marg/abhishek/CoMeT/benchmarks/parsec/parsec-2.1/pkgs/tools/cmake/obj/amd64-linux.gcc-sniper/CMakeFiles/CMakeTmp'

Source file was:
#define __unused1
#undef inline
#define __unused2

#include <sys/types.h>
#include <sys/socket.h>
extern int  send(SOCKET, void *, int, unsigned int);
#define __unused5 1

int main() { 
                    SOCKET s=0;
                    void * buf=0;
                    int len=0;
                    unsigned int flags=0;
                    int res = send(s, buf, len, flags) ; return 0; }
Performing C SOURCE FILE Test int send(SOCKET, void *, socklen_t, int) (curl_cv_func_send_test) failed with the following output:
Change Dir: /data/marg/abhishek/CoMeT/benchmarks/parsec/parsec-2.1/pkgs/tools/cmake/obj/amd64-linux.gcc-sniper/CMakeFiles/CMakeTmp

Run Build Command:/usr/bin/make "cmTryCompileExec/fast"
make[2]: Entering directory '/data/marg/abhishek/CoMeT/benchmarks/parsec/parsec-2.1/pkgs/tools/cmake/obj/amd64-linux.gcc-sniper/CMakeFiles/CMakeTmp'
/usr/bin/make -f CMakeFiles/cmTryCompileExec.dir/build.make CMakeFiles/cmTryCompileExec.dir/build
make[3]: Entering directory '/data/marg/abhishek/CoMeT/benchmarks/parsec/parsec-2.1/pkgs/tools/cmake/obj/amd64-linux.gcc-sniper/CMakeFiles/CMakeTmp'
/data/marg/abhishek/CoMeT/benchmarks/parsec/parsec-2.1/pkgs/tools/cmake/obj/amd64-linux.gcc-sniper/Bootstrap.cmk/cmake -E cmake_progress_report /data/marg/abhishek/CoMeT/benchmarks/parsec/parsec-2.1/pkgs/tools/cmake/obj/amd64-linux.gcc-sniper/CMakeFiles/CMakeTmp/CMakeFiles 1
Building C object CMakeFiles/cmTryCompileExec.dir/src.c.o
/usr/bin/gcc   -O3 -funroll-loops -fprefetch-loop-arrays -static-libgcc -Wl,--hash-style=both,--as-needed -DPARSEC_VERSION=2.1 -DENABLE_PARSEC_HOOKS -I/data/marg/abhishek/CoMeT/benchmarks/parsec/parsec-2.1/pkgs/libs/hooks/inst/amd64-linux.gcc-sniper/include -I/data/marg/abhishek/CoMeT/benchmarks/tools/hooks -I/data/marg/abhishek/CoMeT/include -DENABLE_PARMACS   -Dcurl_cv_func_send_test   -o CMakeFiles/cmTryCompileExec.dir/src.c.o   -c /data/marg/abhishek/CoMeT/benchmarks/parsec/parsec-2.1/pkgs/tools/cmake/obj/amd64-linux.gcc-sniper/CMakeFiles/CMakeTmp/src.c
/data/marg/abhishek/CoMeT/benchmarks/parsec/parsec-2.1/pkgs/tools/cmake/obj/amd64-linux.gcc-sniper/CMakeFiles/CMakeTmp/src.c:7:25: error: expected ‘)’ before ‘void’
    7 | extern int  send(SOCKET, void *, socklen_t, int);
      |                         ^~~~~
      |                         )
/data/marg/abhishek/CoMeT/benchmarks/parsec/parsec-2.1/pkgs/tools/cmake/obj/amd64-linux.gcc-sniper/CMakeFiles/CMakeTmp/src.c: In function ‘main’:
/data/marg/abhishek/CoMeT/benchmarks/parsec/parsec-2.1/pkgs/tools/cmake/obj/amd64-linux.gcc-sniper/CMakeFiles/CMakeTmp/src.c:11:21: error: unknown type name ‘SOCKET’
   11 |                     SOCKET s=0;
      |                     ^~~~~~
make[3]: Leaving directory '/data/marg/abhishek/CoMeT/benchmarks/parsec/parsec-2.1/pkgs/tools/cmake/obj/amd64-linux.gcc-sniper/CMakeFiles/CMakeTmp'
make[3]: *** [CMakeFiles/cmTryCompileExec.dir/build.make:56: CMakeFiles/cmTryCompileExec.dir/src.c.o] Error 1
make[2]: *** [Makefile:111: cmTryCompileExec/fast] Error 2
make[2]: Leaving directory '/data/marg/abhishek/CoMeT/benchmarks/parsec/parsec-2.1/pkgs/tools/cmake/obj/amd64-linux.gcc-sniper/CMakeFiles/CMakeTmp'

Source file was:
#define __unused1
#undef inline
#define __unused2

#include <sys/types.h>
#include <sys/socket.h>
extern int  send(SOCKET, void *, socklen_t, int);
#define __unused5 1

int main() { 
                    SOCKET s=0;
                    void * buf=0;
                    socklen_t len=0;
                    int flags=0;
                    int res = send(s, buf, len, flags) ; return 0; }
Performing C SOURCE FILE Test int send(SOCKET, void *, socklen_t, unsigned int) (curl_cv_func_send_test) failed with the following output:
Change Dir: /data/marg/abhishek/CoMeT/benchmarks/parsec/parsec-2.1/pkgs/tools/cmake/obj/amd64-linux.gcc-sniper/CMakeFiles/CMakeTmp

Run Build Command:/usr/bin/make "cmTryCompileExec/fast"
make[2]: Entering directory '/data/marg/abhishek/CoMeT/benchmarks/parsec/parsec-2.1/pkgs/tools/cmake/obj/amd64-linux.gcc-sniper/CMakeFiles/CMakeTmp'
/usr/bin/make -f CMakeFiles/cmTryCompileExec.dir/build.make CMakeFiles/cmTryCompileExec.dir/build
make[3]: Entering directory '/data/marg/abhishek/CoMeT/benchmarks/parsec/parsec-2.1/pkgs/tools/cmake/obj/amd64-linux.gcc-sniper/CMakeFiles/CMakeTmp'
/data/marg/abhishek/CoMeT/benchmarks/parsec/parsec-2.1/pkgs/tools/cmake/obj/amd64-linux.gcc-sniper/Bootstrap.cmk/cmake -E cmake_progress_report /data/marg/abhishek/CoMeT/benchmarks/parsec/parsec-2.1/pkgs/tools/cmake/obj/amd64-linux.gcc-sniper/CMakeFiles/CMakeTmp/CMakeFiles 1
Building C object CMakeFiles/cmTryCompileExec.dir/src.c.o
/usr/bin/gcc   -O3 -funroll-loops -fprefetch-loop-arrays -static-libgcc -Wl,--hash-style=both,--as-needed -DPARSEC_VERSION=2.1 -DENABLE_PARSEC_HOOKS -I/data/marg/abhishek/CoMeT/benchmarks/parsec/parsec-2.1/pkgs/libs/hooks/inst/amd64-linux.gcc-sniper/include -I/data/marg/abhishek/CoMeT/benchmarks/tools/hooks -I/data/marg/abhishek/CoMeT/include -DENABLE_PARMACS   -Dcurl_cv_func_send_test   -o CMakeFiles/cmTryCompileExec.dir/src.c.o   -c /data/marg/abhishek/CoMeT/benchmarks/parsec/parsec-2.1/pkgs/tools/cmake/obj/amd64-linux.gcc-sniper/CMakeFiles/CMakeTmp/src.c
/data/marg/abhishek/CoMeT/benchmarks/parsec/parsec-2.1/pkgs/tools/cmake/obj/amd64-linux.gcc-sniper/CMakeFiles/CMakeTmp/src.c:7:25: error: expected ‘)’ before ‘void’
    7 | extern int  send(SOCKET, void *, socklen_t, unsigned int);
      |                         ^~~~~
      |                         )
/data/marg/abhishek/CoMeT/benchmarks/parsec/parsec-2.1/pkgs/tools/cmake/obj/amd64-linux.gcc-sniper/CMakeFiles/CMakeTmp/src.c: In function ‘main’:
/data/marg/abhishek/CoMeT/benchmarks/parsec/parsec-2.1/pkgs/tools/cmake/obj/amd64-linux.gcc-sniper/CMakeFiles/CMakeTmp/src.c:11:21: error: unknown type name ‘SOCKET’
   11 |                     SOCKET s=0;
      |                     ^~~~~~
make[3]: Leaving directory '/data/marg/abhishek/CoMeT/benchmarks/parsec/parsec-2.1/pkgs/tools/cmake/obj/amd64-linux.gcc-sniper/CMakeFiles/CMakeTmp'
make[3]: *** [CMakeFiles/cmTryCompileExec.dir/build.make:56: CMakeFiles/cmTryCompileExec.dir/src.c.o] Error 1
make[2]: *** [Makefile:111: cmTryCompileExec/fast] Error 2
make[2]: Leaving directory '/data/marg/abhishek/CoMeT/benchmarks/parsec/parsec-2.1/pkgs/tools/cmake/obj/amd64-linux.gcc-sniper/CMakeFiles/CMakeTmp'

Source file was:
#define __unused1
#undef inline
#define __unused2

#include <sys/types.h>
#include <sys/socket.h>
extern int  send(SOCKET, void *, socklen_t, unsigned int);
#define __unused5 1

int main() { 
                    SOCKET s=0;
                    void * buf=0;
                    socklen_t len=0;
                    unsigned int flags=0;
                    int res = send(s, buf, len, flags) ; return 0; }
Performing C SOURCE FILE Test int send(SOCKET, void *, unsigned int, int) (curl_cv_func_send_test) failed with the following output:
Change Dir: /data/marg/abhishek/CoMeT/benchmarks/parsec/parsec-2.1/pkgs/tools/cmake/obj/amd64-linux.gcc-sniper/CMakeFiles/CMakeTmp

Run Build Command:/usr/bin/make "cmTryCompileExec/fast"
make[2]: Entering directory '/data/marg/abhishek/CoMeT/benchmarks/parsec/parsec-2.1/pkgs/tools/cmake/obj/amd64-linux.gcc-sniper/CMakeFiles/CMakeTmp'
/usr/bin/make -f CMakeFiles/cmTryCompileExec.dir/build.make CMakeFiles/cmTryCompileExec.dir/build
make[3]: Entering directory '/data/marg/abhishek/CoMeT/benchmarks/parsec/parsec-2.1/pkgs/tools/cmake/obj/amd64-linux.gcc-sniper/CMakeFiles/CMakeTmp'
/data/marg/abhishek/CoMeT/benchmarks/parsec/parsec-2.1/pkgs/tools/cmake/obj/amd64-linux.gcc-sniper/Bootstrap.cmk/cmake -E cmake_progress_report /data/marg/abhishek/CoMeT/benchmarks/parsec/parsec-2.1/pkgs/tools/cmake/obj/amd64-linux.gcc-sniper/CMakeFiles/CMakeTmp/CMakeFiles 1
Building C object CMakeFiles/cmTryCompileExec.dir/src.c.o
/usr/bin/gcc   -O3 -funroll-loops -fprefetch-loop-arrays -static-libgcc -Wl,--hash-style=both,--as-needed -DPARSEC_VERSION=2.1 -DENABLE_PARSEC_HOOKS -I/data/marg/abhishek/CoMeT/benchmarks/parsec/parsec-2.1/pkgs/libs/hooks/inst/amd64-linux.gcc-sniper/include -I/data/marg/abhishek/CoMeT/benchmarks/tools/hooks -I/data/marg/abhishek/CoMeT/include -DENABLE_PARMACS   -Dcurl_cv_func_send_test   -o CMakeFiles/cmTryCompileExec.dir/src.c.o   -c /data/marg/abhishek/CoMeT/benchmarks/parsec/parsec-2.1/pkgs/tools/cmake/obj/amd64-linux.gcc-sniper/CMakeFiles/CMakeTmp/src.c
/data/marg/abhishek/CoMeT/benchmarks/parsec/parsec-2.1/pkgs/tools/cmake/obj/amd64-linux.gcc-sniper/CMakeFiles/CMakeTmp/src.c:7:25: error: expected ‘)’ before ‘void’
    7 | extern int  send(SOCKET, void *, unsigned int, int);
      |                         ^~~~~
      |                         )
/data/marg/abhishek/CoMeT/benchmarks/parsec/parsec-2.1/pkgs/tools/cmake/obj/amd64-linux.gcc-sniper/CMakeFiles/CMakeTmp/src.c: In function ‘main’:
/data/marg/abhishek/CoMeT/benchmarks/parsec/parsec-2.1/pkgs/tools/cmake/obj/amd64-linux.gcc-sniper/CMakeFiles/CMakeTmp/src.c:11:21: error: unknown type name ‘SOCKET’
   11 |                     SOCKET s=0;
      |                     ^~~~~~
make[3]: Leaving directory '/data/marg/abhishek/CoMeT/benchmarks/parsec/parsec-2.1/pkgs/tools/cmake/obj/amd64-linux.gcc-sniper/CMakeFiles/CMakeTmp'
make[3]: *** [CMakeFiles/cmTryCompileExec.dir/build.make:56: CMakeFiles/cmTryCompileExec.dir/src.c.o] Error 1
make[2]: *** [Makefile:111: cmTryCompileExec/fast] Error 2
make[2]: Leaving directory '/data/marg/abhishek/CoMeT/benchmarks/parsec/parsec-2.1/pkgs/tools/cmake/obj/amd64-linux.gcc-sniper/CMakeFiles/CMakeTmp'

Source file was:
#define __unused1
#undef inline
#define __unused2

#include <sys/types.h>
#include <sys/socket.h>
extern int  send(SOCKET, void *, unsigned int, int);
#define __unused5 1

int main() { 
                    SOCKET s=0;
                    void * buf=0;
                    unsigned int len=0;
                    int flags=0;
                    int res = send(s, buf, len, flags) ; return 0; }
Performing C SOURCE FILE Test int send(SOCKET, void *, unsigned int, unsigned int) (curl_cv_func_send_test) failed with the following output:
Change Dir: /data/marg/abhishek/CoMeT/benchmarks/parsec/parsec-2.1/pkgs/tools/cmake/obj/amd64-linux.gcc-sniper/CMakeFiles/CMakeTmp

Run Build Command:/usr/bin/make "cmTryCompileExec/fast"
make[2]: Entering directory '/data/marg/abhishek/CoMeT/benchmarks/parsec/parsec-2.1/pkgs/tools/cmake/obj/amd64-linux.gcc-sniper/CMakeFiles/CMakeTmp'
/usr/bin/make -f CMakeFiles/cmTryCompileExec.dir/build.make CMakeFiles/cmTryCompileExec.dir/build
make[3]: Entering directory '/data/marg/abhishek/CoMeT/benchmarks/parsec/parsec-2.1/pkgs/tools/cmake/obj/amd64-linux.gcc-sniper/CMakeFiles/CMakeTmp'
/data/marg/abhishek/CoMeT/benchmarks/parsec/parsec-2.1/pkgs/tools/cmake/obj/amd64-linux.gcc-sniper/Bootstrap.cmk/cmake -E cmake_progress_report /data/marg/abhishek/CoMeT/benchmarks/parsec/parsec-2.1/pkgs/tools/cmake/obj/amd64-linux.gcc-sniper/CMakeFiles/CMakeTmp/CMakeFiles 1
Building C object CMakeFiles/cmTryCompileExec.dir/src.c.o
/usr/bin/gcc   -O3 -funroll-loops -fprefetch-loop-arrays -static-libgcc -Wl,--hash-style=both,--as-needed -DPARSEC_VERSION=2.1 -DENABLE_PARSEC_HOOKS -I/data/marg/abhishek/CoMeT/benchmarks/parsec/parsec-2.1/pkgs/libs/hooks/inst/amd64-linux.gcc-sniper/include -I/data/marg/abhishek/CoMeT/benchmarks/tools/hooks -I/data/marg/abhishek/CoMeT/include -DENABLE_PARMACS   -Dcurl_cv_func_send_test   -o CMakeFiles/cmTryCompileExec.dir/src.c.o   -c /data/marg/abhishek/CoMeT/benchmarks/parsec/parsec-2.1/pkgs/tools/cmake/obj/amd64-linux.gcc-sniper/CMakeFiles/CMakeTmp/src.c
/data/marg/abhishek/CoMeT/benchmarks/parsec/parsec-2.1/pkgs/tools/cmake/obj/amd64-linux.gcc-sniper/CMakeFiles/CMakeTmp/src.c:7:25: error: expected ‘)’ before ‘void’
    7 | extern int  send(SOCKET, void *, unsigned int, unsigned int);
      |                         ^~~~~
      |                         )
/data/marg/abhishek/CoMeT/benchmarks/parsec/parsec-2.1/pkgs/tools/cmake/obj/amd64-linux.gcc-sniper/CMakeFiles/CMakeTmp/src.c: In function ‘main’:
/data/marg/abhishek/CoMeT/benchmarks/parsec/parsec-2.1/pkgs/tools/cmake/obj/amd64-linux.gcc-sniper/CMakeFiles/CMakeTmp/src.c:11:21: error: unknown type name ‘SOCKET’
   11 |                     SOCKET s=0;
      |                     ^~~~~~
make[3]: Leaving directory '/data/marg/abhishek/CoMeT/benchmarks/parsec/parsec-2.1/pkgs/tools/cmake/obj/amd64-linux.gcc-sniper/CMakeFiles/CMakeTmp'
make[3]: *** [CMakeFiles/cmTryCompileExec.dir/build.make:56: CMakeFiles/cmTryCompileExec.dir/src.c.o] Error 1
make[2]: *** [Makefile:111: cmTryCompileExec/fast] Error 2
make[2]: Leaving directory '/data/marg/abhishek/CoMeT/benchmarks/parsec/parsec-2.1/pkgs/tools/cmake/obj/amd64-linux.gcc-sniper/CMakeFiles/CMakeTmp'

Source file was:
#define __unused1
#undef inline
#define __unused2

#include <sys/types.h>
#include <sys/socket.h>
extern int  send(SOCKET, void *, unsigned int, unsigned int);
#define __unused5 1

int main() { 
                    SOCKET s=0;
                    void * buf=0;
                    unsigned int len=0;
                    unsigned int flags=0;
                    int res = send(s, buf, len, flags) ; return 0; }
Performing C SOURCE FILE Test int send(SOCKET, char *, size_t, int) (curl_cv_func_send_test) failed with the following output:
Change Dir: /data/marg/abhishek/CoMeT/benchmarks/parsec/parsec-2.1/pkgs/tools/cmake/obj/amd64-linux.gcc-sniper/CMakeFiles/CMakeTmp

Run Build Command:/usr/bin/make "cmTryCompileExec/fast"
make[2]: Entering directory '/data/marg/abhishek/CoMeT/benchmarks/parsec/parsec-2.1/pkgs/tools/cmake/obj/amd64-linux.gcc-sniper/CMakeFiles/CMakeTmp'
/usr/bin/make -f CMakeFiles/cmTryCompileExec.dir/build.make CMakeFiles/cmTryCompileExec.dir/build
make[3]: Entering directory '/data/marg/abhishek/CoMeT/benchmarks/parsec/parsec-2.1/pkgs/tools/cmake/obj/amd64-linux.gcc-sniper/CMakeFiles/CMakeTmp'
/data/marg/abhishek/CoMeT/benchmarks/parsec/parsec-2.1/pkgs/tools/cmake/obj/amd64-linux.gcc-sniper/Bootstrap.cmk/cmake -E cmake_progress_report /data/marg/abhishek/CoMeT/benchmarks/parsec/parsec-2.1/pkgs/tools/cmake/obj/amd64-linux.gcc-sniper/CMakeFiles/CMakeTmp/CMakeFiles 1
Building C object CMakeFiles/cmTryCompileExec.dir/src.c.o
/usr/bin/gcc   -O3 -funroll-loops -fprefetch-loop-arrays -static-libgcc -Wl,--hash-style=both,--as-needed -DPARSEC_VERSION=2.1 -DENABLE_PARSEC_HOOKS -I/data/marg/abhishek/CoMeT/benchmarks/parsec/parsec-2.1/pkgs/libs/hooks/inst/amd64-linux.gcc-sniper/include -I/data/marg/abhishek/CoMeT/benchmarks/tools/hooks -I/data/marg/abhishek/CoMeT/include -DENABLE_PARMACS   -Dcurl_cv_func_send_test   -o CMakeFiles/cmTryCompileExec.dir/src.c.o   -c /data/marg/abhishek/CoMeT/benchmarks/parsec/parsec-2.1/pkgs/tools/cmake/obj/amd64-linux.gcc-sniper/CMakeFiles/CMakeTmp/src.c
/data/marg/abhishek/CoMeT/benchmarks/parsec/parsec-2.1/pkgs/tools/cmake/obj/amd64-linux.gcc-sniper/CMakeFiles/CMakeTmp/src.c:7:25: error: expected ‘)’ before ‘char’
    7 | extern int  send(SOCKET, char *, size_t, int);
      |                         ^~~~~
      |                         )
/data/marg/abhishek/CoMeT/benchmarks/parsec/parsec-2.1/pkgs/tools/cmake/obj/amd64-linux.gcc-sniper/CMakeFiles/CMakeTmp/src.c: In function ‘main’:
/data/marg/abhishek/CoMeT/benchmarks/parsec/parsec-2.1/pkgs/tools/cmake/obj/amd64-linux.gcc-sniper/CMakeFiles/CMakeTmp/src.c:11:21: error: unknown type name ‘SOCKET’
   11 |                     SOCKET s=0;
      |                     ^~~~~~
make[3]: Leaving directory '/data/marg/abhishek/CoMeT/benchmarks/parsec/parsec-2.1/pkgs/tools/cmake/obj/amd64-linux.gcc-sniper/CMakeFiles/CMakeTmp'
make[3]: *** [CMakeFiles/cmTryCompileExec.dir/build.make:56: CMakeFiles/cmTryCompileExec.dir/src.c.o] Error 1
make[2]: *** [Makefile:111: cmTryCompileExec/fast] Error 2
make[2]: Leaving directory '/data/marg/abhishek/CoMeT/benchmarks/parsec/parsec-2.1/pkgs/tools/cmake/obj/amd64-linux.gcc-sniper/CMakeFiles/CMakeTmp'

Source file was:
#define __unused1
#undef inline
#define __unused2

#include <sys/types.h>
#include <sys/socket.h>
extern int  send(SOCKET, char *, size_t, int);
#define __unused5 1

int main() { 
                    SOCKET s=0;
                    char * buf=0;
                    size_t len=0;
                    int flags=0;
                    int res = send(s, buf, len, flags) ; return 0; }
Performing C SOURCE FILE Test int send(SOCKET, char *, size_t, unsigned int) (curl_cv_func_send_test) failed with the following output:
Change Dir: /data/marg/abhishek/CoMeT/benchmarks/parsec/parsec-2.1/pkgs/tools/cmake/obj/amd64-linux.gcc-sniper/CMakeFiles/CMakeTmp

Run Build Command:/usr/bin/make "cmTryCompileExec/fast"
make[2]: Entering directory '/data/marg/abhishek/CoMeT/benchmarks/parsec/parsec-2.1/pkgs/tools/cmake/obj/amd64-linux.gcc-sniper/CMakeFiles/CMakeTmp'
/usr/bin/make -f CMakeFiles/cmTryCompileExec.dir/build.make CMakeFiles/cmTryCompileExec.dir/build
make[3]: Entering directory '/data/marg/abhishek/CoMeT/benchmarks/parsec/parsec-2.1/pkgs/tools/cmake/obj/amd64-linux.gcc-sniper/CMakeFiles/CMakeTmp'
/data/marg/abhishek/CoMeT/benchmarks/parsec/parsec-2.1/pkgs/tools/cmake/obj/amd64-linux.gcc-sniper/Bootstrap.cmk/cmake -E cmake_progress_report /data/marg/abhishek/CoMeT/benchmarks/parsec/parsec-2.1/pkgs/tools/cmake/obj/amd64-linux.gcc-sniper/CMakeFiles/CMakeTmp/CMakeFiles 1
Building C object CMakeFiles/cmTryCompileExec.dir/src.c.o
/usr/bin/gcc   -O3 -funroll-loops -fprefetch-loop-arrays -static-libgcc -Wl,--hash-style=both,--as-needed -DPARSEC_VERSION=2.1 -DENABLE_PARSEC_HOOKS -I/data/marg/abhishek/CoMeT/benchmarks/parsec/parsec-2.1/pkgs/libs/hooks/inst/amd64-linux.gcc-sniper/include -I/data/marg/abhishek/CoMeT/benchmarks/tools/hooks -I/data/marg/abhishek/CoMeT/include -DENABLE_PARMACS   -Dcurl_cv_func_send_test   -o CMakeFiles/cmTryCompileExec.dir/src.c.o   -c /data/marg/abhishek/CoMeT/benchmarks/parsec/parsec-2.1/pkgs/tools/cmake/obj/amd64-linux.gcc-sniper/CMakeFiles/CMakeTmp/src.c
/data/marg/abhishek/CoMeT/benchmarks/parsec/parsec-2.1/pkgs/tools/cmake/obj/amd64-linux.gcc-sniper/CMakeFiles/CMakeTmp/src.c:7:25: error: expected ‘)’ before ‘char’
    7 | extern int  send(SOCKET, char *, size_t, unsigned int);
      |                         ^~~~~
      |                         )
/data/marg/abhishek/CoMeT/benchmarks/parsec/parsec-2.1/pkgs/tools/cmake/obj/amd64-linux.gcc-sniper/CMakeFiles/CMakeTmp/src.c: In function ‘main’:
/data/marg/abhishek/CoMeT/benchmarks/parsec/parsec-2.1/pkgs/tools/cmake/obj/amd64-linux.gcc-sniper/CMakeFiles/CMakeTmp/src.c:11:21: error: unknown type name ‘SOCKET’
   11 |                     SOCKET s=0;
      |                     ^~~~~~
make[3]: Leaving directory '/data/marg/abhishek/CoMeT/benchmarks/parsec/parsec-2.1/pkgs/tools/cmake/obj/amd64-linux.gcc-sniper/CMakeFiles/CMakeTmp'
make[3]: *** [CMakeFiles/cmTryCompileExec.dir/build.make:56: CMakeFiles/cmTryCompileExec.dir/src.c.o] Error 1
make[2]: *** [Makefile:111: cmTryCompileExec/fast] Error 2
make[2]: Leaving directory '/data/marg/abhishek/CoMeT/benchmarks/parsec/parsec-2.1/pkgs/tools/cmake/obj/amd64-linux.gcc-sniper/CMakeFiles/CMakeTmp'

Source file was:
#define __unused1
#undef inline
#define __unused2

#include <sys/types.h>
#include <sys/socket.h>
extern int  send(SOCKET, char *, size_t, unsigned int);
#define __unused5 1

int main() { 
                    SOCKET s=0;
                    char * buf=0;
                    size_t len=0;
                    unsigned int flags=0;
                    int res = send(s, buf, len, flags) ; return 0; }
Performing C SOURCE FILE Test int send(SOCKET, char *, int, int) (curl_cv_func_send_test) failed with the following output:
Change Dir: /data/marg/abhishek/CoMeT/benchmarks/parsec/parsec-2.1/pkgs/tools/cmake/obj/amd64-linux.gcc-sniper/CMakeFiles/CMakeTmp

Run Build Command:/usr/bin/make "cmTryCompileExec/fast"
make[2]: Entering directory '/data/marg/abhishek/CoMeT/benchmarks/parsec/parsec-2.1/pkgs/tools/cmake/obj/amd64-linux.gcc-sniper/CMakeFiles/CMakeTmp'
/usr/bin/make -f CMakeFiles/cmTryCompileExec.dir/build.make CMakeFiles/cmTryCompileExec.dir/build
make[3]: Entering directory '/data/marg/abhishek/CoMeT/benchmarks/parsec/parsec-2.1/pkgs/tools/cmake/obj/amd64-linux.gcc-sniper/CMakeFiles/CMakeTmp'
/data/marg/abhishek/CoMeT/benchmarks/parsec/parsec-2.1/pkgs/tools/cmake/obj/amd64-linux.gcc-sniper/Bootstrap.cmk/cmake -E cmake_progress_report /data/marg/abhishek/CoMeT/benchmarks/parsec/parsec-2.1/pkgs/tools/cmake/obj/amd64-linux.gcc-sniper/CMakeFiles/CMakeTmp/CMakeFiles 1
Building C object CMakeFiles/cmTryCompileExec.dir/src.c.o
/usr/bin/gcc   -O3 -funroll-loops -fprefetch-loop-arrays -static-libgcc -Wl,--hash-style=both,--as-needed -DPARSEC_VERSION=2.1 -DENABLE_PARSEC_HOOKS -I/data/marg/abhishek/CoMeT/benchmarks/parsec/parsec-2.1/pkgs/libs/hooks/inst/amd64-linux.gcc-sniper/include -I/data/marg/abhishek/CoMeT/benchmarks/tools/hooks -I/data/marg/abhishek/CoMeT/include -DENABLE_PARMACS   -Dcurl_cv_func_send_test   -o CMakeFiles/cmTryCompileExec.dir/src.c.o   -c /data/marg/abhishek/CoMeT/benchmarks/parsec/parsec-2.1/pkgs/tools/cmake/obj/amd64-linux.gcc-sniper/CMakeFiles/CMakeTmp/src.c
/data/marg/abhishek/CoMeT/benchmarks/parsec/parsec-2.1/pkgs/tools/cmake/obj/amd64-linux.gcc-sniper/CMakeFiles/CMakeTmp/src.c:7:25: error: expected ‘)’ before ‘char’
    7 | extern int  send(SOCKET, char *, int, int);
      |                         ^~~~~
      |                         )
/data/marg/abhishek/CoMeT/benchmarks/parsec/parsec-2.1/pkgs/tools/cmake/obj/amd64-linux.gcc-sniper/CMakeFiles/CMakeTmp/src.c: In function ‘main’:
/data/marg/abhishek/CoMeT/benchmarks/parsec/parsec-2.1/pkgs/tools/cmake/obj/amd64-linux.gcc-sniper/CMakeFiles/CMakeTmp/src.c:11:21: error: unknown type name ‘SOCKET’
   11 |                     SOCKET s=0;
      |                     ^~~~~~
make[3]: Leaving directory '/data/marg/abhishek/CoMeT/benchmarks/parsec/parsec-2.1/pkgs/tools/cmake/obj/amd64-linux.gcc-sniper/CMakeFiles/CMakeTmp'
make[3]: *** [CMakeFiles/cmTryCompileExec.dir/build.make:56: CMakeFiles/cmTryCompileExec.dir/src.c.o] Error 1
make[2]: *** [Makefile:111: cmTryCompileExec/fast] Error 2
make[2]: Leaving directory '/data/marg/abhishek/CoMeT/benchmarks/parsec/parsec-2.1/pkgs/tools/cmake/obj/amd64-linux.gcc-sniper/CMakeFiles/CMakeTmp'

Source file was:
#define __unused1
#undef inline
#define __unused2

#include <sys/types.h>
#include <sys/socket.h>
extern int  send(SOCKET, char *, int, int);
#define __unused5 1

int main() { 
                    SOCKET s=0;
                    char * buf=0;
                    int len=0;
                    int flags=0;
                    int res = send(s, buf, len, flags) ; return 0; }
Performing C SOURCE FILE Test int send(SOCKET, char *, int, unsigned int) (curl_cv_func_send_test) failed with the following output:
Change Dir: /data/marg/abhishek/CoMeT/benchmarks/parsec/parsec-2.1/pkgs/tools/cmake/obj/amd64-linux.gcc-sniper/CMakeFiles/CMakeTmp

Run Build Command:/usr/bin/make "cmTryCompileExec/fast"
make[2]: Entering directory '/data/marg/abhishek/CoMeT/benchmarks/parsec/parsec-2.1/pkgs/tools/cmake/obj/amd64-linux.gcc-sniper/CMakeFiles/CMakeTmp'
/usr/bin/make -f CMakeFiles/cmTryCompileExec.dir/build.make CMakeFiles/cmTryCompileExec.dir/build
make[3]: Entering directory '/data/marg/abhishek/CoMeT/benchmarks/parsec/parsec-2.1/pkgs/tools/cmake/obj/amd64-linux.gcc-sniper/CMakeFiles/CMakeTmp'
/data/marg/abhishek/CoMeT/benchmarks/parsec/parsec-2.1/pkgs/tools/cmake/obj/amd64-linux.gcc-sniper/Bootstrap.cmk/cmake -E cmake_progress_report /data/marg/abhishek/CoMeT/benchmarks/parsec/parsec-2.1/pkgs/tools/cmake/obj/amd64-linux.gcc-sniper/CMakeFiles/CMakeTmp/CMakeFiles 1
Building C object CMakeFiles/cmTryCompileExec.dir/src.c.o
/usr/bin/gcc   -O3 -funroll-loops -fprefetch-loop-arrays -static-libgcc -Wl,--hash-style=both,--as-needed -DPARSEC_VERSION=2.1 -DENABLE_PARSEC_HOOKS -I/data/marg/abhishek/CoMeT/benchmarks/parsec/parsec-2.1/pkgs/libs/hooks/inst/amd64-linux.gcc-sniper/include -I/data/marg/abhishek/CoMeT/benchmarks/tools/hooks -I/data/marg/abhishek/CoMeT/include -DENABLE_PARMACS   -Dcurl_cv_func_send_test   -o CMakeFiles/cmTryCompileExec.dir/src.c.o   -c /data/marg/abhishek/CoMeT/benchmarks/parsec/parsec-2.1/pkgs/tools/cmake/obj/amd64-linux.gcc-sniper/CMakeFiles/CMakeTmp/src.c
/data/marg/abhishek/CoMeT/benchmarks/parsec/parsec-2.1/pkgs/tools/cmake/obj/amd64-linux.gcc-sniper/CMakeFiles/CMakeTmp/src.c:7:25: error: expected ‘)’ before ‘char’
    7 | extern int  send(SOCKET, char *, int, unsigned int);
      |                         ^~~~~
      |                         )
/data/marg/abhishek/CoMeT/benchmarks/parsec/parsec-2.1/pkgs/tools/cmake/obj/amd64-linux.gcc-sniper/CMakeFiles/CMakeTmp/src.c: In function ‘main’:
/data/marg/abhishek/CoMeT/benchmarks/parsec/parsec-2.1/pkgs/tools/cmake/obj/amd64-linux.gcc-sniper/CMakeFiles/CMakeTmp/src.c:11:21: error: unknown type name ‘SOCKET’
   11 |                     SOCKET s=0;
      |                     ^~~~~~
make[3]: Leaving directory '/data/marg/abhishek/CoMeT/benchmarks/parsec/parsec-2.1/pkgs/tools/cmake/obj/amd64-linux.gcc-sniper/CMakeFiles/CMakeTmp'
make[3]: *** [CMakeFiles/cmTryCompileExec.dir/build.make:56: CMakeFiles/cmTryCompileExec.dir/src.c.o] Error 1
make[2]: *** [Makefile:111: cmTryCompileExec/fast] Error 2
make[2]: Leaving directory '/data/marg/abhishek/CoMeT/benchmarks/parsec/parsec-2.1/pkgs/tools/cmake/obj/amd64-linux.gcc-sniper/CMakeFiles/CMakeTmp'

Source file was:
#define __unused1
#undef inline
#define __unused2

#include <sys/types.h>
#include <sys/socket.h>
extern int  send(SOCKET, char *, int, unsigned int);
#define __unused5 1

int main() { 
                    SOCKET s=0;
                    char * buf=0;
                    int len=0;
                    unsigned int flags=0;
                    int res = send(s, buf, len, flags) ; return 0; }
Performing C SOURCE FILE Test int send(SOCKET, char *, socklen_t, int) (curl_cv_func_send_test) failed with the following output:
Change Dir: /data/marg/abhishek/CoMeT/benchmarks/parsec/parsec-2.1/pkgs/tools/cmake/obj/amd64-linux.gcc-sniper/CMakeFiles/CMakeTmp

Run Build Command:/usr/bin/make "cmTryCompileExec/fast"
make[2]: Entering directory '/data/marg/abhishek/CoMeT/benchmarks/parsec/parsec-2.1/pkgs/tools/cmake/obj/amd64-linux.gcc-sniper/CMakeFiles/CMakeTmp'
/usr/bin/make -f CMakeFiles/cmTryCompileExec.dir/build.make CMakeFiles/cmTryCompileExec.dir/build
make[3]: Entering directory '/data/marg/abhishek/CoMeT/benchmarks/parsec/parsec-2.1/pkgs/tools/cmake/obj/amd64-linux.gcc-sniper/CMakeFiles/CMakeTmp'
/data/marg/abhishek/CoMeT/benchmarks/parsec/parsec-2.1/pkgs/tools/cmake/obj/amd64-linux.gcc-sniper/Bootstrap.cmk/cmake -E cmake_progress_report /data/marg/abhishek/CoMeT/benchmarks/parsec/parsec-2.1/pkgs/tools/cmake/obj/amd64-linux.gcc-sniper/CMakeFiles/CMakeTmp/CMakeFiles 1
Building C object CMakeFiles/cmTryCompileExec.dir/src.c.o
/usr/bin/gcc   -O3 -funroll-loops -fprefetch-loop-arrays -static-libgcc -Wl,--hash-style=both,--as-needed -DPARSEC_VERSION=2.1 -DENABLE_PARSEC_HOOKS -I/data/marg/abhishek/CoMeT/benchmarks/parsec/parsec-2.1/pkgs/libs/hooks/inst/amd64-linux.gcc-sniper/include -I/data/marg/abhishek/CoMeT/benchmarks/tools/hooks -I/data/marg/abhishek/CoMeT/include -DENABLE_PARMACS   -Dcurl_cv_func_send_test   -o CMakeFiles/cmTryCompileExec.dir/src.c.o   -c /data/marg/abhishek/CoMeT/benchmarks/parsec/parsec-2.1/pkgs/tools/cmake/obj/amd64-linux.gcc-sniper/CMakeFiles/CMakeTmp/src.c
/data/marg/abhishek/CoMeT/benchmarks/parsec/parsec-2.1/pkgs/tools/cmake/obj/amd64-linux.gcc-sniper/CMakeFiles/CMakeTmp/src.c:7:25: error: expected ‘)’ before ‘char’
    7 | extern int  send(SOCKET, char *, socklen_t, int);
      |                         ^~~~~
      |                         )
/data/marg/abhishek/CoMeT/benchmarks/parsec/parsec-2.1/pkgs/tools/cmake/obj/amd64-linux.gcc-sniper/CMakeFiles/CMakeTmp/src.c: In function ‘main’:
/data/marg/abhishek/CoMeT/benchmarks/parsec/parsec-2.1/pkgs/tools/cmake/obj/amd64-linux.gcc-sniper/CMakeFiles/CMakeTmp/src.c:11:21: error: unknown type name ‘SOCKET’
   11 |                     SOCKET s=0;
      |                     ^~~~~~
make[3]: Leaving directory '/data/marg/abhishek/CoMeT/benchmarks/parsec/parsec-2.1/pkgs/tools/cmake/obj/amd64-linux.gcc-sniper/CMakeFiles/CMakeTmp'
make[3]: *** [CMakeFiles/cmTryCompileExec.dir/build.make:56: CMakeFiles/cmTryCompileExec.dir/src.c.o] Error 1
make[2]: *** [Makefile:111: cmTryCompileExec/fast] Error 2
make[2]: Leaving directory '/data/marg/abhishek/CoMeT/benchmarks/parsec/parsec-2.1/pkgs/tools/cmake/obj/amd64-linux.gcc-sniper/CMakeFiles/CMakeTmp'

Source file was:
#define __unused1
#undef inline
#define __unused2

#include <sys/types.h>
#include <sys/socket.h>
extern int  send(SOCKET, char *, socklen_t, int);
#define __unused5 1

int main() { 
                    SOCKET s=0;
                    char * buf=0;
                    socklen_t len=0;
                    int flags=0;
                    int res = send(s, buf, len, flags) ; return 0; }
Performing C SOURCE FILE Test int send(SOCKET, char *, socklen_t, unsigned int) (curl_cv_func_send_test) failed with the following output:
Change Dir: /data/marg/abhishek/CoMeT/benchmarks/parsec/parsec-2.1/pkgs/tools/cmake/obj/amd64-linux.gcc-sniper/CMakeFiles/CMakeTmp

Run Build Command:/usr/bin/make "cmTryCompileExec/fast"
make[2]: Entering directory '/data/marg/abhishek/CoMeT/benchmarks/parsec/parsec-2.1/pkgs/tools/cmake/obj/amd64-linux.gcc-sniper/CMakeFiles/CMakeTmp'
/usr/bin/make -f CMakeFiles/cmTryCompileExec.dir/build.make CMakeFiles/cmTryCompileExec.dir/build
make[3]: Entering directory '/data/marg/abhishek/CoMeT/benchmarks/parsec/parsec-2.1/pkgs/tools/cmake/obj/amd64-linux.gcc-sniper/CMakeFiles/CMakeTmp'
/data/marg/abhishek/CoMeT/benchmarks/parsec/parsec-2.1/pkgs/tools/cmake/obj/amd64-linux.gcc-sniper/Bootstrap.cmk/cmake -E cmake_progress_report /data/marg/abhishek/CoMeT/benchmarks/parsec/parsec-2.1/pkgs/tools/cmake/obj/amd64-linux.gcc-sniper/CMakeFiles/CMakeTmp/CMakeFiles 1
Building C object CMakeFiles/cmTryCompileExec.dir/src.c.o
/usr/bin/gcc   -O3 -funroll-loops -fprefetch-loop-arrays -static-libgcc -Wl,--hash-style=both,--as-needed -DPARSEC_VERSION=2.1 -DENABLE_PARSEC_HOOKS -I/data/marg/abhishek/CoMeT/benchmarks/parsec/parsec-2.1/pkgs/libs/hooks/inst/amd64-linux.gcc-sniper/include -I/data/marg/abhishek/CoMeT/benchmarks/tools/hooks -I/data/marg/abhishek/CoMeT/include -DENABLE_PARMACS   -Dcurl_cv_func_send_test   -o CMakeFiles/cmTryCompileExec.dir/src.c.o   -c /data/marg/abhishek/CoMeT/benchmarks/parsec/parsec-2.1/pkgs/tools/cmake/obj/amd64-linux.gcc-sniper/CMakeFiles/CMakeTmp/src.c
/data/marg/abhishek/CoMeT/benchmarks/parsec/parsec-2.1/pkgs/tools/cmake/obj/amd64-linux.gcc-sniper/CMakeFiles/CMakeTmp/src.c:7:25: error: expected ‘)’ before ‘char’
    7 | extern int  send(SOCKET, char *, socklen_t, unsigned int);
      |                         ^~~~~
      |                         )
/data/marg/abhishek/CoMeT/benchmarks/parsec/parsec-2.1/pkgs/tools/cmake/obj/amd64-linux.gcc-sniper/CMakeFiles/CMakeTmp/src.c: In function ‘main’:
/data/marg/abhishek/CoMeT/benchmarks/parsec/parsec-2.1/pkgs/tools/cmake/obj/amd64-linux.gcc-sniper/CMakeFiles/CMakeTmp/src.c:11:21: error: unknown type name ‘SOCKET’
   11 |                     SOCKET s=0;
      |                     ^~~~~~
make[3]: *** [CMakeFiles/cmTryCompileExec.dir/build.make:56: CMakeFiles/cmTryCompileExec.dir/src.c.o] Error 1
make[3]: Leaving directory '/data/marg/abhishek/CoMeT/benchmarks/parsec/parsec-2.1/pkgs/tools/cmake/obj/amd64-linux.gcc-sniper/CMakeFiles/CMakeTmp'
make[2]: *** [Makefile:111: cmTryCompileExec/fast] Error 2
make[2]: Leaving directory '/data/marg/abhishek/CoMeT/benchmarks/parsec/parsec-2.1/pkgs/tools/cmake/obj/amd64-linux.gcc-sniper/CMakeFiles/CMakeTmp'

Source file was:
#define __unused1
#undef inline
#define __unused2

#include <sys/types.h>
#include <sys/socket.h>
extern int  send(SOCKET, char *, socklen_t, unsigned int);
#define __unused5 1

int main() { 
                    SOCKET s=0;
                    char * buf=0;
                    socklen_t len=0;
                    unsigned int flags=0;
                    int res = send(s, buf, len, flags) ; return 0; }
Performing C SOURCE FILE Test int send(SOCKET, char *, unsigned int, int) (curl_cv_func_send_test) failed with the following output:
Change Dir: /data/marg/abhishek/CoMeT/benchmarks/parsec/parsec-2.1/pkgs/tools/cmake/obj/amd64-linux.gcc-sniper/CMakeFiles/CMakeTmp

Run Build Command:/usr/bin/make "cmTryCompileExec/fast"
make[2]: Entering directory '/data/marg/abhishek/CoMeT/benchmarks/parsec/parsec-2.1/pkgs/tools/cmake/obj/amd64-linux.gcc-sniper/CMakeFiles/CMakeTmp'
/usr/bin/make -f CMakeFiles/cmTryCompileExec.dir/build.make CMakeFiles/cmTryCompileExec.dir/build
make[3]: Entering directory '/data/marg/abhishek/CoMeT/benchmarks/parsec/parsec-2.1/pkgs/tools/cmake/obj/amd64-linux.gcc-sniper/CMakeFiles/CMakeTmp'
/data/marg/abhishek/CoMeT/benchmarks/parsec/parsec-2.1/pkgs/tools/cmake/obj/amd64-linux.gcc-sniper/Bootstrap.cmk/cmake -E cmake_progress_report /data/marg/abhishek/CoMeT/benchmarks/parsec/parsec-2.1/pkgs/tools/cmake/obj/amd64-linux.gcc-sniper/CMakeFiles/CMakeTmp/CMakeFiles 1
Building C object CMakeFiles/cmTryCompileExec.dir/src.c.o
/usr/bin/gcc   -O3 -funroll-loops -fprefetch-loop-arrays -static-libgcc -Wl,--hash-style=both,--as-needed -DPARSEC_VERSION=2.1 -DENABLE_PARSEC_HOOKS -I/data/marg/abhishek/CoMeT/benchmarks/parsec/parsec-2.1/pkgs/libs/hooks/inst/amd64-linux.gcc-sniper/include -I/data/marg/abhishek/CoMeT/benchmarks/tools/hooks -I/data/marg/abhishek/CoMeT/include -DENABLE_PARMACS   -Dcurl_cv_func_send_test   -o CMakeFiles/cmTryCompileExec.dir/src.c.o   -c /data/marg/abhishek/CoMeT/benchmarks/parsec/parsec-2.1/pkgs/tools/cmake/obj/amd64-linux.gcc-sniper/CMakeFiles/CMakeTmp/src.c
/data/marg/abhishek/CoMeT/benchmarks/parsec/parsec-2.1/pkgs/tools/cmake/obj/amd64-linux.gcc-sniper/CMakeFiles/CMakeTmp/src.c:7:25: error: expected ‘)’ before ‘char’
    7 | extern int  send(SOCKET, char *, unsigned int, int);
      |                         ^~~~~
      |                         )
/data/marg/abhishek/CoMeT/benchmarks/parsec/parsec-2.1/pkgs/tools/cmake/obj/amd64-linux.gcc-sniper/CMakeFiles/CMakeTmp/src.c: In function ‘main’:
/data/marg/abhishek/CoMeT/benchmarks/parsec/parsec-2.1/pkgs/tools/cmake/obj/amd64-linux.gcc-sniper/CMakeFiles/CMakeTmp/src.c:11:21: error: unknown type name ‘SOCKET’
   11 |                     SOCKET s=0;
      |                     ^~~~~~
make[3]: *** [CMakeFiles/cmTryCompileExec.dir/build.make:56: CMakeFiles/cmTryCompileExec.dir/src.c.o] Error 1
make[3]: Leaving directory '/data/marg/abhishek/CoMeT/benchmarks/parsec/parsec-2.1/pkgs/tools/cmake/obj/amd64-linux.gcc-sniper/CMakeFiles/CMakeTmp'
make[2]: Leaving directory '/data/marg/abhishek/CoMeT/benchmarks/parsec/parsec-2.1/pkgs/tools/cmake/obj/amd64-linux.gcc-sniper/CMakeFiles/CMakeTmp'
make[2]: *** [Makefile:111: cmTryCompileExec/fast] Error 2

Source file was:
#define __unused1
#undef inline
#define __unused2

#include <sys/types.h>
#include <sys/socket.h>
extern int  send(SOCKET, char *, unsigned int, int);
#define __unused5 1

int main() { 
                    SOCKET s=0;
                    char * buf=0;
                    unsigned int len=0;
                    int flags=0;
                    int res = send(s, buf, len, flags) ; return 0; }
Performing C SOURCE FILE Test int send(SOCKET, char *, unsigned int, unsigned int) (curl_cv_func_send_test) failed with the following output:
Change Dir: /data/marg/abhishek/CoMeT/benchmarks/parsec/parsec-2.1/pkgs/tools/cmake/obj/amd64-linux.gcc-sniper/CMakeFiles/CMakeTmp

Run Build Command:/usr/bin/make "cmTryCompileExec/fast"
make[2]: Entering directory '/data/marg/abhishek/CoMeT/benchmarks/parsec/parsec-2.1/pkgs/tools/cmake/obj/amd64-linux.gcc-sniper/CMakeFiles/CMakeTmp'
/usr/bin/make -f CMakeFiles/cmTryCompileExec.dir/build.make CMakeFiles/cmTryCompileExec.dir/build
make[3]: Entering directory '/data/marg/abhishek/CoMeT/benchmarks/parsec/parsec-2.1/pkgs/tools/cmake/obj/amd64-linux.gcc-sniper/CMakeFiles/CMakeTmp'
/data/marg/abhishek/CoMeT/benchmarks/parsec/parsec-2.1/pkgs/tools/cmake/obj/amd64-linux.gcc-sniper/Bootstrap.cmk/cmake -E cmake_progress_report /data/marg/abhishek/CoMeT/benchmarks/parsec/parsec-2.1/pkgs/tools/cmake/obj/amd64-linux.gcc-sniper/CMakeFiles/CMakeTmp/CMakeFiles 1
Building C object CMakeFiles/cmTryCompileExec.dir/src.c.o
/usr/bin/gcc   -O3 -funroll-loops -fprefetch-loop-arrays -static-libgcc -Wl,--hash-style=both,--as-needed -DPARSEC_VERSION=2.1 -DENABLE_PARSEC_HOOKS -I/data/marg/abhishek/CoMeT/benchmarks/parsec/parsec-2.1/pkgs/libs/hooks/inst/amd64-linux.gcc-sniper/include -I/data/marg/abhishek/CoMeT/benchmarks/tools/hooks -I/data/marg/abhishek/CoMeT/include -DENABLE_PARMACS   -Dcurl_cv_func_send_test   -o CMakeFiles/cmTryCompileExec.dir/src.c.o   -c /data/marg/abhishek/CoMeT/benchmarks/parsec/parsec-2.1/pkgs/tools/cmake/obj/amd64-linux.gcc-sniper/CMakeFiles/CMakeTmp/src.c
/data/marg/abhishek/CoMeT/benchmarks/parsec/parsec-2.1/pkgs/tools/cmake/obj/amd64-linux.gcc-sniper/CMakeFiles/CMakeTmp/src.c:7:25: error: expected ‘)’ before ‘char’
    7 | extern int  send(SOCKET, char *, unsigned int, unsigned int);
      |                         ^~~~~
      |                         )
/data/marg/abhishek/CoMeT/benchmarks/parsec/parsec-2.1/pkgs/tools/cmake/obj/amd64-linux.gcc-sniper/CMakeFiles/CMakeTmp/src.c: In function ‘main’:
/data/marg/abhishek/CoMeT/benchmarks/parsec/parsec-2.1/pkgs/tools/cmake/obj/amd64-linux.gcc-sniper/CMakeFiles/CMakeTmp/src.c:11:21: error: unknown type name ‘SOCKET’
   11 |                     SOCKET s=0;
      |                     ^~~~~~
make[3]: Leaving directory '/data/marg/abhishek/CoMeT/benchmarks/parsec/parsec-2.1/pkgs/tools/cmake/obj/amd64-linux.gcc-sniper/CMakeFiles/CMakeTmp'
make[3]: *** [CMakeFiles/cmTryCompileExec.dir/build.make:56: CMakeFiles/cmTryCompileExec.dir/src.c.o] Error 1
make[2]: *** [Makefile:111: cmTryCompileExec/fast] Error 2
make[2]: Leaving directory '/data/marg/abhishek/CoMeT/benchmarks/parsec/parsec-2.1/pkgs/tools/cmake/obj/amd64-linux.gcc-sniper/CMakeFiles/CMakeTmp'

Source file was:
#define __unused1
#undef inline
#define __unused2

#include <sys/types.h>
#include <sys/socket.h>
extern int  send(SOCKET, char *, unsigned int, unsigned int);
#define __unused5 1

int main() { 
                    SOCKET s=0;
                    char * buf=0;
                    unsigned int len=0;
                    unsigned int flags=0;
                    int res = send(s, buf, len, flags) ; return 0; }
Performing C SOURCE FILE Test int send(SOCKET, const char *, size_t, int) (curl_cv_func_send_test) failed with the following output:
Change Dir: /data/marg/abhishek/CoMeT/benchmarks/parsec/parsec-2.1/pkgs/tools/cmake/obj/amd64-linux.gcc-sniper/CMakeFiles/CMakeTmp

Run Build Command:/usr/bin/make "cmTryCompileExec/fast"
make[2]: Entering directory '/data/marg/abhishek/CoMeT/benchmarks/parsec/parsec-2.1/pkgs/tools/cmake/obj/amd64-linux.gcc-sniper/CMakeFiles/CMakeTmp'
/usr/bin/make -f CMakeFiles/cmTryCompileExec.dir/build.make CMakeFiles/cmTryCompileExec.dir/build
make[3]: Entering directory '/data/marg/abhishek/CoMeT/benchmarks/parsec/parsec-2.1/pkgs/tools/cmake/obj/amd64-linux.gcc-sniper/CMakeFiles/CMakeTmp'
/data/marg/abhishek/CoMeT/benchmarks/parsec/parsec-2.1/pkgs/tools/cmake/obj/amd64-linux.gcc-sniper/Bootstrap.cmk/cmake -E cmake_progress_report /data/marg/abhishek/CoMeT/benchmarks/parsec/parsec-2.1/pkgs/tools/cmake/obj/amd64-linux.gcc-sniper/CMakeFiles/CMakeTmp/CMakeFiles 1
Building C object CMakeFiles/cmTryCompileExec.dir/src.c.o
/usr/bin/gcc   -O3 -funroll-loops -fprefetch-loop-arrays -static-libgcc -Wl,--hash-style=both,--as-needed -DPARSEC_VERSION=2.1 -DENABLE_PARSEC_HOOKS -I/data/marg/abhishek/CoMeT/benchmarks/parsec/parsec-2.1/pkgs/libs/hooks/inst/amd64-linux.gcc-sniper/include -I/data/marg/abhishek/CoMeT/benchmarks/tools/hooks -I/data/marg/abhishek/CoMeT/include -DENABLE_PARMACS   -Dcurl_cv_func_send_test   -o CMakeFiles/cmTryCompileExec.dir/src.c.o   -c /data/marg/abhishek/CoMeT/benchmarks/parsec/parsec-2.1/pkgs/tools/cmake/obj/amd64-linux.gcc-sniper/CMakeFiles/CMakeTmp/src.c
/data/marg/abhishek/CoMeT/benchmarks/parsec/parsec-2.1/pkgs/tools/cmake/obj/amd64-linux.gcc-sniper/CMakeFiles/CMakeTmp/src.c:7:25: error: expected ‘)’ before ‘const’
    7 | extern int  send(SOCKET, const char *, size_t, int);
      |                         ^~~~~~
      |                         )
/data/marg/abhishek/CoMeT/benchmarks/parsec/parsec-2.1/pkgs/tools/cmake/obj/amd64-linux.gcc-sniper/CMakeFiles/CMakeTmp/src.c: In function ‘main’:
/data/marg/abhishek/CoMeT/benchmarks/parsec/parsec-2.1/pkgs/tools/cmake/obj/amd64-linux.gcc-sniper/CMakeFiles/CMakeTmp/src.c:11:21: error: unknown type name ‘SOCKET’
   11 |                     SOCKET s=0;
      |                     ^~~~~~
make[3]: Leaving directory '/data/marg/abhishek/CoMeT/benchmarks/parsec/parsec-2.1/pkgs/tools/cmake/obj/amd64-linux.gcc-sniper/CMakeFiles/CMakeTmp'
make[3]: *** [CMakeFiles/cmTryCompileExec.dir/build.make:56: CMakeFiles/cmTryCompileExec.dir/src.c.o] Error 1
make[2]: *** [Makefile:111: cmTryCompileExec/fast] Error 2
make[2]: Leaving directory '/data/marg/abhishek/CoMeT/benchmarks/parsec/parsec-2.1/pkgs/tools/cmake/obj/amd64-linux.gcc-sniper/CMakeFiles/CMakeTmp'

Source file was:
#define __unused1
#undef inline
#define __unused2

#include <sys/types.h>
#include <sys/socket.h>
extern int  send(SOCKET, const char *, size_t, int);
#define __unused5 1

int main() { 
                    SOCKET s=0;
                    const char * buf=0;
                    size_t len=0;
                    int flags=0;
                    int res = send(s, buf, len, flags) ; return 0; }
Performing C SOURCE FILE Test int send(SOCKET, const char *, size_t, unsigned int) (curl_cv_func_send_test) failed with the following output:
Change Dir: /data/marg/abhishek/CoMeT/benchmarks/parsec/parsec-2.1/pkgs/tools/cmake/obj/amd64-linux.gcc-sniper/CMakeFiles/CMakeTmp

Run Build Command:/usr/bin/make "cmTryCompileExec/fast"
make[2]: Entering directory '/data/marg/abhishek/CoMeT/benchmarks/parsec/parsec-2.1/pkgs/tools/cmake/obj/amd64-linux.gcc-sniper/CMakeFiles/CMakeTmp'
/usr/bin/make -f CMakeFiles/cmTryCompileExec.dir/build.make CMakeFiles/cmTryCompileExec.dir/build
make[3]: Entering directory '/data/marg/abhishek/CoMeT/benchmarks/parsec/parsec-2.1/pkgs/tools/cmake/obj/amd64-linux.gcc-sniper/CMakeFiles/CMakeTmp'
/data/marg/abhishek/CoMeT/benchmarks/parsec/parsec-2.1/pkgs/tools/cmake/obj/amd64-linux.gcc-sniper/Bootstrap.cmk/cmake -E cmake_progress_report /data/marg/abhishek/CoMeT/benchmarks/parsec/parsec-2.1/pkgs/tools/cmake/obj/amd64-linux.gcc-sniper/CMakeFiles/CMakeTmp/CMakeFiles 1
Building C object CMakeFiles/cmTryCompileExec.dir/src.c.o
/usr/bin/gcc   -O3 -funroll-loops -fprefetch-loop-arrays -static-libgcc -Wl,--hash-style=both,--as-needed -DPARSEC_VERSION=2.1 -DENABLE_PARSEC_HOOKS -I/data/marg/abhishek/CoMeT/benchmarks/parsec/parsec-2.1/pkgs/libs/hooks/inst/amd64-linux.gcc-sniper/include -I/data/marg/abhishek/CoMeT/benchmarks/tools/hooks -I/data/marg/abhishek/CoMeT/include -DENABLE_PARMACS   -Dcurl_cv_func_send_test   -o CMakeFiles/cmTryCompileExec.dir/src.c.o   -c /data/marg/abhishek/CoMeT/benchmarks/parsec/parsec-2.1/pkgs/tools/cmake/obj/amd64-linux.gcc-sniper/CMakeFiles/CMakeTmp/src.c
/data/marg/abhishek/CoMeT/benchmarks/parsec/parsec-2.1/pkgs/tools/cmake/obj/amd64-linux.gcc-sniper/CMakeFiles/CMakeTmp/src.c:7:25: error: expected ‘)’ before ‘const’
    7 | extern int  send(SOCKET, const char *, size_t, unsigned int);
      |                         ^~~~~~
      |                         )
/data/marg/abhishek/CoMeT/benchmarks/parsec/parsec-2.1/pkgs/tools/cmake/obj/amd64-linux.gcc-sniper/CMakeFiles/CMakeTmp/src.c: In function ‘main’:
/data/marg/abhishek/CoMeT/benchmarks/parsec/parsec-2.1/pkgs/tools/cmake/obj/amd64-linux.gcc-sniper/CMakeFiles/CMakeTmp/src.c:11:21: error: unknown type name ‘SOCKET’
   11 |                     SOCKET s=0;
      |                     ^~~~~~
make[3]: Leaving directory '/data/marg/abhishek/CoMeT/benchmarks/parsec/parsec-2.1/pkgs/tools/cmake/obj/amd64-linux.gcc-sniper/CMakeFiles/CMakeTmp'
make[3]: *** [CMakeFiles/cmTryCompileExec.dir/build.make:56: CMakeFiles/cmTryCompileExec.dir/src.c.o] Error 1
make[2]: *** [Makefile:111: cmTryCompileExec/fast] Error 2
make[2]: Leaving directory '/data/marg/abhishek/CoMeT/benchmarks/parsec/parsec-2.1/pkgs/tools/cmake/obj/amd64-linux.gcc-sniper/CMakeFiles/CMakeTmp'

Source file was:
#define __unused1
#undef inline
#define __unused2

#include <sys/types.h>
#include <sys/socket.h>
extern int  send(SOCKET, const char *, size_t, unsigned int);
#define __unused5 1

int main() { 
                    SOCKET s=0;
                    const char * buf=0;
                    size_t len=0;
                    unsigned int flags=0;
                    int res = send(s, buf, len, flags) ; return 0; }
Performing C SOURCE FILE Test int send(SOCKET, const char *, int, int) (curl_cv_func_send_test) failed with the following output:
Change Dir: /data/marg/abhishek/CoMeT/benchmarks/parsec/parsec-2.1/pkgs/tools/cmake/obj/amd64-linux.gcc-sniper/CMakeFiles/CMakeTmp

Run Build Command:/usr/bin/make "cmTryCompileExec/fast"
make[2]: Entering directory '/data/marg/abhishek/CoMeT/benchmarks/parsec/parsec-2.1/pkgs/tools/cmake/obj/amd64-linux.gcc-sniper/CMakeFiles/CMakeTmp'
/usr/bin/make -f CMakeFiles/cmTryCompileExec.dir/build.make CMakeFiles/cmTryCompileExec.dir/build
make[3]: Entering directory '/data/marg/abhishek/CoMeT/benchmarks/parsec/parsec-2.1/pkgs/tools/cmake/obj/amd64-linux.gcc-sniper/CMakeFiles/CMakeTmp'
/data/marg/abhishek/CoMeT/benchmarks/parsec/parsec-2.1/pkgs/tools/cmake/obj/amd64-linux.gcc-sniper/Bootstrap.cmk/cmake -E cmake_progress_report /data/marg/abhishek/CoMeT/benchmarks/parsec/parsec-2.1/pkgs/tools/cmake/obj/amd64-linux.gcc-sniper/CMakeFiles/CMakeTmp/CMakeFiles 1
Building C object CMakeFiles/cmTryCompileExec.dir/src.c.o
/usr/bin/gcc   -O3 -funroll-loops -fprefetch-loop-arrays -static-libgcc -Wl,--hash-style=both,--as-needed -DPARSEC_VERSION=2.1 -DENABLE_PARSEC_HOOKS -I/data/marg/abhishek/CoMeT/benchmarks/parsec/parsec-2.1/pkgs/libs/hooks/inst/amd64-linux.gcc-sniper/include -I/data/marg/abhishek/CoMeT/benchmarks/tools/hooks -I/data/marg/abhishek/CoMeT/include -DENABLE_PARMACS   -Dcurl_cv_func_send_test   -o CMakeFiles/cmTryCompileExec.dir/src.c.o   -c /data/marg/abhishek/CoMeT/benchmarks/parsec/parsec-2.1/pkgs/tools/cmake/obj/amd64-linux.gcc-sniper/CMakeFiles/CMakeTmp/src.c
/data/marg/abhishek/CoMeT/benchmarks/parsec/parsec-2.1/pkgs/tools/cmake/obj/amd64-linux.gcc-sniper/CMakeFiles/CMakeTmp/src.c:7:25: error: expected ‘)’ before ‘const’
    7 | extern int  send(SOCKET, const char *, int, int);
      |                         ^~~~~~
      |                         )
/data/marg/abhishek/CoMeT/benchmarks/parsec/parsec-2.1/pkgs/tools/cmake/obj/amd64-linux.gcc-sniper/CMakeFiles/CMakeTmp/src.c: In function ‘main’:
/data/marg/abhishek/CoMeT/benchmarks/parsec/parsec-2.1/pkgs/tools/cmake/obj/amd64-linux.gcc-sniper/CMakeFiles/CMakeTmp/src.c:11:21: error: unknown type name ‘SOCKET’
   11 |                     SOCKET s=0;
      |                     ^~~~~~
make[3]: Leaving directory '/data/marg/abhishek/CoMeT/benchmarks/parsec/parsec-2.1/pkgs/tools/cmake/obj/amd64-linux.gcc-sniper/CMakeFiles/CMakeTmp'
make[3]: *** [CMakeFiles/cmTryCompileExec.dir/build.make:56: CMakeFiles/cmTryCompileExec.dir/src.c.o] Error 1
make[2]: *** [Makefile:111: cmTryCompileExec/fast] Error 2
make[2]: Leaving directory '/data/marg/abhishek/CoMeT/benchmarks/parsec/parsec-2.1/pkgs/tools/cmake/obj/amd64-linux.gcc-sniper/CMakeFiles/CMakeTmp'

Source file was:
#define __unused1
#undef inline
#define __unused2

#include <sys/types.h>
#include <sys/socket.h>
extern int  send(SOCKET, const char *, int, int);
#define __unused5 1

int main() { 
                    SOCKET s=0;
                    const char * buf=0;
                    int len=0;
                    int flags=0;
                    int res = send(s, buf, len, flags) ; return 0; }
Performing C SOURCE FILE Test int send(SOCKET, const char *, int, unsigned int) (curl_cv_func_send_test) failed with the following output:
Change Dir: /data/marg/abhishek/CoMeT/benchmarks/parsec/parsec-2.1/pkgs/tools/cmake/obj/amd64-linux.gcc-sniper/CMakeFiles/CMakeTmp

Run Build Command:/usr/bin/make "cmTryCompileExec/fast"
make[2]: Entering directory '/data/marg/abhishek/CoMeT/benchmarks/parsec/parsec-2.1/pkgs/tools/cmake/obj/amd64-linux.gcc-sniper/CMakeFiles/CMakeTmp'
/usr/bin/make -f CMakeFiles/cmTryCompileExec.dir/build.make CMakeFiles/cmTryCompileExec.dir/build
make[3]: Entering directory '/data/marg/abhishek/CoMeT/benchmarks/parsec/parsec-2.1/pkgs/tools/cmake/obj/amd64-linux.gcc-sniper/CMakeFiles/CMakeTmp'
/data/marg/abhishek/CoMeT/benchmarks/parsec/parsec-2.1/pkgs/tools/cmake/obj/amd64-linux.gcc-sniper/Bootstrap.cmk/cmake -E cmake_progress_report /data/marg/abhishek/CoMeT/benchmarks/parsec/parsec-2.1/pkgs/tools/cmake/obj/amd64-linux.gcc-sniper/CMakeFiles/CMakeTmp/CMakeFiles 1
Building C object CMakeFiles/cmTryCompileExec.dir/src.c.o
/usr/bin/gcc   -O3 -funroll-loops -fprefetch-loop-arrays -static-libgcc -Wl,--hash-style=both,--as-needed -DPARSEC_VERSION=2.1 -DENABLE_PARSEC_HOOKS -I/data/marg/abhishek/CoMeT/benchmarks/parsec/parsec-2.1/pkgs/libs/hooks/inst/amd64-linux.gcc-sniper/include -I/data/marg/abhishek/CoMeT/benchmarks/tools/hooks -I/data/marg/abhishek/CoMeT/include -DENABLE_PARMACS   -Dcurl_cv_func_send_test   -o CMakeFiles/cmTryCompileExec.dir/src.c.o   -c /data/marg/abhishek/CoMeT/benchmarks/parsec/parsec-2.1/pkgs/tools/cmake/obj/amd64-linux.gcc-sniper/CMakeFiles/CMakeTmp/src.c
/data/marg/abhishek/CoMeT/benchmarks/parsec/parsec-2.1/pkgs/tools/cmake/obj/amd64-linux.gcc-sniper/CMakeFiles/CMakeTmp/src.c:7:25: error: expected ‘)’ before ‘const’
    7 | extern int  send(SOCKET, const char *, int, unsigned int);
      |                         ^~~~~~
      |                         )
/data/marg/abhishek/CoMeT/benchmarks/parsec/parsec-2.1/pkgs/tools/cmake/obj/amd64-linux.gcc-sniper/CMakeFiles/CMakeTmp/src.c: In function ‘main’:
/data/marg/abhishek/CoMeT/benchmarks/parsec/parsec-2.1/pkgs/tools/cmake/obj/amd64-linux.gcc-sniper/CMakeFiles/CMakeTmp/src.c:11:21: error: unknown type name ‘SOCKET’
   11 |                     SOCKET s=0;
      |                     ^~~~~~
make[3]: Leaving directory '/data/marg/abhishek/CoMeT/benchmarks/parsec/parsec-2.1/pkgs/tools/cmake/obj/amd64-linux.gcc-sniper/CMakeFiles/CMakeTmp'
make[3]: *** [CMakeFiles/cmTryCompileExec.dir/build.make:56: CMakeFiles/cmTryCompileExec.dir/src.c.o] Error 1
make[2]: *** [Makefile:111: cmTryCompileExec/fast] Error 2
make[2]: Leaving directory '/data/marg/abhishek/CoMeT/benchmarks/parsec/parsec-2.1/pkgs/tools/cmake/obj/amd64-linux.gcc-sniper/CMakeFiles/CMakeTmp'

Source file was:
#define __unused1
#undef inline
#define __unused2

#include <sys/types.h>
#include <sys/socket.h>
extern int  send(SOCKET, const char *, int, unsigned int);
#define __unused5 1

int main() { 
                    SOCKET s=0;
                    const char * buf=0;
                    int len=0;
                    unsigned int flags=0;
                    int res = send(s, buf, len, flags) ; return 0; }
Performing C SOURCE FILE Test int send(SOCKET, const char *, socklen_t, int) (curl_cv_func_send_test) failed with the following output:
Change Dir: /data/marg/abhishek/CoMeT/benchmarks/parsec/parsec-2.1/pkgs/tools/cmake/obj/amd64-linux.gcc-sniper/CMakeFiles/CMakeTmp

Run Build Command:/usr/bin/make "cmTryCompileExec/fast"
make[2]: Entering directory '/data/marg/abhishek/CoMeT/benchmarks/parsec/parsec-2.1/pkgs/tools/cmake/obj/amd64-linux.gcc-sniper/CMakeFiles/CMakeTmp'
/usr/bin/make -f CMakeFiles/cmTryCompileExec.dir/build.make CMakeFiles/cmTryCompileExec.dir/build
make[3]: Entering directory '/data/marg/abhishek/CoMeT/benchmarks/parsec/parsec-2.1/pkgs/tools/cmake/obj/amd64-linux.gcc-sniper/CMakeFiles/CMakeTmp'
/data/marg/abhishek/CoMeT/benchmarks/parsec/parsec-2.1/pkgs/tools/cmake/obj/amd64-linux.gcc-sniper/Bootstrap.cmk/cmake -E cmake_progress_report /data/marg/abhishek/CoMeT/benchmarks/parsec/parsec-2.1/pkgs/tools/cmake/obj/amd64-linux.gcc-sniper/CMakeFiles/CMakeTmp/CMakeFiles 1
Building C object CMakeFiles/cmTryCompileExec.dir/src.c.o
/usr/bin/gcc   -O3 -funroll-loops -fprefetch-loop-arrays -static-libgcc -Wl,--hash-style=both,--as-needed -DPARSEC_VERSION=2.1 -DENABLE_PARSEC_HOOKS -I/data/marg/abhishek/CoMeT/benchmarks/parsec/parsec-2.1/pkgs/libs/hooks/inst/amd64-linux.gcc-sniper/include -I/data/marg/abhishek/CoMeT/benchmarks/tools/hooks -I/data/marg/abhishek/CoMeT/include -DENABLE_PARMACS   -Dcurl_cv_func_send_test   -o CMakeFiles/cmTryCompileExec.dir/src.c.o   -c /data/marg/abhishek/CoMeT/benchmarks/parsec/parsec-2.1/pkgs/tools/cmake/obj/amd64-linux.gcc-sniper/CMakeFiles/CMakeTmp/src.c
/data/marg/abhishek/CoMeT/benchmarks/parsec/parsec-2.1/pkgs/tools/cmake/obj/amd64-linux.gcc-sniper/CMakeFiles/CMakeTmp/src.c:7:25: error: expected ‘)’ before ‘const’
    7 | extern int  send(SOCKET, const char *, socklen_t, int);
      |                         ^~~~~~
      |                         )
/data/marg/abhishek/CoMeT/benchmarks/parsec/parsec-2.1/pkgs/tools/cmake/obj/amd64-linux.gcc-sniper/CMakeFiles/CMakeTmp/src.c: In function ‘main’:
/data/marg/abhishek/CoMeT/benchmarks/parsec/parsec-2.1/pkgs/tools/cmake/obj/amd64-linux.gcc-sniper/CMakeFiles/CMakeTmp/src.c:11:21: error: unknown type name ‘SOCKET’
   11 |                     SOCKET s=0;
      |                     ^~~~~~
make[3]: Leaving directory '/data/marg/abhishek/CoMeT/benchmarks/parsec/parsec-2.1/pkgs/tools/cmake/obj/amd64-linux.gcc-sniper/CMakeFiles/CMakeTmp'
make[3]: *** [CMakeFiles/cmTryCompileExec.dir/build.make:56: CMakeFiles/cmTryCompileExec.dir/src.c.o] Error 1
make[2]: *** [Makefile:111: cmTryCompileExec/fast] Error 2
make[2]: Leaving directory '/data/marg/abhishek/CoMeT/benchmarks/parsec/parsec-2.1/pkgs/tools/cmake/obj/amd64-linux.gcc-sniper/CMakeFiles/CMakeTmp'

Source file was:
#define __unused1
#undef inline
#define __unused2

#include <sys/types.h>
#include <sys/socket.h>
extern int  send(SOCKET, const char *, socklen_t, int);
#define __unused5 1

int main() { 
                    SOCKET s=0;
                    const char * buf=0;
                    socklen_t len=0;
                    int flags=0;
                    int res = send(s, buf, len, flags) ; return 0; }
Performing C SOURCE FILE Test int send(SOCKET, const char *, socklen_t, unsigned int) (curl_cv_func_send_test) failed with the following output:
Change Dir: /data/marg/abhishek/CoMeT/benchmarks/parsec/parsec-2.1/pkgs/tools/cmake/obj/amd64-linux.gcc-sniper/CMakeFiles/CMakeTmp

Run Build Command:/usr/bin/make "cmTryCompileExec/fast"
make[2]: Entering directory '/data/marg/abhishek/CoMeT/benchmarks/parsec/parsec-2.1/pkgs/tools/cmake/obj/amd64-linux.gcc-sniper/CMakeFiles/CMakeTmp'
/usr/bin/make -f CMakeFiles/cmTryCompileExec.dir/build.make CMakeFiles/cmTryCompileExec.dir/build
make[3]: Entering directory '/data/marg/abhishek/CoMeT/benchmarks/parsec/parsec-2.1/pkgs/tools/cmake/obj/amd64-linux.gcc-sniper/CMakeFiles/CMakeTmp'
/data/marg/abhishek/CoMeT/benchmarks/parsec/parsec-2.1/pkgs/tools/cmake/obj/amd64-linux.gcc-sniper/Bootstrap.cmk/cmake -E cmake_progress_report /data/marg/abhishek/CoMeT/benchmarks/parsec/parsec-2.1/pkgs/tools/cmake/obj/amd64-linux.gcc-sniper/CMakeFiles/CMakeTmp/CMakeFiles 1
Building C object CMakeFiles/cmTryCompileExec.dir/src.c.o
/usr/bin/gcc   -O3 -funroll-loops -fprefetch-loop-arrays -static-libgcc -Wl,--hash-style=both,--as-needed -DPARSEC_VERSION=2.1 -DENABLE_PARSEC_HOOKS -I/data/marg/abhishek/CoMeT/benchmarks/parsec/parsec-2.1/pkgs/libs/hooks/inst/amd64-linux.gcc-sniper/include -I/data/marg/abhishek/CoMeT/benchmarks/tools/hooks -I/data/marg/abhishek/CoMeT/include -DENABLE_PARMACS   -Dcurl_cv_func_send_test   -o CMakeFiles/cmTryCompileExec.dir/src.c.o   -c /data/marg/abhishek/CoMeT/benchmarks/parsec/parsec-2.1/pkgs/tools/cmake/obj/amd64-linux.gcc-sniper/CMakeFiles/CMakeTmp/src.c
/data/marg/abhishek/CoMeT/benchmarks/parsec/parsec-2.1/pkgs/tools/cmake/obj/amd64-linux.gcc-sniper/CMakeFiles/CMakeTmp/src.c:7:25: error: expected ‘)’ before ‘const’
    7 | extern int  send(SOCKET, const char *, socklen_t, unsigned int);
      |                         ^~~~~~
      |                         )
/data/marg/abhishek/CoMeT/benchmarks/parsec/parsec-2.1/pkgs/tools/cmake/obj/amd64-linux.gcc-sniper/CMakeFiles/CMakeTmp/src.c: In function ‘main’:
/data/marg/abhishek/CoMeT/benchmarks/parsec/parsec-2.1/pkgs/tools/cmake/obj/amd64-linux.gcc-sniper/CMakeFiles/CMakeTmp/src.c:11:21: error: unknown type name ‘SOCKET’
   11 |                     SOCKET s=0;
      |                     ^~~~~~
make[3]: *** [CMakeFiles/cmTryCompileExec.dir/build.make:56: CMakeFiles/cmTryCompileExec.dir/src.c.o] Error 1
make[3]: Leaving directory '/data/marg/abhishek/CoMeT/benchmarks/parsec/parsec-2.1/pkgs/tools/cmake/obj/amd64-linux.gcc-sniper/CMakeFiles/CMakeTmp'
make[2]: *** [Makefile:111: cmTryCompileExec/fast] Error 2
make[2]: Leaving directory '/data/marg/abhishek/CoMeT/benchmarks/parsec/parsec-2.1/pkgs/tools/cmake/obj/amd64-linux.gcc-sniper/CMakeFiles/CMakeTmp'

Source file was:
#define __unused1
#undef inline
#define __unused2

#include <sys/types.h>
#include <sys/socket.h>
extern int  send(SOCKET, const char *, socklen_t, unsigned int);
#define __unused5 1

int main() { 
                    SOCKET s=0;
                    const char * buf=0;
                    socklen_t len=0;
                    unsigned int flags=0;
                    int res = send(s, buf, len, flags) ; return 0; }
Performing C SOURCE FILE Test int send(SOCKET, const char *, unsigned int, int) (curl_cv_func_send_test) failed with the following output:
Change Dir: /data/marg/abhishek/CoMeT/benchmarks/parsec/parsec-2.1/pkgs/tools/cmake/obj/amd64-linux.gcc-sniper/CMakeFiles/CMakeTmp

Run Build Command:/usr/bin/make "cmTryCompileExec/fast"
make[2]: Entering directory '/data/marg/abhishek/CoMeT/benchmarks/parsec/parsec-2.1/pkgs/tools/cmake/obj/amd64-linux.gcc-sniper/CMakeFiles/CMakeTmp'
/usr/bin/make -f CMakeFiles/cmTryCompileExec.dir/build.make CMakeFiles/cmTryCompileExec.dir/build
make[3]: Entering directory '/data/marg/abhishek/CoMeT/benchmarks/parsec/parsec-2.1/pkgs/tools/cmake/obj/amd64-linux.gcc-sniper/CMakeFiles/CMakeTmp'
/data/marg/abhishek/CoMeT/benchmarks/parsec/parsec-2.1/pkgs/tools/cmake/obj/amd64-linux.gcc-sniper/Bootstrap.cmk/cmake -E cmake_progress_report /data/marg/abhishek/CoMeT/benchmarks/parsec/parsec-2.1/pkgs/tools/cmake/obj/amd64-linux.gcc-sniper/CMakeFiles/CMakeTmp/CMakeFiles 1
Building C object CMakeFiles/cmTryCompileExec.dir/src.c.o
/usr/bin/gcc   -O3 -funroll-loops -fprefetch-loop-arrays -static-libgcc -Wl,--hash-style=both,--as-needed -DPARSEC_VERSION=2.1 -DENABLE_PARSEC_HOOKS -I/data/marg/abhishek/CoMeT/benchmarks/parsec/parsec-2.1/pkgs/libs/hooks/inst/amd64-linux.gcc-sniper/include -I/data/marg/abhishek/CoMeT/benchmarks/tools/hooks -I/data/marg/abhishek/CoMeT/include -DENABLE_PARMACS   -Dcurl_cv_func_send_test   -o CMakeFiles/cmTryCompileExec.dir/src.c.o   -c /data/marg/abhishek/CoMeT/benchmarks/parsec/parsec-2.1/pkgs/tools/cmake/obj/amd64-linux.gcc-sniper/CMakeFiles/CMakeTmp/src.c
/data/marg/abhishek/CoMeT/benchmarks/parsec/parsec-2.1/pkgs/tools/cmake/obj/amd64-linux.gcc-sniper/CMakeFiles/CMakeTmp/src.c:7:25: error: expected ‘)’ before ‘const’
    7 | extern int  send(SOCKET, const char *, unsigned int, int);
      |                         ^~~~~~
      |                         )
/data/marg/abhishek/CoMeT/benchmarks/parsec/parsec-2.1/pkgs/tools/cmake/obj/amd64-linux.gcc-sniper/CMakeFiles/CMakeTmp/src.c: In function ‘main’:
/data/marg/abhishek/CoMeT/benchmarks/parsec/parsec-2.1/pkgs/tools/cmake/obj/amd64-linux.gcc-sniper/CMakeFiles/CMakeTmp/src.c:11:21: error: unknown type name ‘SOCKET’
   11 |                     SOCKET s=0;
      |                     ^~~~~~
make[3]: Leaving directory '/data/marg/abhishek/CoMeT/benchmarks/parsec/parsec-2.1/pkgs/tools/cmake/obj/amd64-linux.gcc-sniper/CMakeFiles/CMakeTmp'
make[3]: *** [CMakeFiles/cmTryCompileExec.dir/build.make:56: CMakeFiles/cmTryCompileExec.dir/src.c.o] Error 1
make[2]: *** [Makefile:111: cmTryCompileExec/fast] Error 2
make[2]: Leaving directory '/data/marg/abhishek/CoMeT/benchmarks/parsec/parsec-2.1/pkgs/tools/cmake/obj/amd64-linux.gcc-sniper/CMakeFiles/CMakeTmp'

Source file was:
#define __unused1
#undef inline
#define __unused2

#include <sys/types.h>
#include <sys/socket.h>
extern int  send(SOCKET, const char *, unsigned int, int);
#define __unused5 1

int main() { 
                    SOCKET s=0;
                    const char * buf=0;
                    unsigned int len=0;
                    int flags=0;
                    int res = send(s, buf, len, flags) ; return 0; }
Performing C SOURCE FILE Test int send(SOCKET, const char *, unsigned int, unsigned int) (curl_cv_func_send_test) failed with the following output:
Change Dir: /data/marg/abhishek/CoMeT/benchmarks/parsec/parsec-2.1/pkgs/tools/cmake/obj/amd64-linux.gcc-sniper/CMakeFiles/CMakeTmp

Run Build Command:/usr/bin/make "cmTryCompileExec/fast"
make[2]: Entering directory '/data/marg/abhishek/CoMeT/benchmarks/parsec/parsec-2.1/pkgs/tools/cmake/obj/amd64-linux.gcc-sniper/CMakeFiles/CMakeTmp'
/usr/bin/make -f CMakeFiles/cmTryCompileExec.dir/build.make CMakeFiles/cmTryCompileExec.dir/build
make[3]: Entering directory '/data/marg/abhishek/CoMeT/benchmarks/parsec/parsec-2.1/pkgs/tools/cmake/obj/amd64-linux.gcc-sniper/CMakeFiles/CMakeTmp'
/data/marg/abhishek/CoMeT/benchmarks/parsec/parsec-2.1/pkgs/tools/cmake/obj/amd64-linux.gcc-sniper/Bootstrap.cmk/cmake -E cmake_progress_report /data/marg/abhishek/CoMeT/benchmarks/parsec/parsec-2.1/pkgs/tools/cmake/obj/amd64-linux.gcc-sniper/CMakeFiles/CMakeTmp/CMakeFiles 1
Building C object CMakeFiles/cmTryCompileExec.dir/src.c.o
/usr/bin/gcc   -O3 -funroll-loops -fprefetch-loop-arrays -static-libgcc -Wl,--hash-style=both,--as-needed -DPARSEC_VERSION=2.1 -DENABLE_PARSEC_HOOKS -I/data/marg/abhishek/CoMeT/benchmarks/parsec/parsec-2.1/pkgs/libs/hooks/inst/amd64-linux.gcc-sniper/include -I/data/marg/abhishek/CoMeT/benchmarks/tools/hooks -I/data/marg/abhishek/CoMeT/include -DENABLE_PARMACS   -Dcurl_cv_func_send_test   -o CMakeFiles/cmTryCompileExec.dir/src.c.o   -c /data/marg/abhishek/CoMeT/benchmarks/parsec/parsec-2.1/pkgs/tools/cmake/obj/amd64-linux.gcc-sniper/CMakeFiles/CMakeTmp/src.c
/data/marg/abhishek/CoMeT/benchmarks/parsec/parsec-2.1/pkgs/tools/cmake/obj/amd64-linux.gcc-sniper/CMakeFiles/CMakeTmp/src.c:7:25: error: expected ‘)’ before ‘const’
    7 | extern int  send(SOCKET, const char *, unsigned int, unsigned int);
      |                         ^~~~~~
      |                         )
/data/marg/abhishek/CoMeT/benchmarks/parsec/parsec-2.1/pkgs/tools/cmake/obj/amd64-linux.gcc-sniper/CMakeFiles/CMakeTmp/src.c: In function ‘main’:
/data/marg/abhishek/CoMeT/benchmarks/parsec/parsec-2.1/pkgs/tools/cmake/obj/amd64-linux.gcc-sniper/CMakeFiles/CMakeTmp/src.c:11:21: error: unknown type name ‘SOCKET’
   11 |                     SOCKET s=0;
      |                     ^~~~~~
make[3]: Leaving directory '/data/marg/abhishek/CoMeT/benchmarks/parsec/parsec-2.1/pkgs/tools/cmake/obj/amd64-linux.gcc-sniper/CMakeFiles/CMakeTmp'
make[3]: *** [CMakeFiles/cmTryCompileExec.dir/build.make:56: CMakeFiles/cmTryCompileExec.dir/src.c.o] Error 1
make[2]: *** [Makefile:111: cmTryCompileExec/fast] Error 2
make[2]: Leaving directory '/data/marg/abhishek/CoMeT/benchmarks/parsec/parsec-2.1/pkgs/tools/cmake/obj/amd64-linux.gcc-sniper/CMakeFiles/CMakeTmp'

Source file was:
#define __unused1
#undef inline
#define __unused2

#include <sys/types.h>
#include <sys/socket.h>
extern int  send(SOCKET, const char *, unsigned int, unsigned int);
#define __unused5 1

int main() { 
                    SOCKET s=0;
                    const char * buf=0;
                    unsigned int len=0;
                    unsigned int flags=0;
                    int res = send(s, buf, len, flags) ; return 0; }
Determining if files ctype.h;fnmatch.h;inttypes.h;libgen.h;memory.h;sys/mkdev.h exist failed with the following output:
Change Dir: /data/marg/abhishek/CoMeT/benchmarks/parsec/parsec-2.1/pkgs/tools/cmake/obj/amd64-linux.gcc-sniper/CMakeFiles/CMakeTmp

Run Build Command:/usr/bin/make "cmTryCompileExec/fast"
make[2]: Entering directory '/data/marg/abhishek/CoMeT/benchmarks/parsec/parsec-2.1/pkgs/tools/cmake/obj/amd64-linux.gcc-sniper/CMakeFiles/CMakeTmp'
/usr/bin/make -f CMakeFiles/cmTryCompileExec.dir/build.make CMakeFiles/cmTryCompileExec.dir/build
make[3]: Entering directory '/data/marg/abhishek/CoMeT/benchmarks/parsec/parsec-2.1/pkgs/tools/cmake/obj/amd64-linux.gcc-sniper/CMakeFiles/CMakeTmp'
/data/marg/abhishek/CoMeT/benchmarks/parsec/parsec-2.1/pkgs/tools/cmake/obj/amd64-linux.gcc-sniper/Bootstrap.cmk/cmake -E cmake_progress_report /data/marg/abhishek/CoMeT/benchmarks/parsec/parsec-2.1/pkgs/tools/cmake/obj/amd64-linux.gcc-sniper/CMakeFiles/CMakeTmp/CMakeFiles 1
Building C object CMakeFiles/cmTryCompileExec.dir/CheckIncludeFiles.c.o
/usr/bin/gcc   -O3 -funroll-loops -fprefetch-loop-arrays -static-libgcc -Wl,--hash-style=both,--as-needed -DPARSEC_VERSION=2.1 -DENABLE_PARSEC_HOOKS -I/data/marg/abhishek/CoMeT/benchmarks/parsec/parsec-2.1/pkgs/libs/hooks/inst/amd64-linux.gcc-sniper/include -I/data/marg/abhishek/CoMeT/benchmarks/tools/hooks -I/data/marg/abhishek/CoMeT/include -DENABLE_PARMACS      -o CMakeFiles/cmTryCompileExec.dir/CheckIncludeFiles.c.o   -c /data/marg/abhishek/CoMeT/benchmarks/parsec/parsec-2.1/pkgs/tools/cmake/obj/amd64-linux.gcc-sniper/CMakeFiles/CMakeTmp/CheckIncludeFiles.c
/data/marg/abhishek/CoMeT/benchmarks/parsec/parsec-2.1/pkgs/tools/cmake/obj/amd64-linux.gcc-sniper/CMakeFiles/CMakeTmp/CheckIncludeFiles.c:7:10: fatal error: sys/mkdev.h: No such file or directory
    7 | #include <sys/mkdev.h>
      |          ^~~~~~~~~~~~~
compilation terminated.
make[3]: *** [CMakeFiles/cmTryCompileExec.dir/build.make:56: CMakeFiles/cmTryCompileExec.dir/CheckIncludeFiles.c.o] Error 1
make[3]: Leaving directory '/data/marg/abhishek/CoMeT/benchmarks/parsec/parsec-2.1/pkgs/tools/cmake/obj/amd64-linux.gcc-sniper/CMakeFiles/CMakeTmp'
make[2]: *** [Makefile:111: cmTryCompileExec/fast] Error 2
make[2]: Leaving directory '/data/marg/abhishek/CoMeT/benchmarks/parsec/parsec-2.1/pkgs/tools/cmake/obj/amd64-linux.gcc-sniper/CMakeFiles/CMakeTmp'

Source:
/* */
#include <ctype.h>
#include <fnmatch.h>
#include <inttypes.h>
#include <libgen.h>
#include <memory.h>
#include <sys/mkdev.h>


int main(){return 0;}

Determining if the strlcpy exist failed with the following output:
Change Dir: /data/marg/abhishek/CoMeT/benchmarks/parsec/parsec-2.1/pkgs/tools/cmake/obj/amd64-linux.gcc-sniper/CMakeFiles/CMakeTmp

Run Build Command:/usr/bin/make "cmTryCompileExec/fast"
make[2]: Entering directory '/data/marg/abhishek/CoMeT/benchmarks/parsec/parsec-2.1/pkgs/tools/cmake/obj/amd64-linux.gcc-sniper/CMakeFiles/CMakeTmp'
/usr/bin/make -f CMakeFiles/cmTryCompileExec.dir/build.make CMakeFiles/cmTryCompileExec.dir/build
make[3]: Entering directory '/data/marg/abhishek/CoMeT/benchmarks/parsec/parsec-2.1/pkgs/tools/cmake/obj/amd64-linux.gcc-sniper/CMakeFiles/CMakeTmp'
/data/marg/abhishek/CoMeT/benchmarks/parsec/parsec-2.1/pkgs/tools/cmake/obj/amd64-linux.gcc-sniper/Bootstrap.cmk/cmake -E cmake_progress_report /data/marg/abhishek/CoMeT/benchmarks/parsec/parsec-2.1/pkgs/tools/cmake/obj/amd64-linux.gcc-sniper/CMakeFiles/CMakeTmp/CMakeFiles 1
Building C object CMakeFiles/cmTryCompileExec.dir/CheckSymbolExists.c.o
/usr/bin/gcc   -O3 -funroll-loops -fprefetch-loop-arrays -static-libgcc -Wl,--hash-style=both,--as-needed -DPARSEC_VERSION=2.1 -DENABLE_PARSEC_HOOKS -I/data/marg/abhishek/CoMeT/benchmarks/parsec/parsec-2.1/pkgs/libs/hooks/inst/amd64-linux.gcc-sniper/include -I/data/marg/abhishek/CoMeT/benchmarks/tools/hooks -I/data/marg/abhishek/CoMeT/include -DENABLE_PARMACS      -o CMakeFiles/cmTryCompileExec.dir/CheckSymbolExists.c.o   -c /data/marg/abhishek/CoMeT/benchmarks/parsec/parsec-2.1/pkgs/tools/cmake/obj/amd64-linux.gcc-sniper/CMakeFiles/CMakeTmp/CheckSymbolExists.c
/data/marg/abhishek/CoMeT/benchmarks/parsec/parsec-2.1/pkgs/tools/cmake/obj/amd64-linux.gcc-sniper/CMakeFiles/CMakeTmp/CheckSymbolExists.c: In function ‘main’:
/data/marg/abhishek/CoMeT/benchmarks/parsec/parsec-2.1/pkgs/tools/cmake/obj/amd64-linux.gcc-sniper/CMakeFiles/CMakeTmp/CheckSymbolExists.c:24:25: error: ‘strlcpy’ undeclared (first use in this function); did you mean ‘strncpy’?
   24 |   cmakeRequireSymbol(0,&strlcpy);
      |                         ^~~~~~~
      |                         strncpy
/data/marg/abhishek/CoMeT/benchmarks/parsec/parsec-2.1/pkgs/tools/cmake/obj/amd64-linux.gcc-sniper/CMakeFiles/CMakeTmp/CheckSymbolExists.c:24:25: note: each undeclared identifier is reported only once for each function it appears in
make[3]: Leaving directory '/data/marg/abhishek/CoMeT/benchmarks/parsec/parsec-2.1/pkgs/tools/cmake/obj/amd64-linux.gcc-sniper/CMakeFiles/CMakeTmp'
make[3]: *** [CMakeFiles/cmTryCompileExec.dir/build.make:56: CMakeFiles/cmTryCompileExec.dir/CheckSymbolExists.c.o] Error 1
make[2]: *** [Makefile:111: cmTryCompileExec/fast] Error 2
make[2]: Leaving directory '/data/marg/abhishek/CoMeT/benchmarks/parsec/parsec-2.1/pkgs/tools/cmake/obj/amd64-linux.gcc-sniper/CMakeFiles/CMakeTmp'

File /data/marg/abhishek/CoMeT/benchmarks/parsec/parsec-2.1/pkgs/tools/cmake/obj/amd64-linux.gcc-sniper/CMakeFiles/CMakeTmp/CheckSymbolExists.c:
/* */
#include <ctype.h>
#include <fnmatch.h>
#include <inttypes.h>
#include <libgen.h>
#include <memory.h>
#include <stdint.h>
#include <stdlib.h>
#include <stdio.h>
#include <string.h>
#include <strings.h>
#include <sys/param.h>
#include <sys/types.h>
#include <sys/stat.h>
#include <unistd.h>
#include <glob.h>
#include <dirent.h>
#include <sys/sysmacros.h>

void cmakeRequireSymbol(int dummy,...){(void)dummy;}
int main()
{
#ifndef strlcpy
  cmakeRequireSymbol(0,&strlcpy);
#endif
  return 0;
}

Determining if the strmode exist failed with the following output:
Change Dir: /data/marg/abhishek/CoMeT/benchmarks/parsec/parsec-2.1/pkgs/tools/cmake/obj/amd64-linux.gcc-sniper/CMakeFiles/CMakeTmp

Run Build Command:/usr/bin/make "cmTryCompileExec/fast"
make[2]: Entering directory '/data/marg/abhishek/CoMeT/benchmarks/parsec/parsec-2.1/pkgs/tools/cmake/obj/amd64-linux.gcc-sniper/CMakeFiles/CMakeTmp'
/usr/bin/make -f CMakeFiles/cmTryCompileExec.dir/build.make CMakeFiles/cmTryCompileExec.dir/build
make[3]: Entering directory '/data/marg/abhishek/CoMeT/benchmarks/parsec/parsec-2.1/pkgs/tools/cmake/obj/amd64-linux.gcc-sniper/CMakeFiles/CMakeTmp'
/data/marg/abhishek/CoMeT/benchmarks/parsec/parsec-2.1/pkgs/tools/cmake/obj/amd64-linux.gcc-sniper/Bootstrap.cmk/cmake -E cmake_progress_report /data/marg/abhishek/CoMeT/benchmarks/parsec/parsec-2.1/pkgs/tools/cmake/obj/amd64-linux.gcc-sniper/CMakeFiles/CMakeTmp/CMakeFiles 1
Building C object CMakeFiles/cmTryCompileExec.dir/CheckSymbolExists.c.o
/usr/bin/gcc   -O3 -funroll-loops -fprefetch-loop-arrays -static-libgcc -Wl,--hash-style=both,--as-needed -DPARSEC_VERSION=2.1 -DENABLE_PARSEC_HOOKS -I/data/marg/abhishek/CoMeT/benchmarks/parsec/parsec-2.1/pkgs/libs/hooks/inst/amd64-linux.gcc-sniper/include -I/data/marg/abhishek/CoMeT/benchmarks/tools/hooks -I/data/marg/abhishek/CoMeT/include -DENABLE_PARMACS      -o CMakeFiles/cmTryCompileExec.dir/CheckSymbolExists.c.o   -c /data/marg/abhishek/CoMeT/benchmarks/parsec/parsec-2.1/pkgs/tools/cmake/obj/amd64-linux.gcc-sniper/CMakeFiles/CMakeTmp/CheckSymbolExists.c
/data/marg/abhishek/CoMeT/benchmarks/parsec/parsec-2.1/pkgs/tools/cmake/obj/amd64-linux.gcc-sniper/CMakeFiles/CMakeTmp/CheckSymbolExists.c: In function ‘main’:
/data/marg/abhishek/CoMeT/benchmarks/parsec/parsec-2.1/pkgs/tools/cmake/obj/amd64-linux.gcc-sniper/CMakeFiles/CMakeTmp/CheckSymbolExists.c:24:25: error: ‘strmode’ undeclared (first use in this function); did you mean ‘strtod’?
   24 |   cmakeRequireSymbol(0,&strmode);
      |                         ^~~~~~~
      |                         strtod
/data/marg/abhishek/CoMeT/benchmarks/parsec/parsec-2.1/pkgs/tools/cmake/obj/amd64-linux.gcc-sniper/CMakeFiles/CMakeTmp/CheckSymbolExists.c:24:25: note: each undeclared identifier is reported only once for each function it appears in
make[3]: Leaving directory '/data/marg/abhishek/CoMeT/benchmarks/parsec/parsec-2.1/pkgs/tools/cmake/obj/amd64-linux.gcc-sniper/CMakeFiles/CMakeTmp'
make[3]: *** [CMakeFiles/cmTryCompileExec.dir/build.make:56: CMakeFiles/cmTryCompileExec.dir/CheckSymbolExists.c.o] Error 1
make[2]: *** [Makefile:111: cmTryCompileExec/fast] Error 2
make[2]: Leaving directory '/data/marg/abhishek/CoMeT/benchmarks/parsec/parsec-2.1/pkgs/tools/cmake/obj/amd64-linux.gcc-sniper/CMakeFiles/CMakeTmp'

File /data/marg/abhishek/CoMeT/benchmarks/parsec/parsec-2.1/pkgs/tools/cmake/obj/amd64-linux.gcc-sniper/CMakeFiles/CMakeTmp/CheckSymbolExists.c:
/* */
#include <ctype.h>
#include <fnmatch.h>
#include <inttypes.h>
#include <libgen.h>
#include <memory.h>
#include <stdint.h>
#include <stdlib.h>
#include <stdio.h>
#include <string.h>
#include <strings.h>
#include <sys/param.h>
#include <sys/types.h>
#include <sys/stat.h>
#include <unistd.h>
#include <glob.h>
#include <dirent.h>
#include <sys/sysmacros.h>

void cmakeRequireSymbol(int dummy,...){(void)dummy;}
int main()
{
#ifndef strmode
  cmakeRequireSymbol(0,&strmode);
#endif
  return 0;
}

Determining size of major_t failed with the following output:
Change Dir: /data/marg/abhishek/CoMeT/benchmarks/parsec/parsec-2.1/pkgs/tools/cmake/obj/amd64-linux.gcc-sniper/CMakeFiles/CMakeTmp

Run Build Command:/usr/bin/make "cmTryCompileExec/fast"
make[2]: Entering directory '/data/marg/abhishek/CoMeT/benchmarks/parsec/parsec-2.1/pkgs/tools/cmake/obj/amd64-linux.gcc-sniper/CMakeFiles/CMakeTmp'
/usr/bin/make -f CMakeFiles/cmTryCompileExec.dir/build.make CMakeFiles/cmTryCompileExec.dir/build
make[3]: Entering directory '/data/marg/abhishek/CoMeT/benchmarks/parsec/parsec-2.1/pkgs/tools/cmake/obj/amd64-linux.gcc-sniper/CMakeFiles/CMakeTmp'
/data/marg/abhishek/CoMeT/benchmarks/parsec/parsec-2.1/pkgs/tools/cmake/obj/amd64-linux.gcc-sniper/Bootstrap.cmk/cmake -E cmake_progress_report /data/marg/abhishek/CoMeT/benchmarks/parsec/parsec-2.1/pkgs/tools/cmake/obj/amd64-linux.gcc-sniper/CMakeFiles/CMakeTmp/CMakeFiles 1
Building C object CMakeFiles/cmTryCompileExec.dir/CheckTypeSizeC.c.o
/usr/bin/gcc   -O3 -funroll-loops -fprefetch-loop-arrays -static-libgcc -Wl,--hash-style=both,--as-needed -DPARSEC_VERSION=2.1 -DENABLE_PARSEC_HOOKS -I/data/marg/abhishek/CoMeT/benchmarks/parsec/parsec-2.1/pkgs/libs/hooks/inst/amd64-linux.gcc-sniper/include -I/data/marg/abhishek/CoMeT/benchmarks/tools/hooks -I/data/marg/abhishek/CoMeT/include -DENABLE_PARMACS    -DHAVE_SYS_TYPES_H -DHAVE_STDINT_H -DHAVE_STDDEF_H   -o CMakeFiles/cmTryCompileExec.dir/CheckTypeSizeC.c.o   -c /data/marg/abhishek/CoMeT/benchmarks/parsec/parsec-2.1/pkgs/tools/cmake/obj/amd64-linux.gcc-sniper/CMakeFiles/CMakeTmp/CheckTypeSizeC.c
/data/marg/abhishek/CoMeT/benchmarks/parsec/parsec-2.1/pkgs/tools/cmake/obj/amd64-linux.gcc-sniper/CMakeFiles/CMakeTmp/CheckTypeSizeC.c:23:22: error: ‘major_t’ undeclared here (not in a function)
   23 | #define SIZE (sizeof(major_t))
      |                      ^~~~~~~
/data/marg/abhishek/CoMeT/benchmarks/parsec/parsec-2.1/pkgs/tools/cmake/obj/amd64-linux.gcc-sniper/CMakeFiles/CMakeTmp/CheckTypeSizeC.c:25:12: note: in expansion of macro ‘SIZE’
   25 |   ('0' + ((SIZE / 10000)%10)),
      |            ^~~~
make[3]: Leaving directory '/data/marg/abhishek/CoMeT/benchmarks/parsec/parsec-2.1/pkgs/tools/cmake/obj/amd64-linux.gcc-sniper/CMakeFiles/CMakeTmp'
make[3]: *** [CMakeFiles/cmTryCompileExec.dir/build.make:56: CMakeFiles/cmTryCompileExec.dir/CheckTypeSizeC.c.o] Error 1
make[2]: *** [Makefile:111: cmTryCompileExec/fast] Error 2
make[2]: Leaving directory '/data/marg/abhishek/CoMeT/benchmarks/parsec/parsec-2.1/pkgs/tools/cmake/obj/amd64-linux.gcc-sniper/CMakeFiles/CMakeTmp'

CheckTypeSizeC.c:
#define CHECK_TYPE_SIZE_TYPE major_t
#ifdef CHECK_TYPE_SIZE_TYPE


#ifdef HAVE_SYS_TYPES_H
#  include <sys/types.h>
#endif /* HAVE_SYS_TYPES_H */

#ifdef HAVE_STDINT_H
#  include <stdint.h>
#endif /* HAVE_STDINT_H */

#ifdef HAVE_STDDEF_H
#  include <stddef.h>
#endif /* HAVE_STDDEF_H */



#ifdef __CLASSIC_C__
# define const
#endif

#define SIZE (sizeof(major_t))
const char info_sizeof[] =  {'I', 'N', 'F', 'O', ':', 's','i','z','e','o','f','[',
  ('0' + ((SIZE / 10000)%10)),
  ('0' + ((SIZE / 1000)%10)),
  ('0' + ((SIZE / 100)%10)),
  ('0' + ((SIZE / 10)%10)),
  ('0' +  (SIZE    % 10)), 
  ']','\0'};


#ifdef __CLASSIC_C__
int main(){
  int ac;
  char*av[];
#else
int main(int ac, char*av[]){
#endif
  return (&info_sizeof[0] != &info_sizeof[0]);
}

#else  /* CHECK_TYPE_SIZE_TYPE */

#  error "CHECK_TYPE_SIZE_TYPE has to specify the type"

#endif /* CHECK_TYPE_SIZE_TYPE */


Determining size of minor_t failed with the following output:
Change Dir: /data/marg/abhishek/CoMeT/benchmarks/parsec/parsec-2.1/pkgs/tools/cmake/obj/amd64-linux.gcc-sniper/CMakeFiles/CMakeTmp

Run Build Command:/usr/bin/make "cmTryCompileExec/fast"
make[2]: Entering directory '/data/marg/abhishek/CoMeT/benchmarks/parsec/parsec-2.1/pkgs/tools/cmake/obj/amd64-linux.gcc-sniper/CMakeFiles/CMakeTmp'
/usr/bin/make -f CMakeFiles/cmTryCompileExec.dir/build.make CMakeFiles/cmTryCompileExec.dir/build
make[3]: Entering directory '/data/marg/abhishek/CoMeT/benchmarks/parsec/parsec-2.1/pkgs/tools/cmake/obj/amd64-linux.gcc-sniper/CMakeFiles/CMakeTmp'
/data/marg/abhishek/CoMeT/benchmarks/parsec/parsec-2.1/pkgs/tools/cmake/obj/amd64-linux.gcc-sniper/Bootstrap.cmk/cmake -E cmake_progress_report /data/marg/abhishek/CoMeT/benchmarks/parsec/parsec-2.1/pkgs/tools/cmake/obj/amd64-linux.gcc-sniper/CMakeFiles/CMakeTmp/CMakeFiles 1
Building C object CMakeFiles/cmTryCompileExec.dir/CheckTypeSizeC.c.o
/usr/bin/gcc   -O3 -funroll-loops -fprefetch-loop-arrays -static-libgcc -Wl,--hash-style=both,--as-needed -DPARSEC_VERSION=2.1 -DENABLE_PARSEC_HOOKS -I/data/marg/abhishek/CoMeT/benchmarks/parsec/parsec-2.1/pkgs/libs/hooks/inst/amd64-linux.gcc-sniper/include -I/data/marg/abhishek/CoMeT/benchmarks/tools/hooks -I/data/marg/abhishek/CoMeT/include -DENABLE_PARMACS    -DHAVE_SYS_TYPES_H -DHAVE_STDINT_H -DHAVE_STDDEF_H   -o CMakeFiles/cmTryCompileExec.dir/CheckTypeSizeC.c.o   -c /data/marg/abhishek/CoMeT/benchmarks/parsec/parsec-2.1/pkgs/tools/cmake/obj/amd64-linux.gcc-sniper/CMakeFiles/CMakeTmp/CheckTypeSizeC.c
/data/marg/abhishek/CoMeT/benchmarks/parsec/parsec-2.1/pkgs/tools/cmake/obj/amd64-linux.gcc-sniper/CMakeFiles/CMakeTmp/CheckTypeSizeC.c:23:22: error: ‘minor_t’ undeclared here (not in a function); did you mean ‘ino_t’?
   23 | #define SIZE (sizeof(minor_t))
      |                      ^~~~~~~
/data/marg/abhishek/CoMeT/benchmarks/parsec/parsec-2.1/pkgs/tools/cmake/obj/amd64-linux.gcc-sniper/CMakeFiles/CMakeTmp/CheckTypeSizeC.c:25:12: note: in expansion of macro ‘SIZE’
   25 |   ('0' + ((SIZE / 10000)%10)),
      |            ^~~~
make[3]: Leaving directory '/data/marg/abhishek/CoMeT/benchmarks/parsec/parsec-2.1/pkgs/tools/cmake/obj/amd64-linux.gcc-sniper/CMakeFiles/CMakeTmp'
make[3]: *** [CMakeFiles/cmTryCompileExec.dir/build.make:56: CMakeFiles/cmTryCompileExec.dir/CheckTypeSizeC.c.o] Error 1
make[2]: *** [Makefile:111: cmTryCompileExec/fast] Error 2
make[2]: Leaving directory '/data/marg/abhishek/CoMeT/benchmarks/parsec/parsec-2.1/pkgs/tools/cmake/obj/amd64-linux.gcc-sniper/CMakeFiles/CMakeTmp'

CheckTypeSizeC.c:
#define CHECK_TYPE_SIZE_TYPE minor_t
#ifdef CHECK_TYPE_SIZE_TYPE


#ifdef HAVE_SYS_TYPES_H
#  include <sys/types.h>
#endif /* HAVE_SYS_TYPES_H */

#ifdef HAVE_STDINT_H
#  include <stdint.h>
#endif /* HAVE_STDINT_H */

#ifdef HAVE_STDDEF_H
#  include <stddef.h>
#endif /* HAVE_STDDEF_H */



#ifdef __CLASSIC_C__
# define const
#endif

#define SIZE (sizeof(minor_t))
const char info_sizeof[] =  {'I', 'N', 'F', 'O', ':', 's','i','z','e','o','f','[',
  ('0' + ((SIZE / 10000)%10)),
  ('0' + ((SIZE / 1000)%10)),
  ('0' + ((SIZE / 100)%10)),
  ('0' + ((SIZE / 10)%10)),
  ('0' +  (SIZE    % 10)), 
  ']','\0'};


#ifdef __CLASSIC_C__
int main(){
  int ac;
  char*av[];
#else
int main(int ac, char*av[]){
#endif
  return (&info_sizeof[0] != &info_sizeof[0]);
}

#else  /* CHECK_TYPE_SIZE_TYPE */

#  error "CHECK_TYPE_SIZE_TYPE has to specify the type"

#endif /* CHECK_TYPE_SIZE_TYPE */


Determining if the system is big endian passed with the following output:
Change Dir: /data/marg/abhishek/CoMeT/benchmarks/parsec/parsec-2.1/pkgs/tools/cmake/obj/amd64-linux.gcc-sniper/CMakeFiles/CMakeTmp

Run Build Command:/usr/bin/make "cmTryCompileExec/fast"
make[2]: Entering directory '/data/marg/abhishek/CoMeT/benchmarks/parsec/parsec-2.1/pkgs/tools/cmake/obj/amd64-linux.gcc-sniper/CMakeFiles/CMakeTmp'
/usr/bin/make -f CMakeFiles/cmTryCompileExec.dir/build.make CMakeFiles/cmTryCompileExec.dir/build
make[3]: Entering directory '/data/marg/abhishek/CoMeT/benchmarks/parsec/parsec-2.1/pkgs/tools/cmake/obj/amd64-linux.gcc-sniper/CMakeFiles/CMakeTmp'
/data/marg/abhishek/CoMeT/benchmarks/parsec/parsec-2.1/pkgs/tools/cmake/obj/amd64-linux.gcc-sniper/Bootstrap.cmk/cmake -E cmake_progress_report /data/marg/abhishek/CoMeT/benchmarks/parsec/parsec-2.1/pkgs/tools/cmake/obj/amd64-linux.gcc-sniper/CMakeFiles/CMakeTmp/CMakeFiles 1
Building C object CMakeFiles/cmTryCompileExec.dir/TestEndianess.c.o
/usr/bin/gcc   -O3 -funroll-loops -fprefetch-loop-arrays -static-libgcc -Wl,--hash-style=both,--as-needed -DPARSEC_VERSION=2.1 -DENABLE_PARSEC_HOOKS -I/data/marg/abhishek/CoMeT/benchmarks/parsec/parsec-2.1/pkgs/libs/hooks/inst/amd64-linux.gcc-sniper/include -I/data/marg/abhishek/CoMeT/benchmarks/tools/hooks -I/data/marg/abhishek/CoMeT/include -DENABLE_PARMACS      -o CMakeFiles/cmTryCompileExec.dir/TestEndianess.c.o   -c /data/marg/abhishek/CoMeT/benchmarks/parsec/parsec-2.1/pkgs/tools/cmake/obj/amd64-linux.gcc-sniper/CMakeFiles/CMakeTmp/TestEndianess.c
Linking C executable cmTryCompileExec
/data/marg/abhishek/CoMeT/benchmarks/parsec/parsec-2.1/pkgs/tools/cmake/obj/amd64-linux.gcc-sniper/Bootstrap.cmk/cmake -E cmake_link_script CMakeFiles/cmTryCompileExec.dir/link.txt --verbose=1
/usr/bin/gcc   -O3 -funroll-loops -fprefetch-loop-arrays -static-libgcc -Wl,--hash-style=both,--as-needed -DPARSEC_VERSION=2.1 -DENABLE_PARSEC_HOOKS -I/data/marg/abhishek/CoMeT/benchmarks/parsec/parsec-2.1/pkgs/libs/hooks/inst/amd64-linux.gcc-sniper/include -I/data/marg/abhishek/CoMeT/benchmarks/tools/hooks -I/data/marg/abhishek/CoMeT/include -DENABLE_PARMACS     -fPIC -L/usr/lib64 -L/usr/lib -L/data/marg/abhishek/CoMeT/benchmarks/parsec/parsec-2.1/pkgs/libs/hooks/inst/amd64-linux.gcc-sniper/lib CMakeFiles/cmTryCompileExec.dir/TestEndianess.c.o  -o cmTryCompileExec -rdynamic 
make[3]: Leaving directory '/data/marg/abhishek/CoMeT/benchmarks/parsec/parsec-2.1/pkgs/tools/cmake/obj/amd64-linux.gcc-sniper/CMakeFiles/CMakeTmp'
make[2]: Leaving directory '/data/marg/abhishek/CoMeT/benchmarks/parsec/parsec-2.1/pkgs/tools/cmake/obj/amd64-linux.gcc-sniper/CMakeFiles/CMakeTmp'

TestEndianess.c:
/* A 16 bit integer is required. */
typedef unsigned short cmakeint16;

/* On a little endian machine, these 16bit ints will give "THIS IS LITTLE ENDIAN."
   On a big endian machine the characters will be exchanged pairwise. */
const cmakeint16 info_little[] =  {0x4854, 0x5349, 0x4920, 0x2053, 0x494c, 0x5454, 0x454c, 0x4520, 0x444e, 0x4149, 0x2e4e, 0x0000};

/* on a big endian machine, these 16bit ints will give "THIS IS BIG ENDIAN."
   On a little endian machine the characters will be exchanged pairwise. */
const cmakeint16 info_big[] =     {0x5448, 0x4953, 0x2049, 0x5320, 0x4249, 0x4720, 0x454e, 0x4449, 0x414e, 0x2e2e, 0x0000};

#ifdef __CLASSIC_C__
int main(){
  int ac;
  char*av[];
#else
int main(int ac, char*av[]){
#endif
   return (&info_little[0] != &info_big[0]);
}


Determining if the asprintf exist failed with the following output:
Change Dir: /data/marg/abhishek/CoMeT/benchmarks/parsec/parsec-2.1/pkgs/tools/cmake/obj/amd64-linux.gcc-sniper/CMakeFiles/CMakeTmp

Run Build Command:/usr/bin/make "cmTryCompileExec/fast"
make[2]: Entering directory '/data/marg/abhishek/CoMeT/benchmarks/parsec/parsec-2.1/pkgs/tools/cmake/obj/amd64-linux.gcc-sniper/CMakeFiles/CMakeTmp'
/usr/bin/make -f CMakeFiles/cmTryCompileExec.dir/build.make CMakeFiles/cmTryCompileExec.dir/build
make[3]: Entering directory '/data/marg/abhishek/CoMeT/benchmarks/parsec/parsec-2.1/pkgs/tools/cmake/obj/amd64-linux.gcc-sniper/CMakeFiles/CMakeTmp'
/data/marg/abhishek/CoMeT/benchmarks/parsec/parsec-2.1/pkgs/tools/cmake/obj/amd64-linux.gcc-sniper/Bootstrap.cmk/cmake -E cmake_progress_report /data/marg/abhishek/CoMeT/benchmarks/parsec/parsec-2.1/pkgs/tools/cmake/obj/amd64-linux.gcc-sniper/CMakeFiles/CMakeTmp/CMakeFiles 1
Building C object CMakeFiles/cmTryCompileExec.dir/CheckSymbolExists.c.o
/usr/bin/gcc   -O3 -funroll-loops -fprefetch-loop-arrays -static-libgcc -Wl,--hash-style=both,--as-needed -DPARSEC_VERSION=2.1 -DENABLE_PARSEC_HOOKS -I/data/marg/abhishek/CoMeT/benchmarks/parsec/parsec-2.1/pkgs/libs/hooks/inst/amd64-linux.gcc-sniper/include -I/data/marg/abhishek/CoMeT/benchmarks/tools/hooks -I/data/marg/abhishek/CoMeT/include -DENABLE_PARMACS      -o CMakeFiles/cmTryCompileExec.dir/CheckSymbolExists.c.o   -c /data/marg/abhishek/CoMeT/benchmarks/parsec/parsec-2.1/pkgs/tools/cmake/obj/amd64-linux.gcc-sniper/CMakeFiles/CMakeTmp/CheckSymbolExists.c
/data/marg/abhishek/CoMeT/benchmarks/parsec/parsec-2.1/pkgs/tools/cmake/obj/amd64-linux.gcc-sniper/CMakeFiles/CMakeTmp/CheckSymbolExists.c: In function ‘main’:
/data/marg/abhishek/CoMeT/benchmarks/parsec/parsec-2.1/pkgs/tools/cmake/obj/amd64-linux.gcc-sniper/CMakeFiles/CMakeTmp/CheckSymbolExists.c:11:25: error: ‘asprintf’ undeclared (first use in this function); did you mean ‘vsprintf’?
   11 |   cmakeRequireSymbol(0,&asprintf);
      |                         ^~~~~~~~
      |                         vsprintf
/data/marg/abhishek/CoMeT/benchmarks/parsec/parsec-2.1/pkgs/tools/cmake/obj/amd64-linux.gcc-sniper/CMakeFiles/CMakeTmp/CheckSymbolExists.c:11:25: note: each undeclared identifier is reported only once for each function it appears in
make[3]: Leaving directory '/data/marg/abhishek/CoMeT/benchmarks/parsec/parsec-2.1/pkgs/tools/cmake/obj/amd64-linux.gcc-sniper/CMakeFiles/CMakeTmp'
make[3]: *** [CMakeFiles/cmTryCompileExec.dir/build.make:56: CMakeFiles/cmTryCompileExec.dir/CheckSymbolExists.c.o] Error 1
make[2]: *** [Makefile:111: cmTryCompileExec/fast] Error 2
make[2]: Leaving directory '/data/marg/abhishek/CoMeT/benchmarks/parsec/parsec-2.1/pkgs/tools/cmake/obj/amd64-linux.gcc-sniper/CMakeFiles/CMakeTmp'

File /data/marg/abhishek/CoMeT/benchmarks/parsec/parsec-2.1/pkgs/tools/cmake/obj/amd64-linux.gcc-sniper/CMakeFiles/CMakeTmp/CheckSymbolExists.c:
/* */
#include <stdio.h>
#include <stdarg.h>
#include <sys/ioctl.h>
#include <wchar.h>

void cmakeRequireSymbol(int dummy,...){(void)dummy;}
int main()
{
#ifndef asprintf
  cmakeRequireSymbol(0,&asprintf);
#endif
  return 0;
}

Determining if the setgroups exist failed with the following output:
Change Dir: /data/marg/abhishek/CoMeT/benchmarks/parsec/parsec-2.1/pkgs/tools/cmake/obj/amd64-linux.gcc-sniper/CMakeFiles/CMakeTmp

Run Build Command:/usr/bin/make "cmTryCompileExec/fast"
make[2]: Entering directory '/data/marg/abhishek/CoMeT/benchmarks/parsec/parsec-2.1/pkgs/tools/cmake/obj/amd64-linux.gcc-sniper/CMakeFiles/CMakeTmp'
/usr/bin/make -f CMakeFiles/cmTryCompileExec.dir/build.make CMakeFiles/cmTryCompileExec.dir/build
make[3]: Entering directory '/data/marg/abhishek/CoMeT/benchmarks/parsec/parsec-2.1/pkgs/tools/cmake/obj/amd64-linux.gcc-sniper/CMakeFiles/CMakeTmp'
/data/marg/abhishek/CoMeT/benchmarks/parsec/parsec-2.1/pkgs/tools/cmake/obj/amd64-linux.gcc-sniper/Bootstrap.cmk/cmake -E cmake_progress_report /data/marg/abhishek/CoMeT/benchmarks/parsec/parsec-2.1/pkgs/tools/cmake/obj/amd64-linux.gcc-sniper/CMakeFiles/CMakeTmp/CMakeFiles 1
Building C object CMakeFiles/cmTryCompileExec.dir/CheckSymbolExists.c.o
/usr/bin/gcc   -O3 -funroll-loops -fprefetch-loop-arrays -static-libgcc -Wl,--hash-style=both,--as-needed -DPARSEC_VERSION=2.1 -DENABLE_PARSEC_HOOKS -I/data/marg/abhishek/CoMeT/benchmarks/parsec/parsec-2.1/pkgs/libs/hooks/inst/amd64-linux.gcc-sniper/include -I/data/marg/abhishek/CoMeT/benchmarks/tools/hooks -I/data/marg/abhishek/CoMeT/include -DENABLE_PARMACS      -o CMakeFiles/cmTryCompileExec.dir/CheckSymbolExists.c.o   -c /data/marg/abhishek/CoMeT/benchmarks/parsec/parsec-2.1/pkgs/tools/cmake/obj/amd64-linux.gcc-sniper/CMakeFiles/CMakeTmp/CheckSymbolExists.c
/data/marg/abhishek/CoMeT/benchmarks/parsec/parsec-2.1/pkgs/tools/cmake/obj/amd64-linux.gcc-sniper/CMakeFiles/CMakeTmp/CheckSymbolExists.c: In function ‘main’:
/data/marg/abhishek/CoMeT/benchmarks/parsec/parsec-2.1/pkgs/tools/cmake/obj/amd64-linux.gcc-sniper/CMakeFiles/CMakeTmp/CheckSymbolExists.c:11:25: error: ‘setgroups’ undeclared (first use in this function)
   11 |   cmakeRequireSymbol(0,&setgroups);
      |                         ^~~~~~~~~
/data/marg/abhishek/CoMeT/benchmarks/parsec/parsec-2.1/pkgs/tools/cmake/obj/amd64-linux.gcc-sniper/CMakeFiles/CMakeTmp/CheckSymbolExists.c:11:25: note: each undeclared identifier is reported only once for each function it appears in
make[3]: Leaving directory '/data/marg/abhishek/CoMeT/benchmarks/parsec/parsec-2.1/pkgs/tools/cmake/obj/amd64-linux.gcc-sniper/CMakeFiles/CMakeTmp'
make[3]: *** [CMakeFiles/cmTryCompileExec.dir/build.make:56: CMakeFiles/cmTryCompileExec.dir/CheckSymbolExists.c.o] Error 1
make[2]: *** [Makefile:111: cmTryCompileExec/fast] Error 2
make[2]: Leaving directory '/data/marg/abhishek/CoMeT/benchmarks/parsec/parsec-2.1/pkgs/tools/cmake/obj/amd64-linux.gcc-sniper/CMakeFiles/CMakeTmp'

File /data/marg/abhishek/CoMeT/benchmarks/parsec/parsec-2.1/pkgs/tools/cmake/obj/amd64-linux.gcc-sniper/CMakeFiles/CMakeTmp/CheckSymbolExists.c:
/* */
#include <stdio.h>
#include <stdarg.h>
#include <sys/ioctl.h>
#include <wchar.h>

void cmakeRequireSymbol(int dummy,...){(void)dummy;}
int main()
{
#ifndef setgroups
  cmakeRequireSymbol(0,&setgroups);
#endif
  return 0;
}

Performing C SOURCE FILE Test VA_LIST_ISNOT_ARRAY_DEFINE failed with the following output:
Change Dir: /data/marg/abhishek/CoMeT/benchmarks/parsec/parsec-2.1/pkgs/tools/cmake/obj/amd64-linux.gcc-sniper/CMakeFiles/CMakeTmp

Run Build Command:/usr/bin/make "cmTryCompileExec/fast"
make[2]: Entering directory '/data/marg/abhishek/CoMeT/benchmarks/parsec/parsec-2.1/pkgs/tools/cmake/obj/amd64-linux.gcc-sniper/CMakeFiles/CMakeTmp'
/usr/bin/make -f CMakeFiles/cmTryCompileExec.dir/build.make CMakeFiles/cmTryCompileExec.dir/build
make[3]: Entering directory '/data/marg/abhishek/CoMeT/benchmarks/parsec/parsec-2.1/pkgs/tools/cmake/obj/amd64-linux.gcc-sniper/CMakeFiles/CMakeTmp'
/data/marg/abhishek/CoMeT/benchmarks/parsec/parsec-2.1/pkgs/tools/cmake/obj/amd64-linux.gcc-sniper/Bootstrap.cmk/cmake -E cmake_progress_report /data/marg/abhishek/CoMeT/benchmarks/parsec/parsec-2.1/pkgs/tools/cmake/obj/amd64-linux.gcc-sniper/CMakeFiles/CMakeTmp/CMakeFiles 1
Building C object CMakeFiles/cmTryCompileExec.dir/src.c.o
/usr/bin/gcc   -O3 -funroll-loops -fprefetch-loop-arrays -static-libgcc -Wl,--hash-style=both,--as-needed -DPARSEC_VERSION=2.1 -DENABLE_PARSEC_HOOKS -I/data/marg/abhishek/CoMeT/benchmarks/parsec/parsec-2.1/pkgs/libs/hooks/inst/amd64-linux.gcc-sniper/include -I/data/marg/abhishek/CoMeT/benchmarks/tools/hooks -I/data/marg/abhishek/CoMeT/include -DENABLE_PARMACS      -o CMakeFiles/cmTryCompileExec.dir/src.c.o   -c /data/marg/abhishek/CoMeT/benchmarks/parsec/parsec-2.1/pkgs/tools/cmake/obj/amd64-linux.gcc-sniper/CMakeFiles/CMakeTmp/src.c
/data/marg/abhishek/CoMeT/benchmarks/parsec/parsec-2.1/pkgs/tools/cmake/obj/amd64-linux.gcc-sniper/CMakeFiles/CMakeTmp/src.c: In function ‘main’:
/data/marg/abhishek/CoMeT/benchmarks/parsec/parsec-2.1/pkgs/tools/cmake/obj/amd64-linux.gcc-sniper/CMakeFiles/CMakeTmp/src.c:6:42: error: assignment to expression with array type
    6 | int main() { va_list list1, list2; list1 = list2 ; return 0; }
      |                                          ^
make[3]: Leaving directory '/data/marg/abhishek/CoMeT/benchmarks/parsec/parsec-2.1/pkgs/tools/cmake/obj/amd64-linux.gcc-sniper/CMakeFiles/CMakeTmp'
make[3]: *** [CMakeFiles/cmTryCompileExec.dir/build.make:56: CMakeFiles/cmTryCompileExec.dir/src.c.o] Error 1
make[2]: *** [Makefile:111: cmTryCompileExec/fast] Error 2
make[2]: Leaving directory '/data/marg/abhishek/CoMeT/benchmarks/parsec/parsec-2.1/pkgs/tools/cmake/obj/amd64-linux.gcc-sniper/CMakeFiles/CMakeTmp'

Source file was:
#include <stdio.h>
#include <stdarg.h>
#include <sys/ioctl.h>
#include <wchar.h>

int main() { va_list list1, list2; list1 = list2 ; return 0; }
